SystemName,2.1.1,2.1.2,2.1.3,2.2.1,2.2.2,2.2.3,2.3.1,2.3.2,2.3.3,2.4.1,2.4.2,2.4.3,2.5.1,2.5.2,2.5.3,2.6.1,2.6.2,2.6.3,2.7.1,2.7.2,2.7.3,2.8.1,2.8.2,2.8.3,Result,Compliance Status
System-0,9,84,60,80,72,53,97,37,55,82,61,86,57,70,4,22,28,7,23,10,27,63,36,37,49,0
System-1,76,53,77,53,0,32,1,92,87,83,30,5,87,94,8,48,6,76,76,12,47,54,26,87,51,0
System-2,42,95,99,55,71,15,29,96,57,54,74,5,58,50,85,15,96,8,18,59,67,23,11,89,53,0
System-3,30,89,79,86,89,21,24,10,78,88,40,62,15,92,86,97,81,88,2,73,33,93,80,86,64,0
System-4,46,44,21,47,90,79,16,8,51,63,33,81,75,67,22,19,2,24,47,84,7,41,62,19,44,0
System-5,43,2,33,67,40,16,46,12,62,2,39,56,2,64,13,46,5,37,21,32,76,37,75,83,38,0
System-6,86,87,97,94,88,89,95,87,89,82,80,89,96,99,91,92,98,99,96,83,95,96,98,85,92,1
System-7,20,21,66,15,17,7,0,45,59,29,23,70,70,45,68,92,78,62,66,93,42,54,64,90,50,0
System-8,23,15,55,55,9,99,91,46,11,83,49,71,50,27,83,98,24,55,38,92,50,87,86,27,56,0
System-9,90,98,97,96,85,80,97,97,87,97,92,83,94,92,98,87,91,84,97,95,93,99,97,99,93,1
System-10,53,45,67,67,58,82,94,10,23,2,88,56,91,22,6,82,90,30,40,13,94,30,49,9,51,0
System-11,78,86,52,45,96,6,47,40,68,49,90,7,8,60,6,27,63,54,32,99,53,45,60,9,50,0
System-12,34,37,72,77,56,8,5,15,61,67,27,66,48,44,27,75,11,42,28,67,48,66,4,39,43,0
System-13,6,44,30,27,5,50,31,45,5,83,7,86,85,61,50,46,55,79,89,44,80,65,32,47,48,0
System-14,77,80,16,43,41,67,23,44,28,74,44,53,30,80,46,83,36,94,98,46,28,38,52,96,55,0
System-15,98,55,39,47,63,98,25,1,78,34,73,62,77,73,33,4,54,81,17,77,46,69,63,81,57,0
System-16,76,57,52,39,64,24,11,73,49,38,56,26,26,44,99,28,91,49,12,85,45,89,44,8,50,0
System-17,2,4,64,57,65,76,41,63,49,62,28,95,48,80,68,29,7,5,43,48,20,60,31,71,47,0
System-18,51,32,61,16,99,73,29,33,82,53,70,29,81,36,67,97,58,79,72,68,2,47,96,78,59,0
System-19,69,13,61,58,24,66,53,63,5,41,71,10,77,0,55,92,40,93,87,47,19,96,32,64,52,0
System-20,29,61,21,13,15,74,60,41,54,47,53,66,21,24,75,87,8,44,70,7,56,6,54,50,44,0
System-21,10,3,59,70,4,74,40,23,21,86,5,50,28,81,73,31,59,67,32,30,14,66,22,30,41,0
System-22,37,41,56,22,14,26,93,57,41,15,32,37,83,49,65,68,25,82,96,64,49,16,79,16,49,0
System-23,47,4,7,92,89,56,3,92,31,96,58,75,71,39,7,16,24,83,38,89,33,75,13,98,52,0
System-24,30,94,33,62,80,32,33,81,85,97,13,32,94,20,31,96,96,29,69,49,57,24,37,81,57,0
System-25,48,47,43,69,31,30,81,11,84,64,67,16,98,24,17,16,55,95,23,40,18,64,43,2,46,0
System-26,76,54,11,11,77,82,36,82,4,71,54,98,10,83,75,29,99,44,34,81,43,99,77,23,57,0
System-27,78,45,12,85,44,0,95,20,68,13,64,15,93,27,65,25,37,90,16,39,30,69,23,65,47,0
System-28,56,36,68,76,95,77,1,6,26,3,6,78,50,62,50,41,70,8,53,61,27,30,51,20,44,0
System-29,90,17,80,98,95,6,46,28,84,32,55,0,20,56,30,62,46,59,49,77,19,90,76,24,52,0
System-30,3,40,45,74,24,46,80,13,1,83,98,13,82,37,63,64,58,25,81,2,6,90,44,12,46,0
System-31,70,94,56,56,18,98,88,49,30,49,9,23,21,52,0,91,20,13,71,91,84,32,2,58,49,0
System-32,16,7,84,29,31,95,7,17,37,73,54,89,9,59,61,48,3,94,16,88,15,10,20,18,41,0
System-33,43,99,62,83,25,91,91,6,38,39,32,27,45,87,78,62,52,41,41,14,58,75,93,92,58,0
System-34,34,16,89,74,68,28,38,16,57,96,85,64,67,26,40,2,78,76,0,91,64,60,0,25,50,0
System-35,86,99,93,85,86,92,91,87,84,85,81,83,94,89,90,89,98,88,99,88,82,80,96,85,89,1
System-36,41,38,54,47,15,69,63,30,66,66,26,60,13,83,10,71,11,11,10,19,19,26,52,20,39,0
System-37,41,4,26,31,70,67,76,57,56,97,66,33,52,70,9,66,24,34,67,38,83,55,98,5,52,0
System-38,87,98,83,98,81,83,94,81,81,96,84,96,89,93,96,85,94,89,97,99,96,89,84,90,91,1
System-39,55,1,25,62,78,87,82,91,70,64,75,54,60,77,96,29,17,68,18,17,51,37,42,55,55,0
System-40,82,93,94,83,84,91,87,84,82,84,96,94,85,97,99,99,94,86,82,98,84,93,89,95,90,1
System-41,56,36,31,42,0,24,22,73,43,84,13,73,87,46,35,30,55,17,60,84,85,14,53,26,46,0
System-42,48,60,50,13,16,7,64,21,18,36,71,11,23,81,72,48,47,21,16,83,2,4,57,16,37,0
System-43,87,40,18,70,78,57,11,0,65,68,31,36,15,65,25,85,42,36,27,68,75,41,78,48,49,0
System-44,98,93,91,96,80,83,95,98,90,80,92,80,92,96,97,86,95,85,83,94,97,99,86,91,91,1
System-45,61,25,54,23,47,61,36,49,21,70,37,85,27,17,13,57,22,9,26,23,43,38,14,95,40,0
System-46,16,10,6,87,54,2,39,76,8,26,15,65,88,30,24,28,62,13,83,2,66,86,32,47,41,0
System-47,72,23,15,49,34,31,79,99,46,79,33,84,95,5,77,7,47,19,84,81,82,12,76,24,53,0
System-48,55,6,15,29,26,36,0,63,37,18,1,85,77,23,72,65,53,38,52,49,55,61,32,64,43,0
System-49,56,21,76,92,25,96,44,39,72,98,59,51,99,30,30,22,85,2,82,68,27,55,55,92,58,0
System-50,7,77,32,92,8,67,42,34,32,59,2,30,98,61,99,44,14,4,81,19,37,75,85,11,47,0
System-51,15,89,65,8,38,96,61,62,22,24,15,97,90,32,54,20,13,54,80,86,30,70,52,13,50,0
System-52,94,88,99,81,89,97,99,83,85,96,95,91,96,96,87,92,95,99,80,90,86,80,93,99,92,1
System-53,94,89,97,82,83,97,95,91,86,95,92,81,81,95,96,90,98,86,82,96,83,93,83,83,90,1
System-54,29,72,31,53,20,68,79,88,35,96,28,3,98,62,84,57,38,59,86,75,70,31,3,41,55,0
System-55,42,17,59,59,83,69,61,31,81,71,67,53,97,75,46,13,81,91,46,45,68,71,46,23,59,0
System-56,68,31,57,91,30,94,43,98,34,8,0,98,40,12,29,36,54,5,70,82,35,86,86,23,51,0
System-57,51,46,73,42,96,79,28,3,92,74,72,56,6,47,16,5,99,80,62,28,8,50,85,27,52,0
System-58,54,67,83,1,9,10,44,21,28,19,2,9,93,65,83,95,63,70,11,85,12,65,89,56,48,0
System-59,8,45,76,64,17,3,38,19,69,89,63,35,8,63,73,13,19,71,59,48,6,54,30,53,43,0
System-60,41,80,77,69,20,63,52,41,93,61,3,18,49,95,62,78,34,0,23,11,53,9,36,76,48,0
System-61,85,48,99,59,83,27,73,73,24,32,57,89,59,14,57,0,98,4,47,76,3,53,47,79,54,0
System-62,52,12,70,67,53,29,62,79,94,80,94,6,89,45,8,89,28,95,10,27,69,49,87,52,57,0
System-63,94,98,57,14,56,90,44,68,73,90,13,55,30,40,84,44,9,5,64,58,22,93,27,2,52,0
System-64,27,99,6,74,58,56,86,62,47,69,11,51,57,84,16,5,31,87,13,16,27,41,91,35,48,0
System-65,25,6,66,75,78,92,20,90,18,35,9,84,94,94,34,16,50,72,24,57,9,57,1,21,47,0
System-66,40,47,60,40,48,27,76,10,25,49,62,13,9,5,6,67,97,38,67,15,62,9,7,75,40,0
System-67,58,98,37,39,57,80,10,67,33,50,76,33,61,36,43,49,84,78,84,53,28,4,99,40,55,0
System-68,85,96,48,1,85,8,60,86,90,40,36,65,9,94,72,14,11,73,93,52,82,94,93,25,59,0
System-69,82,82,69,50,35,60,81,73,45,2,5,64,63,79,13,40,62,31,8,15,51,96,83,76,53,0
System-70,86,94,83,97,89,88,91,93,92,91,88,85,96,89,94,91,85,92,95,92,83,85,87,97,91,1
System-71,65,45,95,59,0,96,65,95,32,73,73,95,56,21,4,64,32,5,7,95,38,39,17,96,53,0
System-72,67,62,26,96,87,18,18,74,60,87,10,53,0,11,17,47,69,86,96,60,48,61,97,36,54,0
System-73,84,65,13,29,71,95,83,67,73,79,79,84,62,28,74,66,12,19,60,10,41,99,30,20,56,0
System-74,85,79,36,2,14,0,80,94,8,31,98,16,6,75,66,64,90,5,63,71,66,51,29,40,49,0
System-75,82,36,9,71,82,8,6,88,47,44,36,52,58,51,39,26,49,42,44,93,48,97,82,14,51,0
System-76,57,5,57,18,47,89,12,93,17,1,78,24,70,88,44,80,60,40,4,86,2,43,41,85,48,0
System-77,51,4,73,56,30,39,12,13,55,27,43,61,95,31,68,34,26,75,45,24,98,34,45,59,46,0
System-78,53,25,56,45,93,64,94,5,93,43,99,27,68,46,36,75,88,22,27,42,44,0,19,8,49,0
System-79,42,72,44,24,79,6,31,43,95,75,31,88,77,14,30,34,36,0,58,67,5,50,83,85,49,0
System-80,92,79,19,37,37,59,97,24,4,61,18,53,78,32,5,79,87,85,96,88,20,8,47,66,53,0
System-81,81,88,80,91,96,83,87,99,92,95,80,90,95,94,98,82,99,86,84,95,96,96,96,93,91,1
System-82,93,82,81,91,93,83,89,83,88,87,93,97,99,96,87,83,86,98,92,95,99,93,88,93,91,1
System-83,39,30,5,0,77,76,92,37,23,9,42,98,33,19,66,22,88,79,83,16,16,41,10,32,44,0
System-84,52,97,64,28,2,84,33,24,53,90,66,24,68,71,60,38,32,44,0,86,6,19,63,14,47,0
System-85,68,69,65,92,73,24,3,81,63,67,69,64,26,45,68,25,60,95,84,1,77,64,91,39,59,0
System-86,76,93,47,33,42,37,89,99,81,94,66,37,5,35,33,10,45,69,72,88,13,60,86,27,56,0
System-87,60,64,37,71,73,38,64,56,85,80,22,11,8,8,74,93,74,11,36,85,95,57,0,6,51,0
System-88,16,13,69,29,14,21,74,73,0,72,57,67,98,14,95,42,84,92,9,97,17,5,98,65,51,0
System-89,36,54,42,94,0.00E+00,30,94,51,78,65,44,57,69,52,98,35,53,20,9,81,23,18,29,83,51,0
System-90,12,0,51,15,12,37,73,5,72,97,70,24,60,70,18,98,79,50,27,42,94,88,81,30,51,0
System-91,82,87,86,84,87,94,94,83,83,83,91,99,83,85,94,89,93,95,82,82,98,90,94,94,89,1
System-92,61,9,5,40,30,63,23,33,47,50,64,30,26,28,35,41,31,4,4,5,74,21,47,90,36,0
System-93,27,18,16,21,69,87,79,45,70,52,30,22,70,55,17,4,23,3,14,88,92,27,79,64,45,0
System-94,76,64,4,24,8,14,62,1,96,95,10,73,33,70,20,48,56,44,16,33,15,5,69,62,42,0
System-95,65,24,41,49,53,53,82,38,58,42,57,69,74,70,23,0,99,1,55,95,92,5,34,84,53,0
System-96,64,82,16,80,64,19,10,7,60,84,2,28,54,6,59,75,30,55,63,3,26,97,56,56,46,0
System-97,77,25,47,25,87,65,14,12,56,3,85,40,85,91,12,36,84,95,37,68,50,26,87,68,54,0
System-98,84,88,97,80,99,91,98,93,93,86,89,80,90,93,98,85,88,86,82,87,84,90,85,83,89,1
System-99,82,70,74,0,37,22,28,87,26,83,79,41,24,90,41,1,15,37,81,82,59,33,95,99,54,0
System-100,68,37,31,90,80,17,1,17,56,60,3,97,99,48,61,54,15,74,92,19,2,2,51,15,46,0
System-101,10,27,60,88,85,7,89,42,75,31,32,19,80,49,99,42,12,17,32,38,57,28,64,85,49,0
System-102,26,29,8,55,87,65,73,20,7,97,6,1,21,81,18,10,20,59,52,85,76,31,45,15,42,0
System-103,30,90,23,31,6,18,89,14,1,47,33,17,26,7,67,85,59,96,58,48,24,10,81,56,43,0
System-104,66,30,28,79,1,4,28,59,5,30,43,66,0,25,35,28,85,66,76,15,8,27,99,19,39,0
System-105,67,73,5,20,14,74,49,22,67,85,30,31,98,0,48,68,11,0.00E+00,60,12,9,20,47,83,42,0
System-106,92,77,52,12,32,95,34,61,40,4,85,15,9,10,93,47,75,98,80,73,23,89,17,89,55,0
System-107,93,50,39,5,69,11,47,91,26,2,33,26,33,76,13,54,73,92,66,87,23,7,94,90,50,0
System-108,91,22,71,94,78,29,65,52,26,69,50,5,90,70,62,27,20,13,97,23,74,21,37,81,53,0
System-109,12,56,32,26,17,46,43,46,96,48,84,21,5,93,27,61,31,6,17,76,27,86,12,63,43,0
System-110,47,52,44,26,83,29,24,24,76,36,45,74,11,24,73,88,36,35,50,91,65,60,44,41,50,0
System-111,29,34,56,89,57,84,42,32,31,17,14,81,73,98,21,51,57,61,9,28,11,27,43,88,48,0
System-112,95,85,74,0,6,55,20,17,41,26,38,58,63,48,65,18,30,23,29,48,79,39,35,48,44,0
System-113,2,94,10,39,48,15,30,23,77,24,27,12,78,65,13,74,26,8,7,72,76,41,1,83,40,0
System-114,99,8,10,69,37,75,16,74,16,43,97,3,42,17,80,48,74,54,39,29,43,29,92,67,49,0
System-115,14,16,87,32,89,5,51,43,66,32,50,11,56,37,38,47,31,52,53,88,84,95,94,83,53,0
System-116,31,70,90,58,94,51,94,40,83,66,6,82,50,72,8,44,27,19,50,17,74,83,0,27,52,0
System-117,37,58,3,70,62,86,0,42,33,64,10,91,30,46,18,2,80,45,57,43,39,83,25,37,45,0
System-118,36,33,82,61,75,91,64,13,18,21,43,33,65,42,28,38,82,3,95,42,16,68,83,46,50,0
System-119,82,83,73,52,45,7,37,14,97,63,88,38,98,7,92,74,42,2,95,25,65,88,83,43,59,0
System-120,97,55,49,23,92,13,60,84,9,21,99,57,17,15,77,73,40,40,75,41,59,31,36,10,49,0
System-121,67,86,99,86,7,41,26,71,12,77,64,53,2,48,72,29,39,82,76,36,71,51,64,42,55,0
System-122,30,22,27,77,78,64,35,45,91,90,83,84,78,52,22,20,66,39,9,32,6,55,53,74,52,0
System-123,6,43,30,92,44,63,53,18,77,76,21,50,32,53,10,30,60,57,15,15,76,78,85,61,48,0
System-124,19,8,24,57,76,26,53,29,2,77,6,78,71,31,85,90,44,88,18,46,46,33,67,70,48,0
System-125,60,84,77,54,95,32,31,23,20,30,42,27,93,21,35,13,89,43,83,37,44,74,73,38,51,0
System-126,26,32,78,33,88,3,87,91,4,37,59,52,15,1,89,9,98,11,47,98,85,53,13,60,49,0
System-127,66,34,51,6,36,64,96,12,22,45,11,55,29,87,30,43,98,8,86,50,39,94,99,19,50,0
System-128,10,62,47,66,29,12,74,45,7,97,91,34,27,98,38,89,11,46,58,87,69,79,75,22,54,0
System-129,81,34,97,24,44,4,45,99,26,79,20,77,54,32,40,34,81,84,85,33,61,73,83,22,55,0
System-130,74,70,98,80,26,37,90,93,32,35,95,13,85,98,24,53,12,98,78,50,47,31,80,60,61,0
System-131,98,82,83,96,97,81,97,89,91,92,80,93,95,81,91,95,92,96,81,88,99,94,83,80,90,1
System-132,42,43,8,2,10,56,60,30,99,77,77,69,52,4,94,30,58,90,54,64,73,53,4,30,50,0
System-133,93,39,53,28,57,10,11,82,88,95,55,49,12,99,46,10,22,83,18,76,80,24,61,43,52,0
System-134,63,17,96,99,88,36,2,80,14,45,71,54,22,40,84,35,94,42,41,73,44,38,36,32,52,0
System-135,28,10,56,90,15,41,53,61,15,55,46,98,68,90,97,66,14,44,75,13,38,37,17,1,47,0
System-136,48,26,91,91,8,66,31,50,11,81,80,10,7,37,15,80,77,86,0,1,80,87,61,15,48,0
System-137,91,36,68,67,6,26,83,45,74,48,49,76,31,99,19,58,4,35,46,46,92,84,97,46,56,0
System-138,57,33,19,12,32,63,97,22,59,23,81,48,46,1,51,9,75,62,8,49,60,89,95,26,47,0
System-139,88,5,71,13,6,6,15,52,94,23,75,97,33,41,75,49,54,52,64,39,15,82,81,44,49,0
System-140,87,93,95,85,81,99,92,95,96,93,89,90,84,99,84,93,80,81,95,83,85,80,86,81,89,1
System-141,74,28,8,36,82,54,37,90,72,54,32,63,40,58,37,98,76,14,67,88,67,40,96,8,55,0
System-142,25,95,42,35,40,69,30,38,20,42,58,47,61,4,49,3,31,3,70,86,38,53,9,68,43,0
System-143,43,36,69,2,52,69,63,10,47,27,55,42,6,26,94,35,40,91,90,87,12,16,57,66,48,0
System-144,3,6,8,89,14,64,36,39,46,80,91,30,53,32,30,94,51,38,87,68,69,92,60,66,52,0
System-145,59,47,38,11,18,36,80,5,84,27,54,26,78,92,68,20,89,56,0,33,62,27,42,23,45,0
System-146,69,45,80,38,34,38,49,72,90,8,25,22,36,99,47,16,85,64,59,81,84,97,36,76,57,0
System-147,54,40,52,96,94,35,60,71,74,75,52,40,50,49,80,20,59,36,29,60,41,37,37,31,53,0
System-148,83,89,95,93,87,99,80,93,99,91,91,96,99,83,81,91,90,91,93,93,95,95,98,97,92,1
System-149,90,94,97,94,98,80,91,84,80,98,99,98,85,83,89,82,81,96,85,84,87,89,89,85,90,1
System-150,15,19,6,3,85,25,18,49,65,39,70,32,13,32,96,42,31,91,56,69,0,78,95,41,45,0
System-151,90,92,96,84,89,95,83,96,87,99,84,98,88,95,98,80,93,97,88,96,93,95,80,85,91,1
System-152,49,77,38,64,19,4,45,0,35,98,93,64,41,83,96,86,8,84,59,56,11,13,49,99,53,0
System-153,26,59,56,79,8,16,64,56,86,63,1,21,70,16,95,86,50,98,0,52,27,79,77,18,51,0
System-154,11,28,28,17,76,47,76,6,45,30,22,20,86,83,96,26,48,43,13,78,64,38,98,55,48,0
System-155,9,25,91,40,99,64,88,89,9,92,61,9,25,59,74,93,24,47,27,16,75,72,92,48,56,0
System-156,44,31,60,92,79,83,19,29,77,46,9,58,79,12,5,73,53,85,56,39,64,71,81,5,53,0
System-157,15,82,28,62,4,37,4,43,2,59,0,26,24,34,34,36,51,53,40,56,23,14,26,22,33,0
System-158,98,38,35,75,75,86,4,40,22,67,33,68,29,95,91,2,8,37,41,27,29,57,81,50,50,0
System-159,11,12,59,92,24,37,47,70,26,28,97,11,72,41,0,62,21,36,79,13,5,31,7,12,38,0
System-160,90,62,98,83,29,96,11,30,55,79,98,78,34,23,86,91,73,52,40,21,64,61,12,10,58,0
System-161,56,99,22,60,32,66,90,65,89,52,65,56,1,81,28,0,34,40,66,98,90,56,43,2,54,0
System-162,44,41,14,72,22,27,1,49,44,28,16,71,44,13,40,86,67,59,34,55,9,87,72,82,45,0
System-163,7,83,63,87,89,58,82,10,19,51,97,17,54,73,49,73,60,23,42,82,87,53,87,84,60,0
System-164,97,59,69,50,29,12,88,33,73,51,62,64,28,45,54,45,81,91,69,44,35,17,89,40,56,0
System-165,90,57,10,40,26,68,91,18,76,72,93,17,94,38,96,17,94,22,69,34,60,68,10,86,57,0
System-166,13,47,27,12,84,52,85,34,16,13,33,80,80,42,5,32,77,50,79,44,44,29,16,49,44,0
System-167,95,52,80,17,54,81,73,19,6,20,14,84,0,30,9,37,0,8,24,26,16,71,46,2,36,0
System-168,73,88,21,80,28,94,57,26,25,81,77,61,72,18,44,82,86,43,18,17,6,5,24,90,51,0
System-169,47,65,73,19,61,19,0,41,47,21,59,9,96,14,4,15,15,20,11,68,70,46,46,66,39,0
System-170,32,36,30,92,21,2,94,88,77,2,99,93,42,36,16,23,49,6,59,6,71,96,43,86,50,0
System-171,24,46,22,7,4,87,36,53,27,30,80,17,70,2,56,18,53,52,35,42,42,25,2,12,36,0
System-172,41,38,9,21,28,4,47,26,23,17,32,18,73,96,66,59,58,91,99,44,1,71,91,16,45,0
System-173,9,64,8,15,89,67,59,79,59,42,90,15,72,39,94,67,84,66,5,4,35,71,25,79,52,0
System-174,72,35,75,59,81,99,87,71,10,21,71,89,34,98,4,25,55,9,33,83,2,16,90,27,52,0
System-175,7,7,68,6,83,53,77,80,20,31,41,70,12,51,25,37,5,48,4,59,65,30,13,53,40,0
System-176,95,53,51,38,5,76,97,1,47,51,39,71,99,12,87,17,59,94,44,78,1,80,44,99,56,0
System-177,7,47,71,65,6,84,60,38,24,4,32,63,3,60,79,22,71,50,14,62,22,84,88,1,45,0
System-178,59,16,23,56,10,97,98,65,49,39,81,94,56,98,51,51,4,57,92,16,12,81,1,23,52,0
System-179,22,28,80,54,10,61,92,59,77,46,52,1,77,76,42,54,29,14,53,56,62,15,60,78,50,0
System-180,91,26,73,26,13,82,34,29,48,83,31,77,12,84,14,84,36,83,71,1,73,6,39,92,51,0
System-181,29,81,14,56,46,59,57,86,41,13,25,95,76,41,73,95,79,51,14,47,80,81,8,90,56,0
System-182,8,10,77,94,9,98,1,32,29,94,68,5,70,16,2,71,37,23,81,93,69,8,17,0,43,0
System-183,75,24,37,56,14,36,7,5,96,56,57,64,39,42,91,82,5,54,71,47,4,69,24,47,46,0
System-184,86,8,59,59,42,16,4,95,24,67,88,79,88,14,37,52,7,46,46,2,59,0,44,9,43,0
System-185,27,48,27,21,13,74,52,10,42,95,35,60,19,1,12,62,1,3,20,5,93,69,21,13,35,0
System-186,8,51,39,36,30,28,76,25,65,44,43,97,68,60,18,22,41,0,64,37,45,12,16,13,40,0
System-187,77,90,63,94,36,23,37,47,85,39,93,59,50,96,6,20,28,7,34,36,53,90,57,92,55,0
System-188,67,4,49,64,16,64,81,2,52,79,87,82,22,44,45,57,40,32,18,46,11,91,64,4,47,0
System-189,22,22,42,50,97,46,9,4,97,4,18,60,78,12,50,15,85,38,9,49,15,9,64,95,42,0
System-190,1,65,21,38,40,5,78,66,22,82,47,36,6,73,79,4,31,56,79,93,65,36,42,72,48,0
System-191,95,67,78,63,18,12,4,12,6,84,77,48,37,99,56,45,92,47,71,0,42,56,39,30,50,0
System-192,75,24,70,85,27,45,22,88,87,26,52,67,65,56,14,4,32,42,60,47,93,98,66,53,55,0
System-193,18,82,15,67,13,85,19,45,18,40,65,1,23,45,57,50,69,80,39,82,83,3,79,98,49,0
System-194,58,76,81,17,2,27,91,79,4,54,45,94,79,80,79,91,1,45,16,16,79,29,88,5,52,0
System-195,35,58,61,25,35,59,73,89,10,10,17,90,94,74,24,55,18,2,85,14,11,17,67,68,46,0
System-196,43,46,72,15,40,82,72,66,95,4,37,33,25,51,64,55,9,20,10,65,76,4,27,53,45,0
System-197,86,86,9,86,44,82,40,60,97,27,69,9,16,69,11,54,5,87,42,2,68,16,0,0,45,0
System-198,72,6,47,70,76,94,1,95,48,38,65,42,62,37,58,0,89,53,10,65,26,77,62,46,52,0
System-199,28,45,94,34,39,58,80,10,38,77,53,26,31,79,16,64,80,87,32,17,83,98,16,13,50,0
System-200,12,23,91,30,96,13,59,4,48,66,95,55,92,81,37,30,3,14,77,11,91,61,43,47,50,0
System-201,93,98,95,90,81,97,87,97,96,84,80,85,86,86,87,80,96,96,84,88,86,82,80,88,89,1
System-202,79,68,11,53,55,47,57,53,23,93,70,16,70,54,40,52,90,17,29,27,93,77,29,75,54,0
System-203,57,84,83,44,57,37,14,86,92,58,22,78,8,82,31,50,75,75,46,74,76,66,19,67,58,0
System-204,50,23,48,45,85,54,42,76,37,0,91,29,52,37,25,6,70,41,3,10,99,46,94,63,47,0
System-205,3,30,20,50,52,6,49,54,44,74,96,22,23,40,76,44,82,9,71,60,62,11,95,19,46,0
System-206,14,39,69,16,93,15,3,59,77,23,89,41,13,57,19,95,58,0,46,60,3,9,24,33,40,0
System-207,46,81,72,2,97,13,94,82,35,54,11,3,10,57,11,95,53,92,9,80,54,40,75,28,50,0
System-208,29,71,40,23,11,0,51,57,77,99,12,11,79,2,95,85,38,75,62,82,13,49,93,74,52,0
System-209,50,92,65,51,59,76,96,14,89,14,53,50,7,26,32,13,22,91,63,19,31,95,22,99,52,0
System-210,62,20,73,49,14,23,55,42,49,40,16,94,75,74,12,45,95,39,98,50,84,70,38,35,53,0
System-211,72,52,27,80,53,99,40,86,1,84,81,99,18,16,87,31,65,27,80,18,86,11,40,31,54,0
System-212,71,46,94,10,2,69,11,61,97,15,89,67,87,58,98,25,49,12,19,33,22,44,41,86,51,0
System-213,91,73,60,80,81,31,22,14,36,7,47,36,80,55,38,29,71,24,66,93,86,23,54,9,51,0
System-214,50,32,45,18,4,56,33,77,39,52,98,89,18,51,30,4,41,25,1,65,37,20,47,6,40,0
System-215,76,83,83,65,49,60,96,10,16,77,15,88,37,28,83,40,55,3,17,10,42,57,20,85,50,0
System-216,97,56,42,12,43,41,39,33,17,86,55,30,97,58,26,74,58,2,72,50,54,30,0,74,48,0
System-217,87,5,78,75,39,90,61,61,95,11,24,49,19,48,30,37,16,90,38,59,86,64,56,90,55,0
System-218,30,54,49,43,63,82,19,20,23,17,58,55,35,35,61,5,34,71,66,96,27,88,33,50,47,0
System-219,23,7,73,8,21,37,20,61,13,29,46,8,59,38,0,4,96,93,14,48,3,39,40,92,37,0
System-220,77,7,49,21,34,78,79,50,38,25,57,99,16,87,77,36,22,84,13,55,4,68,17,51,48,0
System-221,29,23,41,88,3,89,22,24,26,42,50,21,39,64,66,2,40,70,88,12,93,18,18,41,43,0
System-222,23,9,73,92,53,82,30,26,40,29,3,71,59,68,66,97,8,77,95,30,98,60,1,28,51,0
System-223,94,55,65,77,83,84,32,94,66,1,14,50,57,33,56,64,46,27,7,53,42,59,11,59,52,0
System-224,67,97,87,82,27,87,51,14,35,71,45,49,51,27,71,41,99,96,23,3,40,46,77,97,58,0
System-225,14,61,74,6,79,74,66,85,87,73,56,21,11,20,81,49,15,63,54,13,59,54,64,83,53,0
System-226,8,57,66,96,14,33,62,83,59,7,19,48,20,4,29,18,29,99,27,44,54,0.00E+00,27,43,40,0
System-227,76,73,3,51,91,54,39,94,62,69,2,44,54,15,32,60,33,97,38,69,70,20,20,23,50,0
System-228,82,57,72,57,42,79,80,99,13,40,24,70,57,92,36,97,13,38,73,30,12,48,55,44,55,0
System-229,21,88,84,76,39,40,86,59,68,14,49,49,31,40,1,96,40,81,84,30,42,44,29,86,54,0
System-230,47,73,54,24,0,64,56,16,60,43,24,18,81,69,60,47,78,13,56,86,28,3,86,92,50,0
System-231,69,3,39,92,73,2,80,0,55,5,37,3,61,16,50,30,63,8,82,64,79,29,5,89,44,0
System-232,91,32,28,93,22,1,69,18,45,74,98,87,13,19,59,53,91,93,30,82,92,16,39,46,54,0
System-233,5,52,33,78,41,53,13,68,35,41,35,32,15,89,86,26,76,58,47,29,14,84,20,52,46,0
System-234,16,61,27,65,80,4,23,9,91,60,76,33,28,84,1,19,31,4,9,74,66,47,53,46,42,0
System-235,57,98,88,22,67,57,3,81,76,42,82,87,71,62,44,67,55,80,98,58,70,7,79,42,63,0
System-236,92,85,95,87,80,84,88,97,88,81,97,82,99,84,98,83,80,90,92,93,87,91,80,93,89,1
System-237,13,31,21,49,66,86,35,94,36,70,16,91,66,66,23,50,96,77,20,3,56,8,55,92,51,0
System-238,63,96,74,57,64,38,81,11,89,41,45,12,74,98,41,95,0,99,74,91,27,81,92,13,61,0
System-239,77,92,25,54,48,18,91,22,0,46,24,23,25,36,37,73,8,68,29,82,14,9,26,78,42,0
System-240,74,9,78,2,40,3,31,25,73,56,1,98,40,89,20,74,14,13,13,3,99,23,97,13,42,0
System-241,51,61,41,30,26,78,36,24,84,69,15,87,77,94,92,39,71,66,33,56,69,69,40,76,58,0
System-242,97,97,39,19,76,78,44,18,64,83,74,99,63,38,70,34,40,91,19,10,13,93,86,58,59,0
System-243,15,56,88,85,92,40,54,3,96,87,60,24,14,95,76,25,89,93,30,26,15,5,31,7,51,0
System-244,66,38,40,25,34,16,32,75,49,31,7,13,36,48,80,93,46,54,70,27,52,90,42,60,47,0
System-245,47,86,52,35,60,59,3,27,3,75,26,60,11,37,78,70,93,34,2,85,77,19,96,94,52,0
System-246,91,78,59,30,76,54,27,57,73,83,60,42,63,68,35,15,60,54,1,6,4,33,45,23,48,0
System-247,13,38,4,2,82,60,39,90,69,60,44,9,29,15,13,13,30,40,54,76,90,35,24,17,40,0
System-248,75,19,61,91,91,67,97,42,42,42,5,17,47,89,41,12,78,16,8,70,32,54,40,7,48,0
System-249,16,42,29,43,86,87,87,36,80,48,99,31,34,96,90,48,83,67,31,75,61,97,26,44,60,0
System-250,24,44,73,15,5,56,70,31,71,39,40,72,1,19,63,67,84,78,80,42,0,6,13,79,45,0
System-251,28,27,6,40,89,33,68,83,19,63,10,51,21,31,31,50,19,62,1,92,51,31,28,10,40,0
System-252,0,78,34,15,82,17,75,42,56,64,25,6,37,73,6,31,87,37,29,10,23,80,46,19,41,0
System-253,99,81,99,95,91,90,92,89,82,95,86,87,81,87,83,83,88,85,85,89,95,81,98,93,89,1
System-254,31,58,55,33,20,14,87,40,65,72,87,69,19,23,89,84,90,38,71,83,20,1,90,5,52,0
System-255,13,42,23,99,73,35,2,72,40,48,47,86,50,47,86,12,53,81,21,92,43,52,66,35,51,0
System-256,87,36,4,71,18,26,70,18,94,56,88,34,46,4,23,1,14,19,12,73,14,63,6,50,39,0
System-257,74,22,93,35,54,42,16,41,49,43,39,29,31,15,86,81,47,52,0,50,60,24,77,65,47,0
System-258,79,72,10,14,65,57,27,86,40,18,46,26,55,84,38,18,66,11,5,36,22,19,71,35,42,0
System-259,41,22,80,94,95,21,78,82,53,55,95,30,34,93,65,65,5,36,81,40,36,85,14,17,55,0
System-260,61,72,37,19,25,31,1,98,0,77,37,80,24,49,61,88,74,30,34,5,59,50,45,39,46,0
System-261,26,36,79,79,67,83,32,18,45,52,8,11,78,75,62,79,30,25,36,60,14,39,33,82,48,0
System-262,55,77,23,2,54,48,60,64,40,22,84,76,57,18,95,77,70,94,11,64,48,5,32,22,50,0
System-263,91,50,8,83,21,85,71,64,88,5,53,94,69,11,20,82,49,42,49,18,68,17,38,80,53,0
System-264,85,80,95,94,85,98,87,94,85,99,84,96,90,95,83,88,94,95,91,85,94,80,84,96,90,1
System-265,70,89,46,31,83,13,83,99,68,62,50,82,38,7,90,77,2,19,38,61,18,57,99,3,54,0
System-266,92,84,86,24,42,90,87,42,32,32,9,86,40,4,45,80,52,0,76,79,34,13,50,45,51,0
System-267,26,17,56,7,83,53,16,33,44,30,3,13,5,86,85,53,87,99,42,17,37,83,51,78,46,0
System-268,94,44,31,4,61,90,91,60,81,26,49,77,37,27,28,23,28,50,33,58,84,44,45,25,50,0
System-269,99,8,10,88,50,74,44,92,40,7,73,47,42,9,64,64,51,66,28,46,58,39,65,78,52,0
System-270,91,7,67,0,35,37,26,94,41,31,81,34,95,93,77,36,16,11,55,32,87,80,5,57,50,0
System-271,88,40,61,30,76,31,40,83,43,74,30,98,30,78,74,18,59,14,93,85,59,34,5,30,54,0
System-272,71,4,67,51,92,64,70,14,63,51,1,38,28,2,79,83,26,41,35,30,47,45,80,69,48,0
System-273,94,94,83,96,84,88,84,91,80,80,84,86,94,82,85,85,84,86,99,99,88,92,87,94,89,1
System-274,31,76,77,43,88,61,44,59,23,72,91,4,95,35,50,18,83,39,19,3,75,32,47,63,52,0
System-275,94,96,72,84,64,65,55,86,67,45,87,54,8,15,18,25,94,37,47,51,28,39,44,60,56,0
System-276,85,76,61,26,66,81,65,69,48,17,94,46,50,40,10,34,64,73,48,9,53,87,37,21,53,0
System-277,79,26,3,54,70,17,52,31,9,90,15,74,36,81,23,54,79,58,44,67,35,19,42,99,49,0
System-278,95,79,16,26,65,32,15,37,92,58,78,54,80,14,33,61,30,97,75,45,26,62,37,37,52,0
System-279,90,99,91,87,81,84,80,83,81,84,99,97,88,94,84,85,84,88,97,94,85,80,83,97,89,1
System-280,34,2,16,8,4,80,8,91,24,8,33,51,63,70,56,1,22,80,86,45,49,49,85,69,44,0
System-281,5,59,84,89,35,57,88,80,41,11,10,48,99,47,30,44,28,74,41,46,51,79,15,38,50,0
System-282,88,83,95,37,98,25,22,91,39,34,13,34,53,39,77,59,9,50,24,71,4,78,86,26,52,0
System-283,23,76,54,50,47,1,7,4,52,31,68,15,2,68,73,65,0,72,48,29,94,6,27,49,41,0
System-284,26,64,19,47,34,16,90,34,96,63,37,32,12,42,21,60,44,28,16,1,78,33,93,30,43,0
System-285,96,83,12,26,15,3,41,59,5,76,71,26,83,97,91,67,14,24,94,11,46,81,39,91,53,0
System-286,81,26,57,62,30,23,57,58,27,85,73,67,86,79,68,17,46,69,33,19,82,82,9,22,53,0
System-287,87,11,69,85,31,49,12,93,43,23,95,63,13,27,24,83,43,74,13,85,67,87,65,89,56,0
System-288,63,55,67,94,29,15,19,21,41,1,51,72,71,2,53,4,40,44,88,76,58,98,37,64,49,0
System-289,58,55,20,84,40,45,52,47,30,9,21,20,79,28,52,77,5,2,7,22,15,30,93,98,42,0
System-290,25,55,25,54,39,72,24,46,46,30,4,94,83,87,91,3,15,67,63,81,92,78,60,24,53,0
System-291,79,45,26,22,85,93,26,61,58,92,52,0,94,24,10,22,74,99,28,18,63,96,7,83,53,0
System-292,94,81,33,59,44,22,23,66,30,56,40,70,34,94,22,98,48,67,81,72,36,90,87,75,60,0
System-293,44,10,29,97,64,36,0,87,59,23,66,47,83,9,54,39,95,58,15,32,60,85,5,2,46,0
System-294,62,97,22,2,18,26,11,62,60,42,18,91,60,6,84,43,1,24,22,57,6,57,22,17,38,0
System-295,32,29,53,0,62,34,61,56,48,76,72,97,79,19,83,97,85,31,34,56,64,14,71,26,54,0
System-296,1,95,88,3,11,30,53,25,12,42,17,69,1,41,99,13,24,3,74,52,0,90,66,68,41,0
System-297,54,98,64,63,23,92,74,95,85,30,99,17,33,87,19,36,77,8,91,77,81,31,68,83,62,0
System-298,77,20,70,59,37,0,51,27,43,74,12,50,57,51,61,22,68,92,28,90,74,74,73,57,53,0
System-299,57,91,20,61,32,62,71,56,5,81,70,57,42,50,31,50,22,67,32,66,79,7,47,30,50,0
System-300,7,41,30,93,79,56,79,79,11,16,55,24,66,9,63,47,73,78,84,32,43,40,90,16,51,0
System-301,47,16,11,18,7,64,68,75,81,58,63,83,74,15,91,78,60,11,85,22,48,15,91,4,50,0
System-302,93,89,80,90,86,98,83,95,94,91,99,95,94,93,88,95,95,93,95,89,88,84,87,99,92,1
System-303,34,28,47,68,93,22,68,17,8,98,17,90,47,90,79,47,64,67,65,86,33,23,59,32,54,0
System-304,24,14,44,59,9,11,69,5,70,37,69,7,53,41,42,51,55,99,32,22,16,24,82,41,41,0
System-305,32,25,45,29,6,27,11,61,99,72,58,69,21,99,91,69,96,43,69,33,99,98,58,25,56,0
System-306,37,35,32,83,7,93,16,85,68,17,13,93,91,52,54,43,4,92,83,61,39,92,60,76,56,0
System-307,33,33,35,58,21,94,77,22,63,82,17,34,92,44,91,31,16,25,76,97,33,33,90,52,53,0
System-308,87,87,85,87,91,86,96,90,94,94,98,87,96,90,96,94,85,95,82,93,85,87,89,92,91,1
System-309,24,72,9,16,99,87,28,73,17,20,77,23,64,79,2,25,17,71,82,90,36,83,16,47,49,0
System-310,20,44,15,76,88,62,48,99,97,71,69,6,48,1,65,69,90,9,11,50,76,29,32,86,53,0
System-311,91,27,4,42,24,21,21,3,75,33,53,49,28,69,69,55,62,65,24,33,73,84,49,14,45,0
System-312,30,91,85,87,7,51,16,74,2,33,33,63,37,35,25,74,50,24,50,25,84,77,84,23,49,0
System-313,48,57,71,57,87,12,81,59,35,28,74,42,32,13,8,74,69,84,69,35,43,47,16,0,48,0
System-314,91,41,32,27,45,71,9,8,51,12,72,98,83,86,96,95,67,52,59,7,72,0,72,12,53,0
System-315,82,18,99,47,83,74,84,2,4,24,52,6,63,75,41,71,76,75,93,22,3,80,79,70,56,0
System-316,12,70,20,76,57,98,6,79,84,87,39,92,40,93,19,49,23,99,12,53,35,40,77,77,56,0
System-317,71,62,45,64,99,60,52,36,20,72,13,99,21,80,3,60,61,60,91,67,51,21,21,69,55,0
System-318,46,20,67,22,74,16,73,65,46,71,82,17,72,28,50,26,21,97,42,39,79,58,3,1,47,0
System-319,24,26,4,81,50,61,50,39,74,5,23,51,57,59,67,28,80,95,16,93,29,87,35,52,50,0
System-320,35,46,96,9,37,5,74,65,9,29,56,57,18,40,78,37,87,33,57,67,73,59,83,57,51,0
System-321,64,54,89,66,13,66,64,23,67,84,92,19,18,35,87,50,49,72,13,42,15,11,28,66,50,0
System-322,1,62,45,85,65,90,17,84,67,62,28,40,39,8,60,34,4,39,85,28,13,98,40,46,48,0
System-323,41,32,96,62,28,14,14,72,71,0,8,14,87,27,25,74,72,79,27,69,79,28,3,90,47,0
System-324,88,99,93,96,84,99,87,96,93,91,94,96,81,98,93,88,91,80,95,90,85,99,97,86,92,1
System-325,25,45,97,21,12,90,58,4,91,21,16,18,87,32,55,92,43,28,20,11,31,94,73,90,49,0
System-326,96,18,2,38,23,55,8,75,1,55,72,22,37,62,52,8,41,33,34,36,98,55,62,37,43,0
System-327,98,65,57,8,98,48,53,92,38,61,57,46,23,45,97,58,39,4,18,19,18,30,67,5,48,0
System-328,38,25,58,26,44,7,35,62,73,27,44,25,31,3,63,25,77,24,49,60,0,72,67,74,43,0
System-329,78,70,75,28,81,5,8,17,48,4,80,11,87,32,39,97,26,88,47,63,20,19,23,83,48,0
System-330,73,51,19,1,25,84,35,21,92,32,28,67,86,87,62,47,51,61,18,86,55,81,24,66,53,0
System-331,14,3,99,85,93,12,90,30,87,78,3,23,96,90,34,53,70,21,51,44,82,60,88,58,57,0
System-332,85,50,71,66,44,77,30,76,45,49,49,37,87,36,87,11,21,44,85,73,81,24,59,61,57,0
System-333,50,56,78,35,0,98,74,9,50,75,5,20,47,37,32,47,32,15,62,57,58,22,55,88,46,0
System-334,55,76,76,76,59,43,23,59,65,51,68,54,44,85,27,56,31,52,66,30,94,38,60,98,58,0
System-335,0,88,33,84,13,39,74,65,26,25,60,21,41,22,46,36,10,96,35,88,79,17,6,15,43,0
System-336,50,19,31,86,62,47,89,71,12,4,7,59,15,88,13,40,58,28,80,20,45,28,44,96,46,0
System-337,14,10,52,3,27,39,26,74,78,62,68,73,57,14,3,6,77,90,32,30,50,77,9,60,43,0
System-338,64,2,60,81,72,4,35,71,62,92,87,82,97,33,20,84,46,66,85,99,86,0,26,17,58,0
System-339,81,14,35,81,84,97,36,24,92,83,93,66,79,73,78,60,35,4,35,42,74,87,72,41,62,0
System-340,97,83,94,88,82,90,95,82,99,92,93,99,97,93,93,91,88,87,94,95,82,90,90,93,92,1
System-341,62,24,44,95,21,30,50,63,10,32,49,85,29,36,5,9,97,41,84,87,16,18,83,33,46,0
System-342,91,88,90,89,82,84,84,82,97,89,88,90,90,90,94,99,82,84,92,81,80,87,83,90,88,1
System-343,39,94,47,8,24,78,1,13,24,83,75,25,24,42,79,81,47,2,77,61,73,65,63,66,50,0
System-344,92,93,99,90,82,82,92,86,99,97,80,96,94,95,88,81,96,82,92,94,88,81,99,90,91,1
System-345,70,88,82,17,63,54,13,8,6,79,52,62,72,75,35,86,67,74,85,32,13,82,7,16,52,0
System-346,39,6,62,11,12,33,33,74,57,13,72,75,99,68,12,23,96,42,86,69,13,8,37,78,47,0
System-347,31,3,41,51,84,89,0,97,73,96,7,35,45,65,18,68,34,68,34,33,21,31,28,75,47,0
System-348,30,37,42,53,99,87,65,25,81,67,75,63,5,79,22,98,80,44,59,74,93,57,26,84,61,0
System-349,26,13,77,11,83,10,68,66,62,71,31,73,41,70,53,85,32,20,76,99,31,97,40,12,52,0
System-350,65,37,58,13,2,84,2,15,36,80,35,19,43,9,43,57,99,85,81,14,63,25,3,56,43,0
System-351,92,33,36,8,55,23,7,12,1,0,13,86,13,71,16,47,64,67,33,35,79,93,97,94,45,0
System-352,15,69,66,99,60,82,69,52,41,71,0,5,15,2,65,47,87,94,12,58,75,27,17,59,50,0
System-353,25,40,10,87,26,19,29,86,85,90,10,78,92,71,88,44,96,44,89,55,87,41,51,83,60,0
System-354,78,45,50,57,78,11,23,70,18,77,38,0,53,72,0,87,91,81,21,65,4,95,3,90,51,0
System-355,17,20,25,57,8,16,20,21,86,83,52,84,91,12,56,2,46,82,21,96,66,0,71,94,47,0
System-356,27,6,80,13,41,96,20,3,16,86,25,5,8,69,99,82,23,82,89,10,11,86,26,2,42,0
System-357,43,56,83,88,4,81,0,65,93,84,81,60,5,78,62,85,74,86,83,18,95,45,10,12,58,0
System-358,93,12,86,47,64,48,35,25,39,43,44,47,22,32,55,10,46,9,90,40,10,89,24,21,43,0
System-359,14,69,98,70,63,46,15,91,95,39,50,31,46,4,62,90,92,92,31,48,5,91,18,75,56,0
System-360,0,15,97,12,9,26,35,91,63,83,19,64,22,39,4,7,14,42,21,18,84,4,7,79,36,0
System-361,81,48,63,30,82,41,54,71,71,47,5,68,46,19,67,24,63,87,97,41,10,35,93,29,53,0
System-362,24,82,63,68,67,29,0,55,7,48,18,12,59,42,18,83,18,34,1,84,24,66,45,63,43,0
System-363,16,22,9,46,34,29,52,90,21,89,49,2,74,8,44,11,80,98,46,82,53,73,95,0,47,0
System-364,96,96,88,94,86,92,82,85,86,89,86,94,80,82,93,93,92,85,96,91,93,84,96,97,90,1
System-365,45,17,60,94,21,72,70,89,62,16,90,3,81,24,50,66,19,60,52,76,28,28,13,45,50,0
System-366,23,10,36,16,11,97,40,75,64,17,25,38,17,59,50,44,25,72,32,65,62,52,49,76,44,0
System-367,99,8,4,90,76,18,98,16,92,62,41,99,86,96,63,11,17,55,88,26,70,54,14,3,54,0
System-368,61,96,42,1,61,21,30,46,91,1,48,84,79,8,8,29,38,66,37,83,28,10,2,78,44,0
System-369,57,8,12,14,56,31,88,22,69,34,70,20,94,87,37,24,16,28,7,13,43,16,27,51,39,0
System-370,25,35,73,11,90,13,62,57,37,23,4,61,75,19,24,65,87,20,67,98,31,65,31,74,48,0
System-371,23,58,3,7,37,30,15,87,85,52,49,36,25,89,78,50,46,48,68,76,12,68,37,93,49,0
System-372,34,88,31,69,11,90,21,58,41,18,13,90,93,51,37,60,6,12,94,64,42,56,84,89,53,0
System-373,1,75,30,52,70,30,69,38,74,32,68,22,34,41,11,51,75,1,24,97,0,84,85,67,48,0
System-374,28,85,29,54,7,35,79,59,50,50,89,90,90,7,12,58,44,41,57,24,72,40,35,41,49,0
System-375,0,13,90,90,92,71,55,54,94,15,75,57,42,85,42,21,16,1,64,22,77,50,98,37,53,0
System-376,23,30,49,24,40,57,82,63,3,60,10,10,53,94,37,6,21,10,95,35,12,66,63,65,42,0
System-377,82,10,81,50,5,43,44,84,49,59,98,78,81,55,60,76,87,5,15,97,99,31,43,3,56,0
System-378,85,22,43,70,17,48,50,42,24,62,74,89,37,68,85,77,57,24,62,88,13,76,45,33,54,0
System-379,53,16,53,52,92,23,26,0,89,34,22,20,91,50,43,19,66,87,0,98,57,75,95,36,50,0
System-380,98,97,52,36,31,7,75,53,33,61,92,95,15,89,35,76,10,0,31,42,3,73,77,74,53,0
System-381,55,16,75,57,15,82,17,95,90,7,78,18,50,85,68,13,84,87,54,12,81,41,43,33,53,0
System-382,23,10,7,12,93,85,0,20,25,39,67,50,27,94,39,67,48,20,29,27,37,37,0,13,37,0
System-383,85,82,92,96,95,93,87,83,87,85,87,87,96,87,84,89,95,91,95,89,85,92,95,85,90,1
System-384,58,62,40,63,29,71,34,99,77,87,19,71,6,79,21,89,20,52,36,40,49,49,12,75,52,0
System-385,12,32,71,0,63,47,92,70,25,96,15,37,79,4,12,90,40,39,49,35,48,99,43,99,50,0
System-386,28,0,23,63,27,62,65,69,41,56,22,22,16,96,74,91,46,66,36,88,23,96,3,33,48,0
System-387,42,15,19,26,76,39,68,7,14,69,91,77,24,81,12,67,26,87,44,74,51,98,0,26,48,0
System-388,44,42,25,50,14,68,72,56,86,39,15,45,80,62,82,78,26,90,72,59,84,38,86,14,56,0
System-389,56,92,12,17,43,38,38,19,37,91,41,14,45,68,13,41,23,80,47,23,25,53,61,60,44,0
System-390,64,18,93,93,14,32,59,94,12,26,36,76,47,76,45,25,44,33,16,10,80,52,34,9,46,0
System-391,43,22,63,96,5,61,46,49,57,13,67,50,78,37,83,29,95,94,87,67,57,70,55,63,58,0
System-392,79,76,53,48,4,66,0,70,59,59,25,47,47,62,68,18,51,95,41,94,99,59,48,26,54,0
System-393,39,99,21,1,65,20,14,92,79,5,67,38,5,51,87,96,80,84,5,30,90,10,20,65,49,0
System-394,15,22,36,88,69,32,49,2,98,43,0,66,76,54,86,17,92,79,35,14,85,52,49,37,50,0
System-395,91,17,11,92,34,18,48,20,88,49,28,31,32,16,60,0,90,0,47,75,2,47,90,56,44,0
System-396,91,32,1,28,73,43,37,55,28,32,56,57,27,92,29,12,65,86,10,13,61,24,88,5,44,0
System-397,51,34,38,1,62,67,73,42,12,45,31,58,84,95,94,44,27,63,55,71,59,84,55,67,55,0
System-398,47,37,93,56,44,24,91,79,29,81,31,74,63,88,48,65,35,1,3,32,82,74,65,73,55,0
System-399,16,36,77,91,9,3,72,23,6,76,29,64,18,27,63,78,63,71,40,24,60,77,72,25,47,0
System-400,65,8,33,49,93,3,27,38,94,8,83,76,44,89,33,84,26,10,18,26,96,68,50,63,50,0
System-401,99,80,82,97,87,94,83,92,81,89,82,98,87,93,86,92,96,94,88,98,93,98,84,83,90,1
System-402,36,19,11,27,88,89,56,54,9,48,26,8,31,80,2,37,42,50,84,23,38,5,39,95,42,0
System-403,3,0,17,65,28,28,82,89,44,52,53,52,17,23,46,53,88,93,15,78,20,13,45,67,45,0
System-404,87,91,90,81,94,80,84,89,82,90,94,83,93,94,95,98,98,85,96,85,97,99,84,92,91,1
System-405,40,72,86,9,97,31,95,9,25,72,11,29,80,31,36,30,41,21,91,93,44,92,46,84,53,0
System-406,43,27,75,14,22,84,64,89,88,12,7,7,92,26,5,51,94,59,34,62,33,14,27,68,46,0
System-407,48,86,4,98,79,21,1,91,11,32,39,57,44,64,73,35,56,32,78,93,3,35,92,15,50,0
System-408,25,90,10,89,72,1,25,3,59,89,26,36,50,6,70,28,34,97,66,99,13,95,79,22,50,0
System-409,51,47,16,22,98,42,94,55,14,64,51,61,80,20,6,10,23,92,84,30,71,54,78,80,52,0
System-410,71,69,99,98,59,33,22,59,49,72,84,25,5,48,62,97,0,94,48,63,21,41,81,58,57,0
System-411,90,97,92,92,66,41,79,28,56,17,11,39,49,31,73,67,3,98,7,88,86,7,87,34,56,0
System-412,77,81,62,69,89,77,15,24,58,40,5,36,96,9,50,92,27,59,28,76,64,60,75,25,54,0
System-413,98,99,93,90,96,95,96,87,98,98,83,89,87,85,83,85,82,95,80,83,96,82,93,93,91,1
System-414,57,67,88,49,94,55,99,84,86,73,64,42,40,23,92,81,54,78,18,46,68,30,54,64,63,0
System-415,24,99,54,55,99,90,26,91,59,9,8,14,80,82,56,90,98,99,60,38,43,43,57,15,58,0
System-416,59,86,95,38,18,74,10,31,22,66,5,1,2,7,89,46,10,6,59,80,24,68,45,98,44,0
System-417,17,65,85,97,27,34,72,83,82,8,83,71,3,78,95,33,8,31,24,7,11,94,61,91,53,0
System-418,40,79,1,53,69,84,6,81,22,66,65,97,88,41,25,61,99,4,14,6,72,66,11,14,49,0
System-419,68,89,67,10,68,4,59,80,80,68,62,77,59,84,98,53,9,67,16,75,79,6,21,9,55,0
System-420,95,82,80,84,81,90,94,87,99,83,86,99,94,91,96,96,83,90,84,94,99,87,90,82,90,1
System-421,74,82,10,2,71,82,49,63,4,27,97,6,42,60,83,21,77,47,70,14,77,56,89,58,53,0
System-422,91,94,81,84,85,88,83,82,95,98,89,81,83,83,90,96,93,94,85,84,82,90,93,97,89,1
System-423,4,6,21,55,0,54,85,88,25,90,98,55,4,81,94,89,53,19,41,79,53,91,45,73,55,0
System-424,81,96,83,99,97,85,81,87,96,99,88,87,93,89,95,86,84,84,92,98,83,97,98,81,90,1
System-425,94,93,24,5,47,51,26,40,65,86,72,86,65,15,82,91,31,82,13,66,54,50,89,68,59,0
System-426,84,16,22,80,9,92,27,23,91,24,96,13,95,45,27,64,28,22,71,14,70,34,45,42,48,0
System-427,77,41,65,7,73,59,61,29,32,44,74,65,26,32,2,47,99,72,12,52,7,10,7,39,43,0
System-428,41,91,10,60,57,16,92,44,80,83,99,95,36,33,22,96,7,64,57,77,7,66,64,81,58,0
System-429,93,84,90,87,95,82,92,92,88,80,81,96,92,91,83,91,88,93,81,86,99,83,91,90,89,1
System-430,86,83,83,95,33,84,89,21,83,1,20,87,29,54,0.00E+00,49,52,63,83,14,20,93,80,37,56,0
System-431,21,45,15,65,6,32,44,73,96,27,53,90,18,29,83,30,60,82,79,81,64,44,42,32,51,0
System-432,55,2,74,74,34,15,99,1,62,47,71,58,70,70,17,99,3,5,8,6,78,86,9,34,45,0
System-433,14,98,22,27,25,14,73,56,79,48,57,43,94,16,0,19,22,1,42,25,69,77,72,4,42,0
System-434,7,17,15,78,22,65,61,80,33,68,36,19,64,79,38,80,33,15,32,38,93,15,54,87,48,0
System-435,87,93,89,92,87,82,90,99,90,82,96,86,90,97,91,92,83,81,93,92,88,92,90,81,90,1
System-436,97,82,45,65,18,32,22,86,16,19,65,7,66,95,17,85,65,56,84,83,31,7,91,27,53,0
System-437,2,55,10,14,37,36,9,31,51,64,26,36,96,78,22,25,63,98,86,36,71,72,95,38,48,0
System-438,93,33,6,29,58,35,95,96,4,62,89,98,71,35,47,97,42,91,13,44,13,25,41,9,52,0
System-439,35,16,89,55,92,5,68,64,99,94,24,98,96,58,15,46,1,58,88,51,11,14,34,33,52,0
System-440,69,63,74,37,49,60,59,46,16,37,73,22,71,21,96,94,48,4,67,63,7,66,4,40,50,0
System-441,53,59,40,23,63,1,54,64,88,26,54,4,29,66,47,73,89,40,90,0,52,4,67,94,50,0
System-442,65,24,31,91,47,52,40,15,49,59,1,15,91,68,53,7,33,3,58,41,53,17,51,24,42,0
System-443,12,45,96,2,41,75,61,65,33,6,24,55,85,4,35,47,7,41,54,64,95,41,93,24,47,0
System-444,41,85,61,59,91,0,49,72,50,62,20,8,12,30,16,47,36,29,35,4,88,40,44,36,43,0
System-445,95,95,90,85,93,91,85,99,80,97,82,93,99,94,99,90,95,95,87,84,87,83,86,96,91,1
System-446,40,27,12,67,38,26,54,42,50,99,39,87,51,47,42,56,7,95,12,69,32,3,72,62,48,0
System-447,41,40,23,22,56,20,53,24,93,14,79,12,68,61,42,2,25,39,80,27,48,3,31,39,40,0
System-448,96,8,86,71,94,88,84,91,77,5,41,6,21,53,6,65,87,48,24,18,40,82,21,63,54,0
System-449,61,66,64,10,62,78,34,59,21,43,32,79,23,31,27,30,96,59,25,89,75,54,68,25,51,0
System-450,36,64,85,68,29,75,63,73,83,75,34,41,66,67,37,46,89,91,44,93,80,50,35,45,62,0
System-451,0,73,8,86,22,9,15,56,4,83,49,6,73,87,71,26,94,54,2,29,55,66,9,49,43,0
System-452,88,94,96,86,95,98,87,89,89,85,80,85,98,91,99,92,91,92,85,96,95,81,88,87,91,1
System-453,23,87,83,42,56,19,46,97,34,31,44,37,58,56,69,71,81,22,82,37,38,90,3,72,54,0
System-454,52,44,62,75,92,28,14,90,26,70,46,14,80,49,29,2,40,49,13,64,14,52,72,52,48,0
System-455,45,4,53,23,35,28,17,91,78,92,36,28,95,75,53,38,1,18,36,24,10,42,82,31,44,0
System-456,87,32,17,41,98,55,36,54,66,12,52,55,1,69,0.00E+00,33,19,53,54,39,52,47,16,72,45,0
System-457,94,86,80,93,80,83,99,89,95,87,98,95,93,82,88,85,88,85,90,92,92,92,89,84,90,1
System-458,67,0,97,34,57,3,89,44,13,69,78,5,93,80,47,48,15,28,47,28,38,95,95,94,53,0
System-459,28,11,69,37,32,74,21,19,4,60,33,10,6,10,39,12,53,44,87,65,34,56,16,57,37,0
System-460,6,90,99,53,92,92,62,53,96,44,57,37,87,9,17,51,22,49,24,86,10,52,68,34,54,0
System-461,13,19,38,50,4,73,79,31,36,38,63,75,82,99,33,65,15,16,3,31,72,36,81,23,45,0
System-462,74,71,16,16,18,25,1,39,69,57,86,82,85,46,84,73,24,75,33,7,67,80,84,98,55,0
System-463,23,5,48,18,12,96,42,83,16,6,74,91,19,18,14,32,59,54,47,45,45,54,74,69,44,0
System-464,76,57,74,34,48,57,5,69,18,80,47,22,74,68,1,48,55,87,7,43,81,50,29,68,50,0
System-465,83,47,34,88,71,19,11,60,33,84,41,24,91,61,89,36,72,94,74,18,99,16,85,40,58,0
System-466,96,35,11,11,52,34,7,40,56,12,71,93,47,68,6,77,53,11,96,12,7,70,17,72,44,0
System-467,33,59,90,62,80,26,19,70,82,14,42,64,47,53,70,62,85,83,89,54,87,3,7,76,57,0
System-468,91,98,91,93,87,86,85,83,94,90,93,93,81,89,85,92,86,89,90,94,99,85,87,81,90,1
System-469,39,95,85,77,32,7,31,25,69,97,28,59,13,0,10,5,54,76,71,20,53,85,11,24,45,0
System-470,29,44,8,63,30,22,71,22,67,44,23,77,64,62,84,51,43,22,73,60,44,75,10,71,49,0
System-471,7,66,20,47,46,60,99,61,79,70,69,51,94,7,6,71,63,22,96,92,27,31,17,52,53,0
System-472,6,38,26,91,2,49,25,8,37,2,72,6,72,15,41,51,20,84,33,60,92,82,44,24,41,0
System-473,90,14,87,45,85,35,68,23,65,64,26,2,82,61,66,89,24,31,27,84,80,6,61,99,55,0
System-474,55,43,98,45,39,44,63,51,57,46,14,45,37,17,95,99,59,5,99,78,18,75,22,44,52,0
System-475,21,30,38,91,19,39,47,51,68,98,23,50,23,63,83,98,31,30,57,87,3,40,95,75,53,0
System-476,86,27,91,41,91,49,19,10,88,11,98,26,33,63,65,62,57,75,47,73,10,37,99,88,57,0
System-477,96,82,86,82,87,87,83,86,90,89,93,89,92,88,91,95,91,84,80,95,92,96,96,91,90,1
System-478,13,19,25,92,0,72,28,32,31,88,69,38,32,36,7,26,93,66,71,69,73,56,44,6,46,0
System-479,27,52,6,54,39,33,44,17,2,50,18,28,92,95,83,37,7,95,34,46,86,50,83,87,49,0
System-480,56,39,93,47,58,96,93,69,35,67,43,77,7,21,1,44,43,28,62,45,70,70,19,56,52,0
System-481,80,94,92,93,83,85,91,95,98,84,94,97,94,95,82,87,92,83,83,91,91,83,80,86,89,1
System-482,94,85,80,95,91,93,85,94,81,97,84,81,80,98,89,90,81,84,98,95,83,95,85,82,89,1
System-483,52,35,8,27,79,27,17,3,82,90,21,79,4,45,16,14,46,61,94,87,91,56,73,48,49,0
System-484,4,79,19,46,3,61,41,92,3,1,32,77,83,23,45,18,75,39,26,32,99,39,29,76,44,0
System-485,41,23,2,18,14,99,1,20,40,81,28,87,61,56,23,22,80,26,68,21,47,44,17,82,42,0
System-486,36,8,66,33,70,78,6,0,39,77,29,59,32,10,19,42,81,0,73,34,46,84,64,40,43,0
System-487,71,59,47,97,9,73,80,57,91,25,20,45,10,66,59,36,23,55,1,73,23,47,2,31,46,0
System-488,69,84,8,10,82,31,24,45,1,75,79,83,38,7,49,25,0,60,91,37,23,7,10,78,43,0
System-489,14,61,42,51,89,85,20,35,69,67,61,10,60,88,46,24,36,93,70,65,14,33,64,98,54,0
System-490,81,4,45,96,88,57,60,32,66,0,2,70,35,81,91,62,28,48,82,96,28,80,10,72,55,0
System-491,92,11,48,48,88,98,20,71,65,93,70,4,75,83,91,11,71,15,97,62,53,9,38,1,55,0
System-492,2,85,48,22,91,18,38,98,82,94,29,66,85,69,57,39,61,70,23,55,54,72,73,2,56,0
System-493,61,11,16,28,16,85,21,36,89,34,17,62,36,39,35,15,58,17,93,32,59,58,73,30,43,0
System-494,63,15,33,10,76,81,56,17,81,72,26,82,97,87,13,49,24,95,9,87,51,26,85,63,55,0
System-495,73,16,1,29,1,50,29,8,51,54,92,40,27,3,46,44,32,3,37,11,99,12,4,20,33,0
System-496,35,86,69,26,69,24,54,47,70,49,0,56,8,78,68,70,8,72,23,47,32,66,15,20,46,0
System-497,17,70,63,49,22,92,52,23,50,76,4,62,33,15,95,68,61,55,99,40,8,38,45,63,50,0
System-498,70,51,51,66,39,37,86,88,61,89,25,98,47,55,15,23,59,22,43,60,94,34,52,61,56,0
System-499,9,12,9,95,62,18,12,81,71,23,13,64,41,18,65,58,65,98,33,81,19,28,67,71,47,0
System-500,85,5,10,53,5,27,97,75,46,38,11,86,22,38,33,47,9,98,1,38,41,53,47,31,42,0
System-501,98,25,42,86,74,12,40,69,38,49,64,58,27,35,75,93,75,29,75,69,36,78,26,98,58,0
System-502,47,40,25,97,88,52,6,69,92,52,64,43,80,92,76,23,75,10,52,54,40,43,67,92,58,0
System-503,26,83,59,55,47,69,47,97,10,41,57,14,34,16,30,92,8,1,39,60,65,44,29,0,43,0
System-504,48,86,15,32,85,78,59,31,3,15,27,73,90,8,51,96,14,32,79,63,5,69,94,61,51,0
System-505,50,26,30,40,46,71,11,68,90,45,34,25,46,74,21,84,52,84,76,14,78,17,46,37,49,0
System-506,63,83,21,35,60,16,7,35,46,72,40,3,77,37,89,44,63,2,88,82,60,78,13,87,51,0
System-507,84,88,88,99,82,90,90,89,89,89,92,89,95,94,88,98,86,84,92,97,89,86,83,84,90,1
System-508,23,95,88,21,89,66,68,8,5,34,82,53,77,99,33,15,90,21,42,28,67,20,12,8,48,0
System-509,95,7,67,51,68,95,30,86,2,46,29,33,67,89,45,48,92,12,88,89,82,74,79,86,61,0
System-510,8,9,59,80,55,85,95,53,87,12,41,0,84,95,46,36,42,0,51,96,43,43,84,74,54,0
System-511,70,53,11,84,85,48,61,55,17,75,89,90,51,93,95,27,3,77,5,76,34,20,76,37,56,0
System-512,88,19,72,13,95,5,7,1,39,28,43,35,84,50,26,50,50,71,64,46,54,98,34,50,47,0
System-513,94,67,16,71,47,30,31,52,42,44,6,69,56,41,37,11,63,85,33,63,40,6,28,22,44,0
System-514,42,8,14,68,66,72,27,38,8,90,69,97,31,61,39,48,27,48,98,31,69,90,43,50,52,0
System-515,98,79,53,78,28,48,69,38,32,0,14,74,41,20,91,11,12,17,97,37,25,13,42,30,44,0
System-516,83,63,23,54,49,73,35,11,60,2,94,25,91,40,66,92,92,17,90,77,72,5,39,15,53,0
System-517,93,98,91,97,86,84,99,91,90,89,97,80,92,91,80,93,81,85,90,99,98,86,93,88,91,1
System-518,86,86,25,35,43,18,18,9,74,53,61,27,8,62,77,57,65,90,40,59,20,5,55,31,46,0
System-519,99,45,62,18,49,84,5,95,25,45,52,3,39,15,2,78,72,83,39,0,64,30,62,87,49,0
System-520,78,0,90,53,9,26,97,24,53,76,1,30,21,19,88,51,26,15,36,31,96,90,39,76,47,0
System-521,35,59,16,22,28,77,13,89,56,83,18,38,97,51,30,64,52,39,31,88,54,23,21,33,47,0
System-522,58,94,12,10,92,51,43,31,25,6,42,77,67,4,83,66,25,91,30,32,99,49,96,84,53,0
System-523,71,12,61,4,8,51,23,5,17,63,37,71,13,99,18,20,49,83,61,32,26,20,91,38,41,0
System-524,36,90,56,15,6,48,86,32,59,62,45,39,31,16,84,81,67,61,33,43,53,42,40,34,49,0
System-525,13,58,96,10,9,81,59,22,19,55,91,9,97,93,40,23,13,74,74,11,26,20,47,33,45,0
System-526,56,64,88,62,29,97,91,46,38,17,96,8,69,0,14,9,33,49,91,51,39,21,92,45,51,0
System-527,10,4,27,65,87,72,72,61,11,12,96,74,29,35,5,34,66,70,67,47,27,16,60,40,46,0
System-528,23,59,0,38,30,64,46,47,34,46,76,19,8,13,68,32,24,2,19,86,33,38,91,41,40,0
System-529,43,8,19,69,78,64,32,4,30,97,50,0,94,88,1,39,14,63,95,65,57,25,86,67,50,0
System-530,71,7,77,75,56,38,6,93,61,62,18,73,95,45,59,91,50,79,4,56,19,81,87,22,56,0
System-531,2,52,30,67,84,63,80,61,12,50,43,5,84,51,6,1,0,27,92,21,11,28,8,70,40,0
System-532,79,41,78,27,43,82,27,47,82,17,91,5,90,77,88,83,64,93,52,85,85,86,68,83,66,0
System-533,29,38,46,62,29,79,56,22,57,83,1,2,9,45,52,73,22,27,0,25,61,8,8,62,38,0
System-534,34,94,72,92,65,80,30,3,86,36,45,82,80,83,31,96,38,90,27,68,31,38,45,33,58,0
System-535,65,66,1,89,4,33,33,0,83,45,48,67,81,59,61,61,14,91,73,56,27,19,60,6,48,0
System-536,52,6,92,83,8,87,2,24,83,81,78,85,21,98,74,54,76,7,89,1,39,31,53,68,54,0
System-537,2,80,76,29,7,42,84,76,67,4,90,72,89,49,43,80,90,18,16,45,54,17,92,21,52,0
System-538,48,39,25,62,27,55,47,48,30,94,77,58,65,7,96,1,6,53,85,99,95,17,48,56,52,0
System-539,36,48,45,79,93,91,11,54,13,94,17,79,46,12,21,8,5,14,74,60,5,71,97,25,46,0
System-540,24,14,52,28,13,92,57,17,30,24,56,4,51,68,14,3,95,7,65,98,64,50,7,38,41,0
System-541,12,77,32,2,41,90,45,83,70,73,71,81,18,84,25,71,34,73,94,32,60,43,10,83,55,0
System-542,33,2,7,7,12,93,50,0,4,0,53,14,12,5,23,74,4,58,57,35,98,4,57,3,30,0
System-543,1,69,21,94,44,19,51,48,9,75,24,81,19,18,32,72,66,54,22,48,78,90,64,14,47,0
System-544,94,17,22,95,73,99,45,6,86,95,96,24,84,48,3,4,36,40,34,78,82,48,18,57,54,0
System-545,19,83,53,66,70,77,36,62,95,25,28,9,85,3,51,84,29,55,54,92,89,83,90,44,58,0
System-546,73,74,91,42,57,9,90,63,74,19,91,94,62,44,48,4,99,96,10,51,74,68,60,69,61,0
System-547,64,54,93,26,40,74,75,15,97,99,93,13,24,0,33,79,68,58,79,50,88,98,98,77,63,0
System-548,67,61,51,11,11,26,33,61,80,15,89,47,7,51,60,93,97,14,7,10,55,64,3,3,43,0
System-549,1,26,96,73,7,52,3,88,93,59,60,25,73,36,77,20,91,8,3,61,58,86,42,95,52,0
System-550,37,35,16,75,85,71,71,98,69,63,77,71,99,69,57,10,79,66,9,83,55,53,60,17,60,0
System-551,48,92,26,13,54,12,32,45,91,42,34,71,10,42,17,2,19,83,44,12,61,28,92,16,42,0
System-552,47,3,23,77,10,10,34,89,54,14,38,50,89,56,58,82,16,67,54,11,35,78,14,86,46,0
System-553,11,93,17,26,95,75,8,32,96,93,64,43,24,92,98,64,66,54,5,10,34,14,90,11,51,0
System-554,0,58,40,54,60,70,18,97,89,8,47,95,16,79,28,76,83,23,4,34,33,81,56,65,51,0
System-555,9,2,99,85,31,26,46,78,79,1,25,65,13,97,60,88,31,9,33,29,35,30,98,56,47,0
System-556,20,90,64,35,90,0,46,62,44,85,34,50,83,20,79,43,18,65,25,13,45,84,0,67,49,0
System-557,81,67,89,94,75,10,10,54,96,69,29,85,7,57,7,90,26,69,34,36,47,43,38,58,53,0
System-558,95,76,39,4,33,64,4,58,82,89,53,40,34,2,54,59,21,68,18,45,70,52,82,90,52,0
System-559,78,8,23,53,44,78,66,11,76,21,60,32,36,92,63,14,33,57,11,20,17,96,82,79,48,0
System-560,6,25,74,24,26,32,33,0,12,14,7,61,68,52,96,29,10,7,97,95,87,24,55,52,42,0
System-561,32,22,10,81,93,73,90,77,55,32,82,31,15,82,59,79,1,96,81,72,5,15,98,50,56,0
System-562,30,76,49,10,0,51,75,78,46,81,75,84,7,69,40,58,16,59,93,19,63,58,62,39,52,0
System-563,7,8,74,4,8,45,30,25,56,99,68,56,9,58,81,88,18,50,18,6,25,80,53,26,42,0
System-564,27,89,10,87,88,80,45,5,28,32,34,89,63,16,89,1,75,2,53,79,12,68,14,95,50,0
System-565,8,25,66,82,25,13,47,71,87,99,90,91,63,99,80,77,16,17,34,68,45,3,49,51,55,0
System-566,44,24,97,15,7,85,69,94,6,44,63,33,39,45,29,24,11,88,45,30,29,69,78,79,48,0
System-567,66,84,39,87,9,3,17,27,42,45,41,19,4,22,6,38,6,57,25,39,3,64,69,94,38,0
System-568,88,97,86,92,86,97,80,93,98,99,84,92,80,83,89,80,90,95,88,90,83,96,80,83,89,1
System-569,49,2,6,50,7,94,94,89,21,79,96,78,11,43,7,17,90,17,70,75,73,60,19,41,50,0
System-570,80,58,21,25,93,9,83,36,17,45,81,60,47,13,96,33,78,65,32,12,17,61,89,81,52,0
System-571,59,97,90,8,48,30,93,51,40,41,24,54,4,53,39,3,0,94,84,22,67,10,37,19,45,0
System-572,84,84,85,83,85,96,98,85,80,80,99,96,94,89,94,89,86,89,99,92,81,86,93,80,89,1
System-573,8,13,87,11,95,36,45,98,98,15,48,95,46,39,39,11,16,13,75,18,53,10,66,76,47,0
System-574,19,90,57,23,0,77,38,27,73,5,79,62,28,25,67,58,10,31,77,7,13,63,20,54,42,0
System-575,19,0,94,39,46,24,17,34,54,46,72,21,23,69,39,79,86,33,42,78,30,21,23,74,45,0
System-576,18,84,9,38,61,89,17,50,10,27,54,7,28,74,73,70,66,45,49,62,12,25,28,24,43,0
System-577,87,88,8,55,60,6,7,50,83,59,90,82,72,88,50,64,35,40,64,26,6,4,63,97,54,0
System-578,22,9,35,90,0,93,58,19,82,23,65,80,93,27,0,89,41,75,48,64,83,38,12,58,51,0
System-579,82,87,98,94,82,88,94,82,81,80,80,88,95,93,88,86,80,95,86,95,82,94,88,83,88,1
System-580,52,39,39,41,22,81,18,51,3,8,33,73,37,17,60,46,0,35,98,66,11,92,93,26,44,0
System-581,22,76,8,39,65,42,68,88,26,81,52,43,52,45,13,45,53,97,40,25,83,66,98,39,53,0
System-582,22,65,5,7,55,43,84,26,67,12,57,82,44,1,21,27,4,83,27,74,52,22,35,84,42,0
System-583,76,79,61,4,64,93,87,57,20,37,2,78,92,68,39,11,37,43,64,99,98,86,83,74,61,0
System-584,20,1,28,88,88,71,66,88,4,72,47,29,63,92,8,22,15,13,87,41,42,31,23,84,47,0
System-585,89,30,12,50,53,30,94,25,33,48,13,59,30,80,50,54,47,49,15,58,50,64,8,60,46,0
System-586,50,2,4,60,41,2,36,41,2,84,50,64,58,33,99,47,91,91,12,4,28,21,2,52,41,0
System-587,50,36,51,34,34,85,42,60,36,83,66,73,59,59,61,96,65,76,77,44,19,21,17,98,56,0
System-588,98,82,37,79,93,15,99,89,64,4,13,57,49,70,85,8,22,3,4,14,47,74,1,67,49,0
System-589,79,79,22,9,11,29,49,37,57,53,43,7,41,21,50,73,94,23,5,21,92,93,63,47,46,0
System-590,48,77,26,57,58,25,28,99,53,94,64,90,86,72,82,14,75,40,88,72,96,9,21,26,59,0
System-591,53,88,21,23,4,40,68,94,49,47,68,60,39,49,32,14,40,52,29,16,83,59,80,78,50,0
System-592,94,20,21,77,72,58,7,50,75,66,36,41,62,7,50,45,89,10,38,38,96,57,47,21,50,0
System-593,48,64,58,50,72,68,12,51,37,70,41,26,88,55,0,89,56,14,90,17,30,84,43,97,53,0
System-594,94,4,17,1,64,24,70,30,13,51,13,34,18,2,31,16,25,33,70,18,62,14,88,2,34,0
System-595,92,18,10,64,46,84,61,3,19,67,74,33,71,50,83,34,73,25,18,83,45,95,22,74,52,0
System-596,70,3,33,38,98,12,44,48,27,39,83,49,32,11,98,18,19,70,91,85,93,80,83,92,55,0
System-597,71,68,61,75,21,7,99,82,60,63,68,51,0,16,21,62,32,18,45,40,68,35,96,4,49,0
System-598,75,50,26,64,98,1,75,42,48,17,9,67,11,74,76,92,30,27,64,51,35,14,29,40,47,0
System-599,96,82,80,95,88,81,84,82,86,95,88,89,89,81,98,84,93,98,85,91,80,91,97,96,89,1
System-600,42,87,5,40,24,87,2,16,46,39,38,68,96,35,71,7,21,70,75,20,28,37,79,60,46,0
System-601,2,48,42,75,46,48,11,94,37,13,1,74,66,19,12,99,40,76,67,7,81,54,33,38,46,0
System-602,75,69,96,80,74,6,24,22,94,38,63,77,28,19,46,28,5,29,14,94,46,74,26,34,49,0
System-603,73,86,79,45,55,6,63,71,57,59,46,13,8,92,8,64,12,78,22,16,48,96,21,89,51,0
System-604,15,45,99,96,58,63,72,46,96,7,61,94,21,67,58,76,68,29,87,38,38,48,10,4,54,0
System-605,67,35,81,10,22,79,70,16,95,95,85,3,37,6,2,10,85,70,36,87,92,83,60,26,53,0
System-606,56,58,77,16,22,7,54,87,35,41,92,18,10,51,92,72,69,96,51,12,9,67,35,88,51,0
System-607,84,74,15,0,26,43,57,74,53,88,90,89,88,6,43,91,64,22,5,70,72,38,9,91,54,0
System-608,32,30,6,12,71,62,26,53,64,80,12,58,25,94,67,20,25,17,71,65,95,79,91,0,49,0
System-609,23,2,69,42,85,94,1,47,27,51,96,99,16,32,26,40,91,46,59,6,71,97,80,82,54,0
System-610,99,90,86,95,84,80,91,84,83,99,97,96,97,86,91,87,87,81,80,81,89,94,99,95,90,1
System-611,35,64,8,45,86,57,66,70,37,24,90,3,25,57,91,96,40,51,33,26,26,64,79,82,53,0
System-612,57,91,9,15,10,22,55,36,29,54,86,62,91,5,31,50,60,40,43,55,38,36,67,59,46,0
System-613,11,27,96,24,92,28,54,12,28,0,54,29,75,73,42,26,11,94,30,15,74,88,4,86,45,0
System-614,41,43,92,30,12,37,5,74,49,96,84,57,26,33,29,41,18,22,8,98,98,21,69,68,48,0
System-615,83,3,1,91,60,37,53,90,39,84,49,50,32,36,35,34,62,9,70,89,84,92,93,9,54,0
System-616,28,9,97,17,78,25,90,63,7,70,25,65,88,98,47,72,84,67,20,47,43,63,52,29,54,0
System-617,93,10,24,58,71,17,72,57,79,36,1,7,40,65,5,83,8,75,21,15,46,84,18,51,44,0
System-618,66,27,15,78,87,76,39,10,61,3,62,46,54,59,32,57,7,10,55,49,97,66,52,51,49,0
System-619,67,58,34,9,21,89,63,81,46,4,42,97,34,62,16,27,63,6,22,76,80,53,67,18,48,0
System-620,86,90,87,83,87,88,98,81,89,87,92,97,81,89,83,86,86,95,84,91,99,89,99,93,90,1
System-621,84,70,48,13,36,81,54,80,91,96,40,79,91,26,2,7,66,81,15,63,70,99,83,10,58,0
System-622,96,66,82,59,82,0,5,51,22,56,17,11,74,72,14,48,41,89,66,56,12,12,69,79,50,0
System-623,19,94,4,5,84,10,61,56,42,7,29,58,32,66,53,22,41,20,45,75,3,45,53,76,42,0
System-624,6,86,85,89,40,49,17,11,49,47,17,37,54,76,25,4,20,32,58,39,46,8,66,15,41,0
System-625,92,0,81,4,73,6,86,56,95,67,31,97,24,42,44,9,92,75,74,74,68,39,20,57,55,0
System-626,80,41,67,80,85,66,64,83,54,50,82,36,18,59,59,31,51,81,17,64,29,97,28,83,59,0
System-627,16,86,76,65,16,2,78,18,73,13,92,21,85,36,11,24,77,61,65,98,61,33,62,85,53,0
System-628,85,12,87,69,63,83,26,55,37,49,81,5,64,21,39,95,51,66,5,38,51,82,68,33,53,0
System-629,86,92,94,97,86,89,93,92,89,99,85,88,93,99,96,91,95,84,97,93,86,84,95,91,92,1
System-630,96,85,87,61,49,66,42,56,18,63,59,25,25,80,64,97,25,21,46,69,30,45,83,26,55,0
System-631,82,89,96,94,88,99,90,82,88,90,85,96,87,99,88,91,91,95,99,84,91,96,87,91,91,1
System-632,71,13,37,27,39,3,81,48,0,54,46,95,79,83,20,2,45,97,11,85,74,81,81,17,50,0
System-633,13,90,42,87,39,37,67,50,69,53,32,59,0,13,55,58,62,5,88,50,43,14,15,6,44,0
System-634,99,89,85,95,89,83,92,92,99,96,98,97,98,86,84,80,95,94,99,81,96,92,92,84,92,1
System-635,30,13,47,96,33,99,74,19,38,58,69,19,23,2,59,86,97,73,36,71,13,37,29,86,51,0
System-636,91,73,63,54,26,20,31,99,80,90,42,98,24,94,50,56,36,54,99,45,65,82,43,3,60,0
System-637,59,40,8,70,30,42,37,66,93,5,69,80,71,47,4,4,11,25,1,17,65,82,33,83,44,0
System-638,48,28,94,69,9,97,35,74,2,14,89,82,4,33,52,31,87,38,90,20,8,44,95,52,50,0
System-639,84,94,80,90,99,86,93,92,83,83,94,97,98,98,97,81,96,92,84,86,85,94,83,88,90,1
System-640,60,79,14,96,37,77,48,87,92,41,88,72,83,14,64,73,2,30,38,73,86,82,28,87,61,0
System-641,68,27,99,57,23,95,36,36,43,58,17,99,76,3,70,53,65,80,29,68,71,12,3,38,52,0
System-642,65,64,68,12,85,46,60,53,8,40,2,10,81,74,83,10,34,80,20,11,43,44,5,66,45,0
System-643,95,13,69,54,34,4,1,40,9,86,78,51,25,68,10,79,74,12,34,54,51,62,1,1,42,0
System-644,37,32,27,60,18,52,7,9,45,69,85,92,58,90,90,18,51,14,63,33,50,45,87,15,48,0
System-645,95,14,50,72,83,38,14,75,87,26,10,39,80,88,92,36,68,75,90,40,1,21,38,34,53,0
System-646,2,85,87,20,16,28,53,43,17,49,91,96,14,45,41,74,33,43,45,99,5,91,77,4,49,0
System-647,40,18,99,54,60,41,57,6,84,1,54,91,44,35,38,55,65,2,25,80,76,9,38,39,47,0
System-648,51,8,19,43,58,22,8,46,19,92,99,55,35,55,24,57,63,44,73,63,5,11,67,84,46,0
System-649,84,68,21,17,2,89,49,42,28,22,98,54,41,97,19,2,72,27,12,40,50,61,73,74,48,0
System-650,0,11,76,42,4,53,77,46,79,93,99,22,70,58,87,76,45,76,42,0,2,75,25,47,51,0
System-651,94,67,11,32,41,87,41,17,27,21,92,18,76,90,73,63,49,73,33,23,48,38,39,90,52,0
System-652,31,97,52,59,40,65,90,51,39,78,9,74,6,16,23,71,77,94,68,3,13,64,82,66,53,0
System-653,16,94,7,16,78,31,67,51,2,12,4,15,28,99,37,90,6,66,12,15,40,25,21,41,37,0
System-654,98,91,93,95,85,94,85,81,90,82,86,90,84,99,99,88,83,90,82,82,92,92,90,81,89,1
System-655,72,21,12,49,19,13,51,64,22,18,69,45,30,77,88,47,37,31,80,2,92,68,48,35,46,0
System-656,23,99,70,47,93,66,3,20,86,26,57,83,55,13,83,90,38,12,39,0,72,57,59,24,51,0
System-657,49,35,92,58,99,54,82,63,68,5,43,69,34,47,54,82,9,31,55,10,79,83,3,84,54,0
System-658,13,62,74,75,79,41,94,94,9,7,44,63,33,90,4,34,5,58,57,6,62,46,32,2,46,0
System-659,77,81,85,89,55,35,42,91,37,84,84,98,93,66,52,33,55,10,37,45,8,98,44,45,61,0
System-660,81,91,92,96,97,87,88,80,96,87,95,94,80,92,99,96,81,91,86,85,98,96,91,98,91,1
System-661,4,20,24,44,91,77,29,27,48,85,91,35,21,47,32,73,90,1,25,51,89,14,53,82,49,0
System-662,34,5,45,54,57,60,80,47,53,83,89,26,5,54,19,93,27,20,6,88,52,68,85,59,51,0
System-663,57,64,21,44,58,45,42,36,49,7,82,70,29,55,85,43,89,7,35,82,89,81,13,67,53,0
System-664,4,1,16,68,95,96,93,72,27,97,94,16,3,23,96,38,4,4,79,18,14,61,60,63,48,0
System-665,95,94,2,83,73,23,95,52,59,13,53,84,16,12,15,24,67,73,8,55,49,89,79,5,51,0
System-666,50,14,76,22,49,26,54,81,82,60,61,40,43,36,8,93,34,77,59,28,73,14,99,90,53,0
System-667,99,85,63,77,3,79,53,62,87,55,74,41,23,75,1,62,41,28,96,40,22,59,61,85,58,0
System-668,16,4,1,52,77,53,85,66,91,8,69,26,45,11,88,2,36,56,52,65,22,76,62,0,45,0
System-669,77,91,37,58,27,30,88,25,22,49,92,79,66,28,58,85,99,0,98,39,43,51,94,78,59,0
System-670,10,60,26,43,51,76,15,83,66,73,47,74,34,62,10,82,42,95,71,42,14,49,80,68,54,0
System-671,83,72,63,13,8,36,19,24,54,6,57,33,33,92,42,16,12,12,38,7,53,28,74,5,37,0
System-672,44,60,26,38,43,4,33,75,73,58,27,98,97,26,70,6,65,8,61,18,55,60,56,15,47,0
System-673,81,95,85,93,81,89,80,83,83,88,82,91,94,84,80,80,94,99,93,89,83,94,92,95,88,1
System-674,63,72,16,63,76,21,77,99,30,25,2,51,71,16,33,89,12,95,66,54,34,13,92,21,50,0
System-675,86,86,90,98,81,82,99,89,83,92,97,90,95,86,90,91,89,91,96,88,92,99,95,80,91,1
System-676,26,65,54,81,7,38,49,67,86,94,93,65,23,47,79,17,83,79,2,94,34,69,12,77,56,0
System-677,83,30,26,77,35,36,35,22,6,4,13,41,42,55,70,30,93,47,44,7,52,96,17,37,42,0
System-678,83,45,68,17,29,6,75,57,60,79,72,64,76,46,14,95,27,91,44,20,0,89,14,93,53,0
System-679,48,60,2,79,55,31,69,15,45,10,35,90,49,70,46,73,20,75,8,99,23,3,5,87,46,0
System-680,9,44,84,0,30,34,98,11,1,10,73,51,47,24,1,27,61,85,83,45,10,70,36,64,42,0
System-681,48,71,69,52,2,31,25,97,22,70,40,39,77,72,61,86,14,30,11,98,35,41,60,5,49,0
System-682,41,30,37,24,77,18,30,79,57,31,84,71,6,28,19,36,74,7,99,71,84,5,64,70,48,0
System-683,18,70,15,78,58,33,94,21,13,98,11,86,41,69,95,4,56,32,41,75,76,84,75,0,52,0
System-684,44,82,93,85,34,80,48,82,34,13,69,28,95,87,79,62,3,93,54,70,42,71,59,41,61,0
System-685,2,46,3,22,84,16,41,92,41,62,41,65,92,44,0,93,8,50,98,62,94,0,65,89,51,0
System-686,55,45,33,76,98,24,62,3,58,63,89,15,86,7,47,11,35,19,93,24,70,79,94,78,53,0
System-687,82,87,87,97,96,98,92,85,96,84,88,88,94,83,81,96,97,89,93,93,98,86,93,98,91,1
System-688,33,57,9,90,63,56,91,21,26,45,93,27,61,34,86,55,21,60,77,10,75,79,7,87,53,0
System-689,94,89,86,94,80,94,87,96,90,93,93,95,91,83,84,84,89,85,92,83,98,94,86,89,90,1
System-690,36,23,31,7,53,47,49,93,29,57,56,12,53,37,75,0,58,52,97,91,74,58,19,1,47,0
System-691,53,51,1,66,67,64,34,84,23,58,88,27,56,44,20,1,25,80,54,38,20,97,29,83,49,0
System-692,49,85,23,49,84,40,26,72,27,73,10,63,35,80,60,53,66,84,16,18,82,68,97,82,56,0
System-693,25,6,12,27,35,37,98,30,40,24,46,62,21,51,47,80,82,80,18,22,75,83,71,97,49,0
System-694,48,49,10,33,29,57,37,23,15,26,39,38,10,53,63,32,53,61,0,61,70,64,15,20,38,0
System-695,66,94,62,3,96,72,36,47,87,80,15,88,88,72,69,41,54,52,77,5,57,27,31,71,58,0
System-696,99,88,92,90,89,92,88,94,91,82,80,97,90,85,81,91,97,85,96,97,99,87,88,83,91,1
System-697,87,97,82,85,93,97,95,88,83,84,99,87,91,88,93,88,86,91,83,95,88,96,86,83,90,1
System-698,74,95,63,35,79,72,56,50,66,62,97,34,72,30,36,29,84,57,89,64,80,21,68,6,60,0
System-699,26,2,32,58,48,54,22,88,17,48,95,8,1,46,43,34,4,36,82,0,65,86,2,53,40,0
System-700,9,47,27,84,3,64,99,88,80,84,51,35,19,42,72,66,60,41,0,17,1,56,96,53,50,0
System-701,63,27,25,12,48,13,77,18,75,13,18,77,23,74,89,0,22,63,65,13,50,53,72,79,45,0
System-702,84,77,56,28,7,39,60,49,65,24,55,23,72,67,95,66,96,65,58,80,43,32,7,52,55,0
System-703,76,77,40,87,30,29,21,25,90,84,99,33,86,91,61,1,59,63,49,87,55,98,31,75,61,0
System-704,12,34,37,34,79,96,61,14,66,12,18,14,68,1,70,43,46,60,90,55,58,78,5,62,47,0
System-705,8,46,45,64,24,57,26,27,30,16,79,36,81,56,55,17,75,5,60,68,33,90,7,0,42,0
System-706,60,8,90,55,23,54,58,17,51,61,55,36,51,72,56,88,45,20,68,72,61,38,52,3,50,0
System-707,6,37,57,23,18,13,19,49,92,39,34,25,95,4,75,99,47,11,8,17,84,14,46,17,39,0
System-708,92,35,8,78,87,15,77,68,56,43,34,96,77,38,71,22,13,68,22,81,70,96,57,88,58,0
System-709,87,95,97,92,84,82,90,88,98,90,87,99,91,97,91,81,97,97,88,83,95,85,80,82,90,1
System-710,42,82,37,91,11,39,79,18,56,55,58,25,53,57,55,95,30,69,91,12,76,69,35,51,54,0
System-711,74,81,68,82,44,1,61,25,70,65,7,93,38,12,33,7,66,89,86,88,21,91,22,9,52,0
System-712,8,48,39,25,74,76,43,88,61,75,75,62,18,64,45,51,47,32,66,44,84,7,9,74,51,0
System-713,46,58,48,69,5,78,18,51,27,81,88,22,65,9,40,7,98,25,56,63,60,34,16,44,47,0
System-714,48,60,64,26,47,68,47,26,46,50,8,2,38,83,72,54,82,92,63,21,42,29,4,61,48,0
System-715,76,90,16,44,99,93,88,58,47,45,23,53,31,18,78,31,6,83,3,13,43,8,5,66,47,0
System-716,41,18,25,34,74,73,22,0,32,50,75,26,0,60,97,36,15,45,47,63,56,13,14,18,39,0
System-717,69,57,33,86,14,81,45,0,40,44,30,50,51,97,1,62,39,68,98,80,43,95,27,87,55,0
System-718,48,6,43,20,81,99,99,24,62,72,17,30,95,8,23,54,61,44,31,0,88,1,92,19,47,0
System-719,5,80,10,4,80,99,39,21,16,15,96,42,88,32,80,70,25,34,16,63,64,13,27,86,47,0
System-720,58,95,1,67,72,49,52,16,87,57,81,19,0,66,61,11,33,41,4,26,48,10,19,47,43,0
System-721,41,38,52,33,98,19,63,19,24,67,45,29,45,78,67,50,94,4,19,98,86,20,21,70,50,0
System-722,87,3,16,59,78,29,17,16,21,29,20,12,77,87,23,3,6,5,73,16,33,0,2,12,31,0
System-723,51,58,88,75,53,28,79,69,53,77,88,36,67,50,18,54,33,6,75,4,28,9,26,55,50,0
System-724,28,29,73,0,72,48,0,74,68,38,15,50,91,5,72,91,75,10,42,29,5,76,77,14,46,0
System-725,62,83,26,44,70,76,44,21,83,74,10,41,33,65,61,39,4,69,13,69,62,17,67,15,48,0
System-726,61,49,83,4,78,13,17,22,6,45,65,58,71,77,76,74,95,10,5,36,28,85,39,62,49,0
System-727,5,72,28,30,88,52,92,89,57,65,83,27,57,60,8,23,73,22,47,60,40,97,33,0,51,0
System-728,99,82,99,84,82,91,87,83,93,85,98,85,95,86,80,91,85,82,95,90,90,85,92,93,89,1
System-729,63,43,6,70,74,91,0,21,7,72,29,5,20,55,0,35,20,35,91,1,36,53,37,19,37,0
System-730,14,76,22,73,89,62,16,97,43,53,55,34,9,4,70,22,59,7,18,81,35,89,2,76,47,0
System-731,10,84,28,56,6,96,34,32,51,51,32,46,97,98,2,15,81,95,45,82,93,34,4,78,53,0
System-732,17,84,78,22,88,70,64,48,46,72,62,41,5,35,61,89,12,20,84,79,86,24,7,9,51,0
System-733,33,16,11,25,46,31,81,92,86,84,90,14,37,97,20,15,11,41,0,31,75,67,37,85,47,0
System-734,11,87,19,61,92,62,73,30,78,90,2,43,32,45,99,51,9,31,37,24,53,46,94,94,53,0
System-735,37,7,5,3,79,21,43,58,76,15,21,92,0,35,75,35,7,83,66,62,22,93,18,82,44,0
System-736,43,72,14,31,97,26,43,32,79,6,17,5,52,17,31,15,58,45,57,13,77,19,3,65,39,0
System-737,81,39,60,45,71,16,61,82,5,61,11,12,13,8,90,94,48,30,28,89,54,65,80,23,49,0
System-738,18,7,37,53,10,41,37,84,39,29,96,52,34,74,58,91,6,28,65,37,98,74,55,43,49,0
System-739,39,45,58,7,74,61,84,31,32,10,79,42,69,79,31,64,91,11,63,29,26,13,96,25,49,0
System-740,78,24,24,10,91,47,56,53,14,97,90,90,10,46,88,62,5,79,93,90,46,68,59,23,56,0
System-741,68,61,56,13,67,47,12,21,30,65,89,15,69,28,92,63,47,24,34,39,61,41,37,35,47,0
System-742,0,48,67,55,31,68,62,32,69,20,6,25,40,25,69,86,28,98,24,54,86,7,58,52,47,0
System-743,83,98,90,55,50,87,10,51,41,89,61,78,61,89,43,22,30,74,59,66,81,18,13,20,58,0
System-744,28,52,75,6,90,78,73,97,7,82,1,61,94,74,90,38,82,7,22,22,33,83,60,84,56,0
System-745,0,92,18,94,23,58,13,67,22,30,38,96,36,42,2,79,86,4,42,31,5,74,77,27,44,0
System-746,97,96,93,81,94,89,97,84,96,97,91,87,83,86,96,91,93,80,89,81,89,96,94,87,91,1
System-747,59,29,29,69,7,39,23,64,72,4,15,24,44,11,21,15,26,90,80,97,43,28,86,47,43,0
System-748,63,0,13,21,66,24,70,22,68,72,25,20,42,84,39,79,39,70,88,85,8,39,96,16,48,0
System-749,26,70,65,68,60,17,52,58,20,52,65,57,50,10,71,37,72,19,5,32,44,27,90,16,46,0
System-750,11,24,32,81,12,47,92,64,64,75,62,81,90,6,40,13,37,62,22,86,27,70,88,88,54,0
System-751,94,31,91,90,24,90,19,16,26,62,24,99,85,32,1,57,52,29,30,21,51,2,32,26,46,0
System-752,68,97,64,52,3,73,70,90,35,57,78,39,29,27,31,37,55,29,41,13,71,31,53,25,49,0
System-753,33,63,5,58,90,24,21,8,18,21,40,82,69,64,54,4,57,45,15,86,39,75,26,30,43,0
System-754,3,80,45,18,8,15,27,66,74,98,53,24,95,60,29,78,52,11,54,5,98,87,35,18,48,0
System-755,72,55,77,88,77,72,40,0,97,82,70,92,77,87,93,21,1,67,10,59,39,12,82,20,58,0
System-756,64,10,32,50,92,19,16,21,88,6,59,54,38,97,51,16,39,96,24,42,6,87,19,9,44,0
System-757,50,77,32,80,62,8,61,51,67,14,78,46,99,99,84,79,93,22,53,23,49,83,43,40,59,0
System-758,82,88,81,86,91,98,88,92,81,85,98,89,99,80,90,86,96,81,95,93,97,85,97,99,90,1
System-759,88,19,91,27,70,73,18,5,46,97,64,81,33,89,83,58,69,59,26,73,74,68,8,62,58,0
System-760,69,31,87,10,22,56,82,78,75,70,80,61,28,62,35,50,91,15,8,16,8,98,7,4,48,0
System-761,89,64,51,91,68,6,94,82,24,13,30,71,98,31,95,92,97,8,11,90,25,51,65,10,57,0
System-762,23,82,95,8,69,63,99,5,60,14,44,17,50,37,77,75,58,47,55,25,85,52,16,82,52,0
System-763,99,24,32,51,92,76,36,54,81,66,56,42,10,10,28,36,8,85,42,46,32,41,66,88,51,0
System-764,94,87,89,92,83,95,92,80,92,81,89,85,86,92,98,95,83,84,80,98,91,92,81,97,89,1
System-765,64,69,42,72,49,32,55,17,84,39,84,6,76,66,94,32,2,8,29,87,1,28,1,9,44,0
System-766,98,98,17,38,59,73,28,21,29,59,64,1,33,31,36,53,86,15,64,27,56,44,77,97,51,0
System-767,84,94,83,89,83,84,98,97,83,95,89,82,90,89,95,87,94,83,86,86,95,84,98,98,90,1
System-768,81,37,60,88,65,91,56,34,91,72,64,42,47,8,84,8,92,65,88,17,68,45,5,6,55,0
System-769,23,12,27,14,31,0,53,74,99,7,30,57,26,69,83,86,89,68,42,95,37,25,17,30,46,0
System-770,81,94,25,66,52,17,48,96,84,69,43,4,75,8,43,91,41,94,12,73,6,73,91,26,55,0
System-771,75,19,15,57,98,42,39,53,94,56,85,66,1,30,92,75,4,99,49,75,23,87,71,35,56,0
System-772,16,11,87,93,28,58,5,38,39,1,52,49,39,12,3,99,55,94,21,92,3,57,46,23,43,0
System-773,8,70,23,63,15,99,53,20,41,9,71,70,14,46,28,23,8,6,1,50,12,87,52,11,37,0
System-774,21,82,35,46,3,67,68,80,58,10,70,22,27,93,46,93,17,51,81,53,1,2,10,79,47,0
System-775,99,82,75,62,41,23,98,81,17,62,12,25,72,33,48,37,64,25,86,59,77,6,24,22,52,0
System-776,92,55,17,11,90,4,75,91,23,29,85,97,11,0,17,7,56,7,2,88,93,14,52,95,47,0
System-777,7,18,54,75,3,92,90,34,29,14,0,78,33,62,96,11,98,51,76,53,93,97,60,39,53,0
System-778,2,15,19,2,67,23,85,98,5,0,3,58,84,10,55,5,95,81,88,11,95,0,85,54,44,0
System-779,27,94,90,61,92,3,70,1,26,17,22,34,28,35,95,75,97,12,23,82,95,68,63,11,51,0
System-780,50,58,52,38,86,52,49,29,23,82,61,93,74,89,52,34,78,15,75,55,5,57,39,16,53,0
System-781,53,1,83,1,68,34,47,6,31,53,96,6,62,10,75,8,76,30,13,98,69,7,6,41,41,0
System-782,15,87,79,48,5,14,14,11,54,58,12,76,73,19,1,75,89,66,2,62,11,30,35,31,41,0
System-783,13,80,34,73,19,98,28,9,56,11,42,11,73,7,52,14,92,79,64,96,39,17,24,13,44,0
System-784,43,5,91,81,29,25,78,80,12,27,33,73,81,53,45,55,58,3,31,78,58,16,42,35,48,0
System-785,51,96,62,12,64,6,48,20,89,52,3,68,8,75,48,29,77,1,63,93,93,39,65,54,51,0
System-786,57,82,43,48,83,55,21,18,15,1,22,85,33,61,47,56,83,37,32,17,58,75,40,14,46,0
System-787,72,76,12,59,18,58,52,37,91,93,49,46,10,85,75,42,19,81,30,29,71,61,8,55,52,0
System-788,69,6,20,51,81,75,17,61,60,67,72,4,46,26,61,81,11,75,1,55,40,81,87,72,51,0
System-789,22,5,95,44,39,3,82,86,32,20,87,28,43,80,0,41,65,94,94,19,7,46,43,83,49,0
System-790,94,89,78,17,98,51,44,69,62,52,4,69,20,85,94,78,79,50,62,54,4,34,9,46,56,0
System-791,56,40,11,67,83,72,48,67,66,81,10,81,57,26,29,34,7,81,77,41,50,83,30,67,53,0
System-792,82,71,76,1,78,19,74,79,24,38,24,59,55,51,59,42,53,48,96,27,51,86,68,90,57,0
System-793,95,10,24,51,71,90,44,35,76,41,67,84,95,15,33,61,2,91,95,91,70,96,48,70,61,0
System-794,59,6,81,69,80,79,7,50,98,37,66,41,37,48,43,66,0,90,30,88,91,42,74,38,55,0
System-795,57,63,64,27,24,45,23,19,56,96,25,16,46,7,79,59,90,71,31,64,79,48,82,91,53,0
System-796,76,51,22,27,87,92,38,4,15,3,91,54,14,31,38,67,68,7,19,50,37,35,40,28,42,0
System-797,29,22,3,3,32,4,44,29,79,43,8,10,21,56,6,95,97,97,82,69,47,50,47,8,41,0
System-798,17,93,0,77,70,90,41,15,53,17,76,32,34,50,31,19,12,31,26,69,15,6,26,52,40,0
System-799,34,88,69,9,13,1,77,51,87,97,21,71,86,32,6,77,63,27,65,81,35,72,37,83,54,0
System-800,57,95,96,93,0,80,68,81,9,42,21,76,64,39,21,10,18,85,74,80,27,76,38,28,54,0
System-801,27,75,2,30,50,97,93,96,4,66,86,15,81,72,14,25,1,79,77,23,13,84,26,60,50,0
System-802,19,52,36,89,5,38,54,67,0,31,86,39,14,27,12,12,48,22,88,28,38,73,26,71,41,0
System-803,95,97,83,14,92,3,0,73,36,89,95,11,66,55,64,87,21,74,49,95,28,29,50,59,57,0
System-804,95,73,52,63,2,74,60,1,26,14,93,85,43,67,24,64,41,19,62,52,13,53,68,14,49,0
System-805,11,83,76,14,27,99,60,23,8,34,81,18,98,85,11,59,38,60,34,36,30,59,7,93,48,0
System-806,54,21,14,21,32,0,7,33,34,15,90,79,86,84,93,33,70,66,7,3,69,54,98,4,45,0
System-807,66,98,79,85,57,56,52,3,32,4,29,90,21,9,89,62,42,2,34,10,68,5,31,94,47,0
System-808,14,44,71,45,62,92,12,51,27,92,0,96,14,53,12,16,2,60,26,3,50,90,12,98,44,0
System-809,25,10,86,14,73,18,15,56,41,22,29,49,86,64,47,56,99,84,97,42,98,46,73,73,55,0
System-810,24,92,38,92,43,1,81,55,86,22,28,70,38,84,85,57,25,36,13,99,32,48,14,53,51,0
System-811,85,23,47,4,40,79,58,14,50,81,72,34,13,46,86,54,47,93,18,26,43,59,49,70,50,0
System-812,70,77,18,78,32,27,98,4,35,29,62,49,49,6,94,53,48,73,41,2,45,76,58,87,51,0
System-813,82,95,83,83,91,96,88,83,91,82,86,96,88,97,80,96,81,87,89,83,90,97,91,98,89,1
System-814,54,83,2,76,60,60,95,92,52,69,47,62,3,20,41,2,45,44,39,26,96,6,17,38,48,0
System-815,27,87,7,9,12,70,58,31,60,76,53,84,10,13,28,39,65,95,55,45,53,53,62,49,48,0
System-816,85,97,96,90,91,84,96,88,89,87,85,81,94,87,82,83,94,97,83,92,84,81,96,80,89,1
System-817,46,54,96,32,36,9,53,56,65,23,82,28,20,34,20,87,74,16,29,86,7,71,5,72,46,0
System-818,92,15,97,7,35,21,95,21,43,4,54,92,19,42,49,82,48,29,4,74,4,17,62,91,46,0
System-819,97,82,95,97,93,81,89,89,86,89,86,95,90,92,91,99,84,96,91,96,98,82,85,85,91,1
System-820,88,95,89,98,94,90,84,86,96,81,94,94,82,81,87,85,80,84,91,82,88,95,85,87,89,1
System-821,30,38,19,1,19,50,33,31,41,83,86,7,9,17,60,64,71,0,74,7,47,95,30,11,39,0
System-822,12,98,95,23,15,33,66,93,80,46,15,80,28,54,99,26,25,6,33,19,83,87,63,53,52,0
System-823,96,91,87,84,94,94,94,88,84,98,81,96,91,93,83,99,83,94,97,94,92,84,95,90,91,1
System-824,93,88,88,83,80,89,97,87,95,93,92,82,85,91,80,81,90,92,95,96,82,80,92,99,89,1
System-825,89,63,28,74,19,16,44,83,79,34,57,70,79,74,4,20,79,15,7,15,20,60,67,84,50,0
System-826,79,15,96,45,0,76,47,42,35,94,55,20,77,93,25,10,80,30,4,83,44,16,41,54,49,0
System-827,34,77,36,21,57,90,15,97,44,59,36,42,38,13,60,97,43,21,0,32,27,96,22,41,46,0
System-828,91,84,30,98,2,3,46,87,30,16,15,30,5,40,58,94,65,1,64,6,14,20,5,39,40,0
System-829,87,17,97,84,70,56,55,69,53,78,54,94,82,45,49,58,49,90,34,93,59,73,46,64,65,0
System-830,5,70,86,62,4,97,21,93,8,68,45,3,61,29,79,36,27,23,54,89,8,88,37,97,50,0
System-831,14,52,87,4,34,73,28,87,70,65,65,73,58,65,94,67,0,74,61,74,80,3,29,14,53,0
System-832,32,42,97,45,92,37,15,58,3,81,13,59,6,60,43,89,53,14,23,45,95,84,0,19,47,0
System-833,76,80,76,17,70,24,10,19,98,80,90,87,61,79,13,6,62,71,86,19,10,88,29,37,54,0
System-834,41,17,25,22,53,65,27,95,33,8,58,75,68,60,82,58,13,5,40,99,10,7,18,87,45,0
System-835,17,2,74,1,70,68,21,97,81,20,99,33,47,37,58,35,25,3,93,32,82,15,44,88,48,0
System-836,85,0,5,66,46,28,62,4,73,37,49,69,37,45,16,80,30,39,44,41,29,90,13,10,42,0
System-837,37,85,78,29,81,97,17,66,92,35,30,76,15,4,42,40,15,22,71,64,32,15,56,4,46,0
System-838,21,55,17,86,37,75,66,90,10,74,68,71,47,73,46,78,52,39,57,86,44,24,55,74,57,0
System-839,57,40,16,77,19,97,86,7,46,56,87,47,5,67,15,20,53,25,93,54,68,45,47,45,49,0
System-840,6,93,11,23,52,61,95,70,60,96,49,39,53,51,60,78,78,19,49,30,63,69,21,74,55,0
System-841,22,24,82,22,8,58,44,60,64,83,33,48,97,96,66,41,38,18,93,15,17,48,40,44,49,0
System-842,2,66,83,25,85,4,53,23,22,10,78,67,33,95,77,70,0,38,65,25,60,41,34,90,48,0
System-843,90,93,99,86,85,85,95,94,85,87,82,93,95,96,94,88,92,97,99,87,84,91,89,82,91,1
System-844,97,15,82,9,68,52,15,76,62,19,74,74,46,45,75,12,12,28,27,53,18,94,95,84,52,0
System-845,51,92,52,37,69,41,12,38,24,33,41,64,77,87,52,23,6,47,86,43,29,59,93,97,53,0
System-846,10,91,99,18,26,64,40,73,75,74,9,87,65,27,46,53,60,35,78,23,38,78,87,20,54,0
System-847,89,47,40,31,58,33,90,20,75,65,35,43,29,7,10,67,56,25,36,25,93,41,21,83,47,0
System-848,90,85,96,97,89,94,90,84,83,81,80,95,90,90,90,97,96,95,82,91,96,97,97,96,91,1
System-849,6,46,74,92,3,7,13,18,10,13,96,61,1,78,26,74,34,96,36,99,75,26,82,70,48,0
System-850,34,60,43,57,26,46,11,47,64,70,77,81,88,35,33,11,45,32,25,71,45,0,49,55,47,0
System-851,26,20,2,89,9,71,5,68,19,52,39,4,86,38,77,37,65,65,79,33,55,25,80,20,45,0
System-852,77,88,65,42,96,97,84,31,4,80,58,24,65,46,93,33,62,12,99,23,16,44,99,16,57,0
System-853,85,98,95,90,81,97,82,80,90,81,90,88,91,91,97,88,92,89,99,95,95,95,81,83,90,1
System-854,7,36,22,63,16,4,40,72,78,23,94,99,3,38,12,41,47,34,83,95,29,31,36,33,44,0
System-855,90,83,82,85,87,87,91,87,80,87,82,92,82,98,96,83,91,82,96,92,84,81,89,92,88,1
System-856,55,74,1,88,73,33,53,53,13,91,62,85,0,50,14,7,94,24,22,95,57,7,7,7,45,0
System-857,93,72,79,51,87,78,81,77,29,35,59,39,50,8,36,16,27,63,27,22,90,13,78,44,53,0
System-858,61,66,22,60,63,9,9,94,85,80,9,1,56,3,8,84,67,64,4,64,1,19,49,65,44,0
System-859,61,40,11,79,77,0,69,43,96,94,24,76,59,5,76,84,77,48,73,29,14,90,58,20,55,0
System-860,58,77,59,84,1,60,18,96,94,85,0,60,57,50,72,86,36,47,28,10,36,98,78,16,55,0
System-861,56,29,91,44,89,17,21,40,82,91,0,42,74,19,98,17,55,23,38,74,93,79,93,14,54,0
System-862,84,47,68,64,50,64,70,77,19,6,15,26,36,89,85,92,3,81,27,9,12,30,56,2,47,0
System-863,95,84,96,90,93,96,84,96,81,86,85,97,88,80,89,88,98,98,92,80,94,89,96,90,91,1
System-864,60,12,51,67,79,66,76,21,54,48,15,62,75,78,78,29,24,25,87,3,78,57,9,79,52,0
System-865,35,91,74,87,59,79,42,48,36,41,96,85,75,14,91,22,33,73,6,80,59,14,48,36,56,0
System-866,43,93,71,2,87,99,40,4,37,38,46,55,75,42,20,1,20,10,85,75,36,68,50,46,48,0
System-867,75,57,72,40,19,7,40,79,34,22,45,79,31,9,89,51,1,9,59,50,68,19,12,18,42,0
System-868,86,22,4,9,64,28,85,5,23,11,46,39,20,4,61,40,93,7,61,98,7,56,35,89,42,0
System-869,6,99,29,93,75,24,48,55,53,93,80,41,0,5,91,62,83,83,95,93,93,76,59,3,60,0
System-870,91,62,2,89,78,33,7,71,53,71,48,85,60,84,42,6,37,91,13,7,51,64,61,80,54,0
System-871,42,33,23,30,36,96,44,96,76,91,76,10,46,33,44,53,84,91,90,37,23,13,76,89,56,0
System-872,84,49,56,44,19,76,8,44,34,44,87,24,94,71,83,20,83,83,27,85,84,67,87,21,58,0
System-873,71,88,16,50,97,29,73,72,56,11,93,57,92,75,33,90,1,49,12,43,47,0,35,98,54,0
System-874,8,17,59,18,16,42,81,31,70,23,78,84,50,90,90,92,1,74,13,14,63,26,25,41,47,0
System-875,24,14,85,72,97,83,94,73,19,43,86,55,59,78,66,50,70,20,90,56,11,68,37,81,60,0
System-876,62,86,40,36,52,94,48,12,37,55,56,56,86,66,55,7,56,94,54,0,44,10,63,65,52,0
System-877,86,90,96,89,86,89,90,93,83,86,94,90,95,84,83,85,91,95,89,87,98,86,89,93,90,1
System-878,42,93,82,0,77,84,66,94,95,84,34,76,87,6,11,90,37,37,50,81,17,30,98,45,59,0
System-879,7,50,70,27,61,16,66,62,85,94,50,69,85,94,53,86,33,20,49,95,70,31,6,86,57,0
System-880,94,91,84,82,98,84,88,82,98,94,92,88,84,90,98,81,82,98,84,99,91,83,88,89,90,1
System-881,33,85,49,2,17,90,28,5,99,10,76,19,75,31,99,52,0,22,47,95,10,80,52,43,47,0
System-882,98,44,53,82,46,0,64,65,54,86,37,12,72,60,14,44,10,55,33,94,88,14,85,5,51,0
System-883,52,36,94,23,3,10,69,67,77,67,87,51,87,7,81,43,88,16,81,59,11,75,29,25,52,0
System-884,84,0,50,55,61,45,21,60,15,39,3,51,9,27,57,65,53,79,3,26,78,98,80,59,47,0
System-885,82,91,88,96,84,94,93,84,96,98,99,80,90,96,90,89,94,94,99,88,88,91,98,91,92,1
System-886,5,55,46,21,23,60,12,44,76,83,46,30,52,85,55,64,84,55,47,27,21,78,41,44,49,0
System-887,34,52,72,55,42,51,94,28,45,70,76,67,45,34,4,32,34,51,62,4,33,19,31,49,46,0
System-888,35,91,28,39,81,60,83,96,76,10,78,44,47,83,42,91,3,44,3,95,70,15,78,82,58,0
System-889,96,27,58,60,21,14,70,29,58,87,1,2,92,55,1,30,53,5,61,91,42,44,70,50,47,0
System-890,46,24,86,89,95,21,25,18,63,5,62,29,47,21,44,10,95,32,69,14,59,34,67,56,47,0
System-891,33,10,10,73,22,52,25,22,92,70,40,7,82,19,69,86,75,63,55,35,91,65,32,95,51,0
System-892,71,54,97,50,22,88,21,28,14,40,25,25,81,75,10,48,80,36,9,69,97,23,20,22,47,0
System-893,81,48,96,98,87,96,15,97,13,26,37,80,82,61,87,19,95,91,69,37,56,60,38,56,64,0
System-894,7,49,45,87,75,12,54,15,78,92,82,37,82,4,67,1,15,4,92,6,45,13,2,25,42,0
System-895,56,47,19,73,4,55,72,67,48,46,49,5,9,31,25,13,57,97,14,35,71,60,41,64,45,0
System-896,86,96,80,89,98,82,88,89,95,90,85,82,98,98,94,97,94,84,91,81,81,85,99,86,90,1
System-897,53,8,37,47,35,44,22,51,41,73,91,56,62,11,20,32,39,40,34,14,51,45,34,22,41,0
System-898,68,94,38,70,82,82,60,66,13,89,89,6,52,4,3,23,54,10,77,45,90,17,65,4,51,0
System-899,60,24,7,60,94,73,77,9,9,51,75,77,81,49,85,26,70,39,49,63,69,77,64,16,55,0
System-900,18,76,97,69,78,92,1,15,63,53,71,29,17,59,9,72,97,86,3,49,15,25,91,27,51,0
System-901,23,77,15,18,52,21,87,6,62,21,66,72,67,77,39,55,95,44,5,24,66,75,23,42,48,0
System-902,99,39,68,41,36,26,90,12,9,63,77,62,92,44,29,76,62,91,96,60,26,95,50,13,57,0
System-903,51,66,89,74,23,61,19,9,38,47,32,3,20,76,97,92,61,52,54,18,36,19,61,47,48,0
System-904,6,57,60,1,27,51,6,63,41,87,3,38,42,0,16,3,9,45,36,67,74,64,99,75,41,0
System-905,45,89,33,43,62,33,16,37,3,50,77,35,72,42,93,53,88,34,6,77,92,70,16,28,50,0
System-906,14,45,70,79,84,5,13,67,2,34,84,90,74,44,65,7,9,2,7,84,28,96,1,18,43,0
System-907,15,57,66,82,56,84,65,68,10,49,84,65,32,15,12,53,82,29,79,36,93,84,45,99,57,0
System-908,25,57,43,11,60,34,68,78,11,37,91,69,18,95,28,43,65,34,66,52,46,21,97,56,51,0
System-909,80,33,27,64,23,86,63,76,59,21,47,64,41,99,50,32,41,51,76,98,62,18,66,39,55,0
System-910,62,39,54,6,68,42,27,3,44,51,31,14,84,54,64,19,38,76,9,29,7,45,85,33,41,0
System-911,97,84,90,85,86,91,82,88,93,95,89,91,82,82,80,91,91,84,95,90,83,87,95,90,89,1
System-912,47,30,73,46,76,15,24,2,93,98,80,59,40,43,62,7,83,46,51,34,64,27,27,9,48,0
System-913,68,21,41,21,9,66,64,98,56,21,11,64,9,90,81,96,67,59,57,0,33,47,90,91,53,0
System-914,39,11,38,23,33,46,42,35,28,86,22,32,10,22,25,59,62,95,96,38,62,28,37,14,41,0
System-915,56,64,18,23,33,56,33,46,62,84,6,70,86,78,76,51,96,37,26,57,30,16,54,77,52,0
System-916,4,49,30,97,99,95,15,40,16,62,76,19,85,66,49,74,91,89,36,53,35,64,88,17,57,0
System-917,86,51,37,62,90,24,87,77,63,16,33,91,79,77,59,80,71,60,99,21,10,13,64,85,60,0
System-918,42,41,99,88,2,54,9,25,92,65,19,0,72,15,82,58,57,36,99,6,44,17,70,9,46,0
System-919,12,23,65,77,62,80,16,95,48,0,64,59,78,8,15,5,95,28,3,38,29,40,26,76,44,0
System-920,63,67,81,39,21,59,59,2,52,72,65,52,29,58,3,20,73,68,95,38,10,79,66,33,51,0
System-921,83,97,90,92,83,90,93,89,83,83,87,91,80,95,89,92,90,84,87,96,93,87,80,89,89,1
System-922,48,81,81,34,85,91,91,49,62,29,79,33,33,54,7,74,41,5,54,88,2,54,98,20,54,0
System-923,87,25,86,25,18,5,44,28,18,29,33,84,4,30,45,25,90,79,94,89,67,40,30,9,46,0
System-924,77,1,70,29,6,13,73,79,65,34,53,36,12,23,55,12,71,56,44,55,30,63,2,55,43,0
System-925,86,34,35,88,34,73,92,12,14,64,78,28,81,42,35,35,94,53,22,38,94,69,5,11,51,0
System-926,52,76,42,27,43,31,77,36,92,52,48,9,16,64,99,66,88,11,10,13,63,75,44,48,50,0
System-927,75,55,0,43,22,1,48,96,96,9,85,75,68,24,82,85,22,16,91,10,54,99,40,83,54,0
System-928,51,40,28,76,1,10,75,13,65,54,24,82,55,63,1,40,35,30,27,76,87,6,45,86,45,0
System-929,3,4,5,29,34,48,95,42,27,22,26,76,14,40,13,14,56,55,92,94,55,50,94,50,44,0
System-930,9,61,41,7,48,39,77,77,86,88,45,29,62,42,80,67,26,40,27,77,71,53,74,95,56,0
System-931,32,84,78,89,18,90,23,97,9,8,18,89,21,13,95,43,92,45,56,47,86,96,86,61,58,0
System-932,97,71,61,36,35,63,58,33,43,75,7,64,11,46,15,76,11,70,26,33,34,88,9,46,47,0
System-933,88,91,81,95,89,80,83,88,87,98,91,95,81,82,81,87,92,84,92,97,95,87,88,85,89,1
System-934,50,67,1,41,61,22,25,46,84,69,38,32,85,60,5,21,22,8,48,1,85,96,28,13,42,0
System-935,64,67,18,17,57,42,80,75,81,85,46,60,98,89,81,40,33,71,3,15,39,94,36,85,58,0
System-936,50,25,87,52,2,43,67,64,27,36,51,31,20,3,94,73,16,81,50,69,10,5,59,27,44,0
System-937,86,12,46,40,98,92,22,66,87,20,4,45,9,46,37,98,93,80,14,41,47,6,3,14,47,0
System-938,82,81,83,96,88,81,82,92,98,87,88,95,83,92,98,92,80,98,88,96,95,97,87,83,90,1
System-939,91,11,55,98,59,19,85,39,36,13,41,35,1,99,29,73,4,69,70,40,66,81,73,42,52,0
System-940,77,92,6,75,95,98,61,56,71,77,46,23,74,21,54,60,31,51,68,98,25,32,92,29,59,0
System-941,27,19,50,34,90,2,17,56,51,99,60,32,33,3,17,6,38,97,32,88,43,34,49,0,41,0
System-942,3,77,87,34,7,21,57,70,64,75,31,86,67,95,46,50,55,88,25,25,88,17,12,51,52,0
System-943,19,50,70,83,34,39,94,31,40,72,70,66,67,54,57,34,31,88,75,41,79,38,40,2,54,0
System-944,33,93,68,46,13,98,85,70,13,39,89,92,0,78,84,0,57,10,74,47,63,40,62,29,54,0
System-945,97,95,24,52,53,22,35,55,91,91,76,85,50,23,98,42,89,35,46,43,25,55,71,8,57,0
System-946,85,85,98,84,82,92,85,99,93,89,99,84,98,91,89,90,83,94,91,90,99,98,97,85,91,1
System-947,29,80,53,62,84,82,23,9,77,34,77,11,89,69,87,56,31,57,54,58,55,83,3,24,54,0
System-948,16,36,29,3,81,24,81,70,70,43,24,83,68,6,76,24,80,36,78,73,2,47,76,81,51,0
System-949,41,81,96,1,79,33,45,48,3,37,66,73,44,11,21,93,79,90,43,74,92,6,60,8,51,0
System-950,32,34,23,25,59,94,67,71,1,91,6,51,92,49,92,83,45,3,48,19,61,72,20,19,49,0
System-951,89,52,51,25,56,60,37,60,32,35,65,74,19,19,15,91,42,31,54,18,51,9,5,31,43,0
System-952,12,69,54,21,36,42,39,73,54,55,20,64,70,80,60,30,56,33,18,37,38,27,46,66,46,0
System-953,47,44,96,46,6,24,63,59,27,99,69,6,43,22,33,47,20,24,67,88,47,60,76,0,47,0
System-954,89,84,88,94,87,86,88,99,81,87,97,92,98,80,81,90,81,80,89,93,92,98,89,90,89,1
System-955,86,96,83,81,83,99,85,98,86,94,85,82,82,91,92,84,91,84,91,94,87,87,95,82,89,1
System-956,39,43,68,41,50,71,49,50,39,0,12,74,67,58,45,94,62,48,97,14,94,37,48,67,53,0
System-957,1,45,79,66,82,14,42,69,44,60,58,28,55,43,25,95,15,83,25,10,15,72,73,3,46,0
System-958,35,4,51,92,39,0,60,73,43,3,63,80,19,67,52,78,0,79,16,93,32,11,12,24,43,0
System-959,36,2,92,13,84,93,70,68,37,34,64,7,75,24,41,37,92,77,93,3,61,78,45,27,53,0
System-960,34,14,62,8,90,1,39,47,13,2,63,59,53,40,67,69,91,74,73,23,22,74,46,8,45,0
System-961,65,95,29,70,7,69,80,79,14,1,10,18,79,27,42,0,40,88,10,74,96,55,11,20,45,0
System-962,71,13,35,80,57,80,1,18,9,89,71,37,70,74,0,17,49,88,96,95,52,44,68,33,52,0
System-963,64,3,34,40,17,14,69,81,81,40,96,5,21,50,64,5,33,6,94,38,52,71,78,15,45,0
System-964,47,62,19,8,48,17,91,70,50,23,1,18,62,50,16,21,2,80,60,45,89,11,67,52,43,0
System-965,27,91,18,54,14,0,60,27,8,37,14,12,16,57,51,1,35,85,3,73,97,59,72,93,42,0
System-966,74,28,3,81,41,82,36,29,16,85,39,38,84,21,42,53,63,2,18,87,76,28,6,59,46,0
System-967,88,80,94,85,93,97,98,91,98,88,95,92,94,86,95,95,91,98,81,81,86,98,96,90,92,1
System-968,89,87,92,93,96,85,82,83,92,86,90,94,83,99,95,80,91,88,89,87,82,94,82,89,89,1
System-969,49,87,79,20,83,3,54,70,97,79,42,85,56,6,80,86,50,53,62,43,43,76,19,74,59,0
System-970,27,16,87,56,21,39,23,69,14,27,95,1,51,97,89,93,77,67,56,80,30,73,96,97,58,0
System-971,36,67,52,87,61,44,8,63,37,2,54,79,74,78,99,16,80,17,57,30,16,76,52,88,54,0
System-972,38,99,58,90,6,62,29,35,10,15,12,2,98,47,57,63,54,42,68,47,8,22,42,81,46,0
System-973,91,55,50,33,60,53,30,79,31,93,94,92,77,54,48,60,91,78,50,5,38,77,46,65,61,0
System-974,64,36,57,4,95,71,74,30,50,98,39,19,7,62,49,30,25,85,10,95,26,87,7,65,50,0
System-975,87,62,60,15,57,54,23,0,69,11,60,20,95,74,44,50,23,57,39,49,55,58,12,58,48,0
System-976,79,36,89,76,33,13,67,61,28,26,11,55,41,58,34,80,50,29,1,36,18,37,14,31,42,0
System-977,59,22,81,12,69,17,69,96,50,73,31,27,82,69,88,40,34,76,47,46,97,96,76,50,59,0
System-978,92,89,3,97,27,51,76,18,85,28,55,73,96,99,31,61,94,4,0,82,36,75,92,76,60,0
System-979,43,72,50,39,2,54,72,83,35,12,70,92,22,52,49,17,49,97,99,88,83,6,96,99,58,0
System-980,87,87,91,92,87,89,85,94,94,83,88,90,86,89,95,85,82,93,82,89,80,89,81,91,88,1
System-981,83,84,98,80,95,83,86,82,84,84,87,95,88,80,97,98,94,90,82,86,82,84,94,83,88,1
System-982,10,36,71,32,99,71,1,27,30,33,20,39,78,94,6,41,45,83,91,21,38,36,34,91,47,0
System-983,89,99,94,81,89,84,85,96,83,86,97,94,92,92,90,99,96,82,93,84,91,94,90,88,91,1
System-984,47,32,41,17,30,3,10,66,73,70,74,88,20,86,49,92,68,80,18,60,90,88,1,66,53,0
System-985,76,31,86,18,44,11,7,23,34,72,43,50,54,23,35,7,35,17,35,13,35,66,59,4,37,0
System-986,18,47,60,28,83,95,34,80,35,73,63,82,49,85,2,31,99,3,88,63,65,67,43,31,56,0
System-987,95,28,69,82,46,57,70,37,56,29,44,39,68,56,71,47,57,63,21,51,46,44,34,68,54,0
System-988,55,40,39,68,96,84,93,58,10,77,29,79,6,29,10,14,72,32,89,5,4,83,95,72,52,0
System-989,65,78,80,28,54,24,11,83,25,1,96,26,70,38,31,93,29,28,71,70,13,17,96,88,51,0
System-990,89,84,99,88,85,85,85,91,93,90,91,87,93,88,84,94,92,99,80,94,85,97,93,93,90,1
System-991,83,51,64,9,95,63,16,76,77,96,22,31,20,18,37,35,76,56,4,20,91,80,20,97,52,0
System-992,91,19,42,50,85,62,64,33,43,82,51,39,48,7,28,59,60,28,39,56,16,24,45,84,49,0
System-993,33,96,99,67,21,20,88,24,8,69,24,23,54,78,66,29,38,88,95,19,90,78,13,84,55,0
System-994,62,67,34,0,64,83,25,62,8,90,61,35,79,6,56,86,88,47,10,69,77,48,51,75,54,0
System-995,80,84,99,90,85,99,87,97,84,85,80,85,95,97,83,91,80,95,98,88,81,88,80,92,89,1
System-996,87,82,86,90,95,87,83,85,95,89,93,88,96,82,96,85,98,92,81,81,90,98,82,94,89,1
System-997,98,87,95,97,84,90,80,80,99,80,96,87,84,99,89,91,87,85,90,89,92,82,96,82,90,1
System-998,41,74,3,41,17,7,61,53,72,98,59,14,85,35,92,30,40,48,88,73,52,22,68,39,51,0
System-999,42,56,34,55,21,47,63,4,39,51,68,67,83,18,88,82,87,22,92,48,14,40,53,47,51,0