SystemName,4.1.1,4.1.2,4.1.3,4.2.1,4.2.2,4.2.3,4.3.1,4.3.2,4.3.3,4.4.1,4.4.2,4.4.3,4.5.1,4.5.2,4.5.3,Result,Compliance Status
System-0,26,24,56,26,58,89,39,21,99,50,9,4,10,62,79,44,Not Compliant
System-1,57,47,78,80,19,9,43,42,46,72,67,98,9,40,33,50,Not Compliant
System-2,83,70,61,98,65,0,81,29,66,93,13,11,10,55,27,51,Not Compliant
System-3,26,10,43,72,31,60,51,38,57,25,70,0,92,53,71,47,Not Compliant
System-4,89,74,47,25,24,63,76,52,62,27,7,28,27,31,54,46,Not Compliant
System-5,2,31,67,95,39,71,7,69,62,10,77,85,60,12,98,53,Not Compliant
System-6,81,84,93,96,97,83,96,94,87,84,91,98,90,87,93,91,Compliant
System-7,75,47,65,91,18,58,63,49,9,34,33,67,85,32,69,53,Not Compliant
System-8,66,82,98,49,3,50,59,86,87,44,52,45,72,40,65,60,Not Compliant
System-9,87,94,99,87,90,86,83,99,95,83,81,89,99,97,86,91,Compliant
System-10,84,45,66,64,59,2,78,24,12,56,6,76,20,21,86,47,Not Compliant
System-11,12,35,66,75,86,72,96,60,35,57,21,65,22,10,84,54,Not Compliant
System-12,32,80,61,83,91,8,84,24,58,52,39,31,33,33,16,49,Not Compliant
System-13,87,33,58,14,34,96,69,39,59,93,30,37,79,81,67,59,Not Compliant
System-14,93,83,64,79,13,28,82,69,13,70,44,0,7,25,83,51,Not Compliant
System-15,92,51,80,72,7,60,82,54,32,8,66,30,60,42,68,54,Not Compliant
System-16,52,76,82,7,97,64,44,68,34,87,78,63,18,96,43,61,Not Compliant
System-17,50,96,21,35,5,49,88,65,47,53,84,43,88,72,76,59,Not Compliant
System-18,52,31,17,91,34,35,77,72,64,69,61,19,24,55,22,49,Not Compliant
System-19,85,46,19,11,16,45,25,18,73,79,56,75,17,85,89,50,Not Compliant
System-20,93,3,40,76,76,97,64,42,99,38,86,90,37,68,66,65,Not Compliant
System-21,20,64,92,84,9,72,19,26,67,60,87,18,76,72,55,55,Not Compliant
System-22,27,97,1,81,67,80,90,10,9,14,19,52,81,26,39,47,Not Compliant
System-23,63,73,31,10,0,30,35,26,13,18,44,55,40,2,35,32,Not Compliant
System-24,92,69,54,79,35,89,53,63,8,76,65,35,64,4,98,59,Not Compliant
System-25,61,8,13,11,30,18,69,51,41,13,38,18,63,69,64,38,Not Compliant
System-26,86,24,71,82,76,67,48,57,26,41,45,63,88,9,51,56,Not Compliant
System-27,44,72,62,15,41,68,85,8,10,75,58,38,96,31,13,48,Not Compliant
System-28,12,78,26,88,77,2,80,27,6,71,57,7,45,36,49,45,Not Compliant
System-29,13,81,7,56,43,96,23,26,31,80,70,73,31,27,7,45,Not Compliant
System-30,52,63,80,79,98,78,35,54,48,91,50,38,17,31,21,56,Not Compliant
System-31,72,94,94,39,99,96,3,60,92,96,22,56,93,14,74,67,Not Compliant
System-32,18,88,36,44,26,46,22,26,6,75,66,8,34,54,97,44,Not Compliant
System-33,9,86,13,97,44,82,26,41,64,18,21,82,74,75,86,55,Not Compliant
System-34,89,29,14,76,89,80,80,60,66,68,72,65,99,25,41,64,Not Compliant
System-35,95,82,95,91,92,84,97,94,95,86,95,87,88,89,93,91,Compliant
System-36,31,73,9,75,4,85,66,17,35,43,62,87,9,81,18,47,Not Compliant
System-37,60,61,30,50,20,67,95,36,5,22,45,56,61,47,65,48,Not Compliant
System-38,83,96,92,90,91,86,95,86,86,90,95,85,90,92,88,90,Compliant
System-39,36,21,75,53,99,82,98,0,66,44,90,61,62,95,68,64,Not Compliant
System-40,96,80,92,92,97,91,94,97,83,80,90,81,81,83,88,89,Compliant
System-41,61,16,51,44,17,94,65,96,73,48,35,21,48,6,36,48,Not Compliant
System-42,45,59,22,38,10,20,85,50,41,14,9,47,61,3,78,39,Not Compliant
System-43,22,8,3,38,98,61,52,71,59,94,82,64,43,20,65,52,Not Compliant
System-44,83,98,95,96,86,91,84,85,94,87,91,88,87,95,97,91,Compliant
System-45,96,19,57,64,17,78,35,67,48,73,88,38,28,63,14,53,Not Compliant
System-46,92,94,47,0,43,29,23,0,37,41,56,39,16,73,38,42,Not Compliant
System-47,11,78,0,4,78,47,59,37,8,15,9,61,93,99,62,45,Not Compliant
System-48,41,36,70,82,26,4,7,30,94,96,9,72,53,18,52,46,Not Compliant
System-49,81,41,86,86,22,65,60,1,77,38,30,4,53,14,50,48,Not Compliant
System-50,5,65,0,38,27,85,66,86,1,86,64,23,38,97,9,46,Not Compliant
System-51,56,23,23,68,35,68,47,50,60,71,37,85,49,13,19,47,Not Compliant
System-52,96,90,83,99,83,90,80,88,87,83,95,97,85,84,97,90,Compliant
System-53,89,94,83,99,90,84,82,91,99,90,95,85,81,83,89,89,Compliant
System-54,71,52,0,93,68,59,8,46,4,52,65,31,57,31,89,49,Not Compliant
System-55,62,54,97,38,34,81,59,78,43,78,54,23,66,7,93,58,Not Compliant
System-56,60,42,17,50,55,45,35,18,60,57,84,23,50,41,54,47,Not Compliant
System-57,73,34,64,75,11,16,39,30,74,75,53,37,70,47,14,48,Not Compliant
System-58,14,76,21,64,91,71,10,7,57,25,44,89,14,64,93,50,Not Compliant
System-59,79,45,17,59,81,10,49,79,22,80,42,81,98,67,32,57,Not Compliant
System-60,72,59,32,19,67,32,77,32,9,73,86,37,22,47,48,48,Not Compliant
System-61,89,33,3,42,26,94,54,79,78,8,88,73,5,94,67,56,Not Compliant
System-62,48,97,76,4,35,45,16,92,71,28,97,83,69,66,15,57,Not Compliant
System-63,42,89,13,58,8,20,47,86,98,6,96,75,8,40,91,52,Not Compliant
System-64,18,89,61,83,52,53,55,75,11,46,7,81,92,47,31,54,Not Compliant
System-65,32,11,28,60,31,97,44,55,29,85,18,6,84,47,67,47,Not Compliant
System-66,67,66,68,57,47,85,50,39,49,97,61,35,97,32,2,57,Not Compliant
System-67,96,74,46,93,53,61,76,43,56,62,52,36,14,15,68,57,Not Compliant
System-68,82,2,96,60,84,66,94,69,78,23,55,30,95,36,81,64,Not Compliant
System-69,42,26,8,36,94,11,71,43,91,45,67,11,71,19,86,49,Not Compliant
System-70,81,99,99,90,93,90,95,88,90,80,99,87,98,93,95,92,Compliant
System-71,42,4,34,46,22,68,15,49,62,52,29,43,90,47,14,42,Not Compliant
System-72,58,20,56,83,5,0,63,71,97,84,73,59,55,29,48,54,Not Compliant
System-73,84,11,10,61,78,94,82,4,10,62,87,91,15,29,44,51,Not Compliant
System-74,28,9,55,52,75,16,2,79,59,24,77,72,98,11,5,45,Not Compliant
System-75,88,21,81,48,12,34,87,41,57,56,90,78,47,72,60,59,Not Compliant
System-76,38,11,6,46,40,48,40,23,88,26,96,67,24,55,78,46,Not Compliant
System-77,46,93,44,22,1,28,92,35,8,61,30,71,23,49,36,43,Not Compliant
System-78,62,57,8,6,3,31,84,6,12,91,44,30,62,6,67,38,Not Compliant
System-79,33,74,20,18,98,36,7,3,11,29,19,58,76,4,2,33,Not Compliant
System-80,13,8,44,35,58,46,62,42,46,40,80,31,38,17,23,39,Not Compliant
System-81,95,83,90,89,83,80,88,91,92,97,84,96,88,86,80,89,Compliant
System-82,81,90,90,82,84,88,94,94,89,93,93,80,97,88,83,89,Compliant
System-83,95,59,98,69,67,97,69,33,63,88,31,85,48,33,60,67,Not Compliant
System-84,79,1,38,85,75,92,59,15,72,25,46,45,37,60,7,50,Not Compliant
System-85,6,69,52,65,73,17,37,70,19,18,94,45,81,18,5,45,Not Compliant
System-86,73,29,19,14,52,57,85,50,12,79,30,67,54,87,16,49,Not Compliant
System-87,99,70,47,82,49,70,37,98,33,82,21,73,81,70,5,62,Not Compliant
System-88,57,27,74,79,18,48,64,43,57,9,6,90,79,18,81,50,Not Compliant
System-89,99,43,2,60,7,12,10,54,6,64,36,33,27,86,22,38,Not Compliant
System-90,71,70,74,24,73,95,82,88,52,60,60,96,67,88,52,71,Not Compliant
System-91,96,85,82,95,83,89,83,91,93,96,80,82,85,84,81,87,Compliant
System-92,92,7,54,34,72,98,20,72,4,19,55,25,87,85,90,55,Not Compliant
System-93,38,65,87,63,55,81,22,26,58,80,75,15,23,72,36,54,Not Compliant
System-94,89,60,17,53,59,67,15,66,30,81,34,10,91,66,93,56,Not Compliant
System-95,81,14,18,74,74,69,29,41,33,78,69,28,15,88,3,48,Not Compliant
System-96,9,71,88,80,65,76,16,96,51,72,65,93,34,78,33,62,Not Compliant
System-97,48,70,47,27,3,15,46,64,32,3,60,38,93,36,43,42,Not Compliant
System-98,98,92,94,84,81,92,91,82,95,92,90,94,93,92,99,92,Compliant
System-99,62,59,2,70,92,7,38,74,13,45,63,35,23,89,29,47,Not Compliant
System-100,95,48,88,42,74,81,62,60,42,56,37,63,6,16,3,52,Not Compliant
System-101,2,4,1,10,32,68,43,17,19,90,36,90,98,93,86,46,Not Compliant
System-102,15,50,50,5,27,9,64,73,42,29,40,59,52,49,43,41,Not Compliant
System-103,85,65,14,49,24,74,97,35,74,19,95,63,96,87,67,63,Not Compliant
System-104,87,43,13,44,31,93,71,46,42,42,41,2,55,95,42,50,Not Compliant
System-105,69,10,41,42,2,45,56,1,30,64,89,61,4,90,96,47,Not Compliant
System-106,66,20,81,89,35,40,54,7,18,72,91,64,49,83,57,56,Not Compliant
System-107,55,5,76,69,42,42,13,43,89,98,36,19,43,5,23,44,Not Compliant
System-108,89,92,90,81,59,75,34,82,43,42,72,73,5,10,38,59,Not Compliant
System-109,41,64,87,14,32,78,33,40,65,47,97,62,16,4,93,52,Not Compliant
System-110,43,69,98,13,86,91,90,35,40,55,71,11,89,89,59,63,Not Compliant
System-111,84,44,43,26,86,99,73,11,35,7,79,72,32,50,27,52,Not Compliant
System-112,31,39,44,39,91,26,72,33,81,30,40,57,16,20,62,46,Not Compliant
System-113,54,10,22,97,39,23,36,56,64,33,80,97,9,16,86,49,Not Compliant
System-114,53,33,6,46,15,35,55,22,62,92,27,82,86,58,30,47,Not Compliant
System-115,36,25,92,60,3,27,47,4,69,25,62,97,82,86,92,54,Not Compliant
System-116,17,14,31,22,18,88,17,29,69,26,48,57,34,64,44,39,Not Compliant
System-117,80,45,16,0,14,88,30,8,23,20,9,24,68,84,37,37,Not Compliant
System-118,53,38,67,15,33,93,59,19,81,72,45,4,28,12,48,45,Not Compliant
System-119,31,22,1,32,6,28,71,82,58,63,32,38,92,1,34,40,Not Compliant
System-120,99,59,73,94,32,24,56,47,9,37,74,88,65,55,86,60,Not Compliant
System-121,28,22,37,36,29,94,15,63,47,43,29,74,69,14,29,42,Not Compliant
System-122,78,31,63,19,11,8,19,54,21,48,56,58,86,11,88,44,Not Compliant
System-123,70,20,71,29,37,32,79,32,55,19,21,50,85,10,24,43,Not Compliant
System-124,8,92,61,99,75,76,43,27,45,88,73,65,7,64,33,58,Not Compliant
System-125,35,94,83,43,84,30,99,8,64,38,47,95,27,64,32,57,Not Compliant
System-126,66,51,57,88,75,13,42,66,57,93,3,90,38,4,19,51,Not Compliant
System-127,94,29,90,97,89,46,13,93,0,25,55,31,92,61,95,61,Not Compliant
System-128,10,78,70,56,83,37,51,92,38,60,59,79,95,57,11,59,Not Compliant
System-129,59,87,40,26,71,53,39,92,10,95,81,88,29,57,8,56,Not Compliant
System-130,70,94,98,21,45,53,67,33,56,87,94,14,53,68,31,59,Not Compliant
System-131,88,82,88,83,99,81,86,90,80,95,85,99,97,96,84,89,Compliant
System-132,83,98,98,82,37,83,4,14,24,66,88,42,57,86,62,62,Not Compliant
System-133,52,55,14,96,5,68,40,53,61,16,93,37,14,10,23,43,Not Compliant
System-134,51,18,44,69,38,66,27,74,56,15,40,78,19,41,46,46,Not Compliant
System-135,1,89,41,16,85,19,28,52,91,48,90,5,23,30,44,45,Not Compliant
System-136,86,6,18,0,17,19,14,54,97,69,70,7,18,32,99,41,Not Compliant
System-137,48,72,43,94,15,96,5,96,6,32,47,28,23,94,80,52,Not Compliant
System-138,28,79,42,81,1,26,14,2,65,76,7,46,90,14,62,43,Not Compliant
System-139,58,0,70,58,36,89,16,21,53,91,74,28,55,51,15,48,Not Compliant
System-140,86,90,95,90,96,90,93,85,91,98,81,82,82,80,93,89,Compliant
System-141,25,55,94,73,68,78,48,32,83,37,93,52,81,21,35,59,Not Compliant
System-142,78,93,44,50,46,69,38,92,65,4,58,69,49,90,29,59,Not Compliant
System-143,47,9,38,63,54,80,14,12,50,86,6,51,98,56,24,46,Not Compliant
System-144,76,29,68,36,54,32,79,58,17,72,87,63,20,78,83,57,Not Compliant
System-145,23,30,57,59,38,21,10,8,71,44,73,38,61,38,54,42,Not Compliant
System-146,80,19,71,6,10,81,17,12,46,76,72,15,93,24,0,42,Not Compliant
System-147,38,65,43,59,35,51,47,93,86,47,35,19,92,16,99,55,Not Compliant
System-148,80,95,88,96,82,91,88,84,97,93,84,95,97,93,95,91,Compliant
System-149,94,92,98,84,94,83,80,84,99,80,90,91,95,92,91,90,Compliant
System-150,61,61,43,94,80,45,71,54,53,75,4,33,40,62,79,57,Not Compliant
System-151,96,80,93,91,92,84,91,90,94,98,84,85,84,82,93,90,Compliant
System-152,71,86,93,60,85,36,9,26,33,88,18,21,80,23,27,51,Not Compliant
System-153,4,99,74,73,68,13,21,95,57,65,71,82,1,10,20,51,Not Compliant
System-154,68,55,56,0,19,10,30,76,25,80,58,62,66,96,56,51,Not Compliant
System-155,61,3,72,72,36,75,76,83,43,68,83,15,37,17,3,50,Not Compliant
System-156,76,46,68,99,33,3,1,2,66,2,80,3,32,75,80,45,Not Compliant
System-157,83,12,55,52,0,62,25,85,17,94,49,93,51,37,76,53,Not Compliant
System-158,39,22,14,10,9,59,52,72,78,54,60,19,59,63,19,42,Not Compliant
System-159,74,82,63,77,33,49,39,43,79,4,69,11,12,78,1,48,Not Compliant
System-160,74,67,76,85,8,52,14,78,57,63,56,14,56,29,77,54,Not Compliant
System-161,39,14,58,77,84,27,89,85,83,16,75,0,66,51,60,55,Not Compliant
System-162,90,67,7,16,37,21,42,82,97,31,46,54,97,37,19,50,Not Compliant
System-163,84,18,62,32,15,99,67,65,1,33,98,93,68,40,15,53,Not Compliant
System-164,53,68,0,64,68,79,36,69,88,66,86,75,39,72,33,60,Not Compliant
System-165,52,70,58,26,3,83,21,30,32,45,32,32,10,72,36,41,Not Compliant
System-166,64,23,95,13,87,88,82,79,86,6,0,33,3,20,63,50,Not Compliant
System-167,18,43,12,46,6,68,19,78,72,92,65,96,95,92,32,56,Not Compliant
System-168,51,50,56,34,21,73,70,37,51,18,63,39,6,83,75,49,Not Compliant
System-169,81,77,10,76,28,10,28,78,68,62,14,33,0,66,98,49,Not Compliant
System-170,44,67,99,37,42,17,24,47,10,83,25,43,11,55,76,46,Not Compliant
System-171,79,5,58,66,12,25,1,65,58,54,94,6,71,75,85,51,Not Compliant
System-172,78,44,14,11,97,96,73,53,62,96,92,50,81,85,97,69,Not Compliant
System-173,24,26,61,2,45,31,6,1,56,10,14,98,35,76,82,38,Not Compliant
System-174,55,9,7,27,51,99,78,83,62,91,62,94,54,61,53,60,Not Compliant
System-175,78,80,2,13,85,36,79,87,78,85,18,41,70,5,39,54,Not Compliant
System-176,75,50,87,36,75,95,4,67,42,30,36,65,33,14,19,49,Not Compliant
System-177,1,68,75,80,66,24,59,14,45,50,66,87,73,80,56,57,Not Compliant
System-178,51,4,48,42,75,85,64,19,30,86,58,83,79,3,19,50,Not Compliant
System-179,63,57,83,18,1,97,55,0,94,89,36,13,7,46,33,47,Not Compliant
System-180,92,79,37,48,5,35,56,69,94,9,57,97,61,84,88,61,Not Compliant
System-181,54,98,99,89,93,50,54,96,31,22,92,79,63,84,40,70,Not Compliant
System-182,49,76,70,84,46,55,93,70,58,36,2,23,75,6,0,50,Not Compliant
System-183,53,18,6,18,94,70,14,78,30,85,6,73,3,3,89,43,Not Compliant
System-184,31,74,69,47,70,9,55,4,5,99,33,23,53,80,60,48,Not Compliant
System-185,7,2,16,59,41,88,68,74,46,37,60,86,15,74,53,49,Not Compliant
System-186,82,8,60,68,26,20,33,23,13,96,98,94,97,18,36,52,Not Compliant
System-187,65,58,24,89,94,81,30,31,30,71,5,56,22,77,22,51,Not Compliant
System-188,76,52,62,8,99,90,19,19,62,35,15,77,17,72,60,51,Not Compliant
System-189,63,75,29,99,34,99,85,56,71,66,68,86,17,95,40,66,Not Compliant
System-190,30,94,57,75,42,94,40,53,64,40,56,52,21,16,49,53,Not Compliant
System-191,63,65,13,69,22,20,69,59,71,17,34,16,16,41,20,40,Not Compliant
System-192,27,43,30,92,14,61,56,82,14,73,35,13,11,73,46,45,Not Compliant
System-193,39,18,75,72,75,75,19,13,99,62,23,13,13,40,99,49,Not Compliant
System-194,87,6,15,59,80,58,68,38,75,28,25,50,73,94,48,54,Not Compliant
System-195,61,87,18,68,49,62,90,39,63,20,94,59,31,23,18,53,Not Compliant
System-196,30,13,83,0,79,17,92,91,49,63,48,83,52,77,95,59,Not Compliant
System-197,75,93,85,17,55,88,88,50,89,67,88,20,81,40,74,68,Not Compliant
System-198,20,61,59,89,16,32,60,67,62,0,44,29,13,86,2,43,Not Compliant
System-199,98,23,14,96,78,91,4,21,67,72,75,40,59,86,59,59,Not Compliant
System-200,96,28,72,21,16,82,89,5,74,39,65,94,93,6,71,57,Not Compliant
System-201,88,91,92,82,90,81,94,94,85,98,81,89,91,92,82,89,Compliant
System-202,54,63,90,45,8,1,32,58,29,96,92,81,78,79,20,56,Not Compliant
System-203,20,6,34,69,78,49,37,40,91,7,69,50,59,56,20,46,Not Compliant
System-204,92,57,57,4,49,26,75,91,86,62,69,0,17,50,76,55,Not Compliant
System-205,15,37,78,84,64,5,48,61,9,63,14,75,54,46,58,48,Not Compliant
System-206,11,16,80,96,47,0,25,24,5,97,82,75,29,78,90,51,Not Compliant
System-207,4,40,73,76,93,76,94,20,60,73,12,19,32,23,54,50,Not Compliant
System-208,83,95,8,9,88,31,66,55,36,25,50,75,96,30,97,57,Not Compliant
System-209,52,45,2,72,74,17,98,12,73,92,42,35,12,65,26,48,Not Compliant
System-210,14,23,86,81,30,30,41,73,37,15,11,8,79,43,25,40,Not Compliant
System-211,68,74,58,46,65,41,78,10,63,38,92,76,93,68,61,63,Not Compliant
System-212,25,66,1,80,68,35,43,69,24,84,91,36,74,87,14,54,Not Compliant
System-213,9,36,15,85,63,76,81,46,22,38,15,78,43,73,99,52,Not Compliant
System-214,34,2,52,83,77,47,57,74,95,32,85,42,25,0,19,49,Not Compliant
System-215,94,29,19,18,83,18,91,37,22,11,80,15,27,44,97,46,Not Compliant
System-216,0,16,35,4,80,90,80,34,97,11,88,22,33,32,71,47,Not Compliant
System-217,15,74,53,26,87,27,19,70,6,69,86,35,31,27,71,47,Not Compliant
System-218,35,75,53,35,79,93,40,75,98,44,55,18,76,88,64,62,Not Compliant
System-219,9,43,13,20,9,34,89,28,91,19,17,46,89,52,47,41,Not Compliant
System-220,29,45,95,52,27,45,39,37,54,45,65,85,87,25,41,52,Not Compliant
System-221,99,32,2,67,30,13,82,69,5,64,56,76,76,54,40,51,Not Compliant
System-222,47,86,0,63,95,27,22,11,88,52,86,75,92,10,65,55,Not Compliant
System-223,0,17,73,29,66,65,29,65,37,40,1,9,92,95,45,45,Not Compliant
System-224,90,94,65,15,91,60,95,54,21,75,73,86,39,51,71,66,Not Compliant
System-225,97,3,98,37,53,87,8,65,24,93,44,40,10,52,57,52,Not Compliant
System-226,97,3,81,55,35,0,34,74,72,80,32,83,26,71,61,54,Not Compliant
System-227,86,7,19,85,14,38,10,33,27,33,4,16,39,18,11,30,Not Compliant
System-228,13,60,33,68,76,46,37,46,59,23,11,64,18,39,4,40,Not Compliant
System-229,44,26,70,96,73,36,9,81,69,98,46,5,72,12,93,56,Not Compliant
System-230,51,29,21,29,65,60,52,88,0,67,33,32,8,84,69,46,Not Compliant
System-231,26,59,64,20,52,21,58,77,67,74,83,70,84,59,7,55,Not Compliant
System-232,27,2,67,51,68,62,56,79,19,67,24,0,62,91,15,46,Not Compliant
System-233,74,21,66,1,77,63,82,47,48,84,82,57,48,84,33,58,Not Compliant
System-234,36,54,71,75,16,41,48,92,20,84,44,69,38,18,59,51,Not Compliant
System-235,86,95,68,39,15,59,68,18,93,78,60,63,33,8,87,58,Not Compliant
System-236,88,93,84,81,81,97,91,97,81,80,86,94,89,96,86,89,Compliant
System-237,92,48,74,92,60,42,44,33,94,89,7,66,40,55,64,60,Not Compliant
System-238,6,30,39,36,88,14,80,81,11,38,48,12,21,56,78,43,Not Compliant
System-239,48,41,63,94,1,79,7,45,4,67,63,32,30,33,45,44,Not Compliant
System-240,30,50,29,80,60,42,0,26,51,42,26,74,72,58,35,45,Not Compliant
System-241,66,2,78,39,53,29,47,63,61,75,75,78,7,9,86,52,Not Compliant
System-242,40,71,56,27,58,76,8,22,27,27,47,66,83,65,20,47,Not Compliant
System-243,52,80,8,9,13,53,85,29,13,48,69,77,60,96,47,50,Not Compliant
System-244,47,66,8,85,65,27,83,0,81,50,95,42,18,4,70,50,Not Compliant
System-245,87,12,76,76,9,65,28,55,79,28,88,12,3,8,50,46,Not Compliant
System-246,87,0,28,18,74,90,17,30,0,3,8,70,30,72,34,38,Not Compliant
System-247,60,0,64,18,58,34,9,14,84,37,71,28,49,51,36,41,Not Compliant
System-248,28,15,31,2,2,74,45,33,90,56,53,90,14,24,69,42,Not Compliant
System-249,31,2,44,77,25,87,86,7,57,30,86,65,90,18,78,53,Not Compliant
System-250,85,64,25,91,89,87,59,2,98,91,27,71,5,86,14,60,Not Compliant
System-251,73,52,66,15,6,86,71,86,33,97,20,18,35,53,58,52,Not Compliant
System-252,44,8,7,82,71,27,19,67,48,88,96,34,65,84,69,54,Not Compliant
System-253,85,90,97,98,93,92,81,97,84,89,83,94,81,98,96,91,Compliant
System-254,41,8,77,39,53,64,51,81,14,13,63,51,34,98,76,51,Not Compliant
System-255,58,80,56,10,32,62,48,15,32,60,49,29,54,18,55,44,Not Compliant
System-256,70,57,36,46,79,63,99,69,32,88,69,80,76,30,94,66,Not Compliant
System-257,75,56,69,44,91,49,14,97,31,63,92,66,96,0,56,60,Not Compliant
System-258,99,14,8,31,47,96,71,76,74,76,25,10,75,2,25,49,Not Compliant
System-259,48,11,64,32,40,68,11,67,46,12,90,95,80,90,21,52,Not Compliant
System-260,31,14,9,53,54,36,23,3,55,19,73,88,67,52,72,44,Not Compliant
System-261,28,99,16,13,68,92,76,28,38,6,29,39,38,49,20,43,Not Compliant
System-262,47,28,61,62,5,16,86,10,12,27,85,79,98,35,73,49,Not Compliant
System-263,12,48,27,73,60,15,91,77,89,10,80,6,60,73,32,51,Not Compliant
System-264,82,90,95,96,88,82,80,89,86,89,95,96,87,92,88,89,Compliant
System-265,42,17,74,27,19,80,67,53,23,23,20,37,93,73,38,46,Not Compliant
System-266,79,95,93,44,33,48,35,43,32,65,7,72,42,2,9,47,Not Compliant
System-267,14,86,70,45,52,75,4,21,32,14,94,74,21,30,28,44,Not Compliant
System-268,73,79,37,35,50,24,29,26,24,98,80,65,42,24,95,53,Not Compliant
System-269,6,5,6,87,53,37,30,30,86,21,59,9,45,74,33,39,Not Compliant
System-270,6,25,38,25,70,98,17,91,10,60,36,46,84,97,84,53,Not Compliant
System-271,35,63,17,78,83,56,38,14,52,63,49,79,70,74,1,52,Not Compliant
System-272,82,7,38,95,41,12,92,84,2,8,9,72,19,38,92,47,Not Compliant
System-273,88,80,92,85,84,98,84,94,87,85,80,92,98,83,84,88,Compliant
System-274,43,24,79,52,40,74,10,34,26,41,1,24,15,39,61,38,Not Compliant
System-275,66,47,43,43,37,31,89,48,36,30,61,64,70,63,30,51,Not Compliant
System-276,73,78,63,44,30,46,25,80,99,44,71,25,97,66,48,60,Not Compliant
System-277,31,71,72,41,76,88,95,26,96,19,76,97,66,66,91,68,Not Compliant
System-278,9,77,27,49,8,38,13,2,7,66,24,24,26,5,9,26,Not Compliant
System-279,82,91,95,99,94,87,82,82,85,95,87,91,98,94,88,90,Compliant
System-280,38,22,32,95,84,93,79,45,63,84,84,63,47,23,22,59,Not Compliant
System-281,44,44,45,59,46,75,20,56,82,14,22,46,18,74,75,48,Not Compliant
System-282,55,63,44,39,67,4,72,95,16,24,7,48,90,9,96,49,Not Compliant
System-283,50,49,90,68,21,53,64,42,79,86,33,97,15,13,48,54,Not Compliant
System-284,19,30,62,34,30,89,51,16,97,37,47,33,40,71,30,46,Not Compliant
System-285,79,8,35,86,1,16,43,91,74,46,77,40,1,71,14,46,Not Compliant
System-286,2,70,36,35,53,49,80,95,26,99,5,15,89,81,67,54,Not Compliant
System-287,28,75,73,84,73,59,48,51,50,9,59,3,79,89,65,57,Not Compliant
System-288,4,62,43,58,14,71,13,52,96,42,75,21,77,70,48,50,Not Compliant
System-289,74,45,84,95,18,7,36,56,4,26,92,85,16,86,88,55,Not Compliant
System-290,9,75,51,11,85,85,63,31,94,34,8,70,15,63,44,50,Not Compliant
System-291,59,87,37,63,58,51,27,25,6,1,64,40,10,98,92,48,Not Compliant
System-292,52,85,96,24,62,86,65,38,45,9,70,99,95,27,20,59,Not Compliant
System-293,19,85,66,37,57,5,68,95,91,81,85,47,19,93,7,57,Not Compliant
System-294,70,54,50,87,88,7,78,22,4,25,60,51,32,49,8,46,Not Compliant
System-295,16,25,63,13,46,96,83,17,11,88,68,52,20,17,44,44,Not Compliant
System-296,94,38,43,26,46,3,54,29,73,55,9,72,9,40,14,41,Not Compliant
System-297,95,32,69,29,73,59,18,32,79,56,44,44,59,98,8,53,Not Compliant
System-298,25,23,57,39,24,71,89,0,0,23,58,61,98,84,94,50,Not Compliant
System-299,90,40,58,34,95,33,76,72,22,76,96,92,68,39,19,61,Not Compliant
System-300,13,40,98,57,60,26,82,3,51,69,82,40,37,66,81,54,Not Compliant
System-301,57,5,29,41,41,50,32,74,27,40,84,41,69,1,42,43,Not Compliant
System-302,98,98,87,98,92,80,87,91,93,80,94,84,89,87,98,91,Compliant
System-303,22,44,42,75,74,77,68,44,53,74,90,76,0,53,34,56,Not Compliant
System-304,86,71,14,6,75,28,97,25,72,28,30,0,17,24,45,42,Not Compliant
System-305,3,31,23,37,13,13,63,29,24,21,43,67,80,91,71,41,Not Compliant
System-306,92,74,54,13,94,70,77,18,14,46,37,2,24,0,99,48,Not Compliant
System-307,67,89,74,43,74,20,71,62,7,68,28,60,35,46,68,55,Not Compliant
System-308,93,86,93,90,80,86,96,91,90,80,87,91,94,91,85,89,Compliant
System-309,62,69,89,42,41,18,23,81,11,11,2,16,8,69,20,38,Not Compliant
System-310,83,66,95,50,7,65,85,74,76,31,88,75,97,97,95,73,Not Compliant
System-311,63,14,24,1,25,23,25,36,31,42,79,51,73,94,26,41,Not Compliant
System-312,12,9,85,96,44,87,20,79,23,36,78,5,58,83,63,52,Not Compliant
System-313,4,9,1,55,94,12,71,28,65,44,95,73,23,85,87,50,Not Compliant
System-314,66,97,55,83,72,45,5,56,88,63,34,17,93,15,75,58,Not Compliant
System-315,10,99,27,47,35,85,80,19,33,13,14,18,97,39,99,48,Not Compliant
System-316,68,63,53,81,21,28,39,76,8,36,48,54,92,26,21,48,Not Compliant
System-317,53,24,55,35,61,89,0,52,18,14,46,16,10,35,75,39,Not Compliant
System-318,41,91,77,65,36,94,10,28,75,81,71,41,96,83,25,61,Not Compliant
System-319,18,11,33,98,23,57,68,69,97,55,40,50,92,7,56,52,Not Compliant
System-320,76,27,35,96,4,87,85,80,4,5,99,21,87,7,92,54,Not Compliant
System-321,1,25,79,40,4,54,7,61,90,25,80,55,23,42,32,42,Not Compliant
System-322,65,12,36,15,49,49,68,4,6,36,93,95,20,71,14,43,Not Compliant
System-323,80,56,15,31,97,34,46,77,75,43,21,33,50,45,28,49,Not Compliant
System-324,90,95,98,90,98,91,86,89,83,84,95,86,93,86,97,91,Compliant
System-325,85,50,86,53,48,79,76,13,26,79,59,19,1,29,77,52,Not Compliant
System-326,81,55,95,65,79,17,78,85,19,60,1,81,84,11,86,60,Not Compliant
System-327,0,96,42,34,50,68,86,68,42,6,92,52,67,47,94,57,Not Compliant
System-328,81,2,22,20,96,87,8,0,87,21,81,70,83,31,4,47,Not Compliant
System-329,68,11,15,18,88,39,9,21,10,18,46,36,64,52,29,35,Not Compliant
System-330,62,5,74,15,83,64,89,60,59,62,38,21,95,82,16,55,Not Compliant
System-331,72,33,33,4,5,51,57,72,85,62,84,26,50,38,67,50,Not Compliant
System-332,26,73,2,30,78,91,98,49,67,39,19,6,28,36,11,44,Not Compliant
System-333,23,21,57,24,58,18,0,66,23,56,44,16,65,95,55,42,Not Compliant
System-334,13,78,14,66,64,97,64,26,56,13,90,22,20,48,55,49,Not Compliant
System-335,86,47,42,71,20,85,67,69,4,27,20,54,0,4,98,47,Not Compliant
System-336,5,45,31,0,88,35,74,84,68,43,48,42,0,46,7,42,Not Compliant
System-337,6,81,34,70,62,55,67,80,86,92,62,56,47,44,84,62,Not Compliant
System-338,6,27,57,81,6,46,4,19,13,69,66,52,34,84,66,42,Not Compliant
System-339,20,69,89,42,57,14,80,11,8,42,58,18,36,67,21,43,Not Compliant
System-340,84,81,95,99,87,82,95,91,92,82,90,83,90,88,82,89,Compliant
System-341,72,5,5,79,92,52,98,5,57,77,10,18,13,25,76,46,Not Compliant
System-342,83,80,80,90,95,90,97,84,85,93,95,91,98,82,83,89,Compliant
System-343,71,49,91,28,46,97,34,18,34,88,43,81,98,59,20,58,Not Compliant
System-344,97,92,82,81,99,94,84,81,83,80,91,85,81,88,80,87,Compliant
System-345,1,70,29,95,71,67,91,12,50,30,70,2,8,4,51,44,Not Compliant
System-346,3,36,58,31,73,40,50,82,64,79,82,22,11,55,68,51,Not Compliant
System-347,6,12,17,40,68,36,49,69,89,27,94,2,69,31,42,44,Not Compliant
System-348,72,15,88,80,46,2,81,96,68,20,13,9,64,15,12,46,Not Compliant
System-349,66,8,68,89,82,80,36,78,82,91,35,28,70,49,48,61,Not Compliant
System-350,78,49,91,56,72,33,79,60,74,35,62,84,73,87,17,64,Not Compliant
System-351,6,19,62,25,99,52,95,56,78,97,92,34,87,6,90,60,Not Compliant
System-352,95,73,12,22,2,44,62,42,64,51,78,32,68,33,99,52,Not Compliant
System-353,74,35,66,52,14,89,98,98,43,1,44,29,48,58,38,53,Not Compliant
System-354,3,5,27,59,72,66,99,89,28,38,43,66,63,84,38,52,Not Compliant
System-355,93,81,71,38,86,48,39,56,12,50,73,34,64,58,31,56,Not Compliant
System-356,95,91,43,87,65,20,84,71,57,71,74,43,25,46,53,62,Not Compliant
System-357,9,27,23,64,31,94,59,52,28,67,89,6,88,52,18,48,Not Compliant
System-358,56,83,60,60,4,44,11,60,14,44,59,56,78,31,66,49,Not Compliant
System-359,35,78,76,41,86,28,82,6,29,41,20,12,31,20,97,46,Not Compliant
System-360,54,53,21,99,29,49,45,62,5,97,50,31,39,98,37,52,Not Compliant
System-361,70,41,8,66,27,85,97,22,65,86,54,54,12,57,19,51,Not Compliant
System-362,43,11,46,62,89,68,45,13,14,96,90,84,5,62,65,53,Not Compliant
System-363,52,50,16,29,92,44,23,49,25,45,49,73,55,72,99,52,Not Compliant
System-364,81,86,95,88,81,80,93,82,88,89,96,98,82,94,98,89,Compliant
System-365,26,87,9,39,19,88,98,17,87,21,17,86,55,18,21,46,Not Compliant
System-366,90,23,47,63,82,38,16,20,4,81,7,26,41,42,73,44,Not Compliant
System-367,73,70,59,45,32,47,43,89,89,70,60,17,22,34,49,54,Not Compliant
System-368,79,35,92,15,7,17,33,81,55,29,45,59,64,8,49,45,Not Compliant
System-369,80,23,50,37,28,52,30,41,80,42,66,67,63,91,8,51,Not Compliant
System-370,24,17,28,43,32,47,16,16,3,22,79,95,50,20,46,36,Not Compliant
System-371,12,68,8,88,35,32,17,34,64,71,71,66,20,12,56,44,Not Compliant
System-372,94,13,28,58,71,0,48,20,10,60,57,50,42,46,68,45,Not Compliant
System-373,24,41,84,58,27,1,20,68,61,71,66,60,98,3,22,47,Not Compliant
System-374,39,72,23,54,84,34,33,77,95,91,70,58,9,36,34,54,Not Compliant
System-375,74,24,66,75,51,50,53,5,16,21,9,96,80,42,88,50,Not Compliant
System-376,85,3,63,83,84,52,93,89,83,89,78,83,1,21,61,65,Not Compliant
System-377,45,76,35,71,97,29,81,82,53,98,32,72,65,94,57,66,Not Compliant
System-378,25,41,80,95,99,63,2,68,34,99,46,75,75,69,41,61,Not Compliant
System-379,59,65,28,46,87,21,20,39,24,85,29,4,46,74,96,49,Not Compliant
System-380,14,7,34,87,91,27,89,77,57,34,74,84,1,7,6,46,Not Compliant
System-381,96,83,48,39,25,59,59,15,73,75,73,1,22,2,41,48,Not Compliant
System-382,97,37,68,43,56,94,93,21,74,42,40,52,45,14,83,58,Not Compliant
System-383,98,82,84,89,94,84,87,91,95,96,93,82,98,99,82,91,Compliant
System-384,74,30,45,20,26,99,71,57,74,14,86,11,85,91,48,56,Not Compliant
System-385,34,24,7,64,99,57,31,30,42,88,12,41,82,38,46,47,Not Compliant
System-386,12,19,92,58,83,96,54,43,17,93,56,59,87,24,43,56,Not Compliant
System-387,32,54,59,87,32,65,98,4,12,1,21,71,2,99,55,47,Not Compliant
System-388,38,87,70,56,32,79,13,12,22,47,14,27,72,98,91,51,Not Compliant
System-389,36,21,9,88,64,69,62,3,21,94,73,12,52,83,74,51,Not Compliant
System-390,47,88,57,95,82,68,17,34,13,63,15,97,31,40,85,56,Not Compliant
System-391,51,0,26,94,51,48,18,15,17,85,89,29,97,69,95,53,Not Compliant
System-392,36,53,72,88,48,32,1,96,75,74,66,17,68,65,29,55,Not Compliant
System-393,91,38,76,93,32,70,18,82,47,4,12,24,77,82,21,52,Not Compliant
System-394,31,93,35,2,67,54,65,32,1,0,90,55,68,42,59,47,Not Compliant
System-395,65,36,11,11,63,53,95,26,79,60,39,91,24,56,18,49,Not Compliant
System-396,78,98,46,93,24,58,46,21,64,51,24,43,38,2,49,49,Not Compliant
System-397,10,38,24,44,2,93,48,94,93,22,56,81,77,11,97,53,Not Compliant
System-398,68,11,34,36,38,43,23,28,70,44,65,4,4,82,33,39,Not Compliant
System-399,95,91,10,89,22,62,29,60,67,54,36,10,25,26,40,48,Not Compliant
System-400,67,0,80,28,67,31,26,76,27,79,43,12,35,28,32,43,Not Compliant
System-401,87,84,88,91,99,91,83,92,85,92,93,93,91,90,95,91,Compliant
System-402,89,49,65,39,70,88,6,56,61,64,18,95,53,41,37,56,Not Compliant
System-403,59,52,47,35,97,64,64,28,91,54,53,36,1,74,74,56,Not Compliant
System-404,92,80,81,81,93,98,96,85,84,92,93,91,96,93,99,91,Compliant
System-405,22,9,95,63,64,45,2,24,31,58,35,83,25,3,56,41,Not Compliant
System-406,63,75,1,49,59,68,63,53,57,68,32,74,5,55,76,54,Not Compliant
System-407,53,73,65,39,79,8,12,96,82,46,58,60,87,14,82,57,Not Compliant
System-408,10,88,7,65,5,2,32,37,76,4,86,40,57,95,83,46,Not Compliant
System-409,26,72,66,77,2,55,17,65,23,99,5,93,72,53,49,52,Not Compliant
System-410,91,44,63,12,81,98,90,74,3,34,54,66,60,84,31,59,Not Compliant
System-411,99,55,60,85,39,13,44,6,96,53,69,60,73,8,50,54,Not Compliant
System-412,57,30,88,57,30,33,76,54,89,23,97,58,64,28,74,58,Not Compliant
System-413,97,86,90,98,85,84,81,84,95,83,81,94,92,92,81,89,Compliant
System-414,80,34,17,3,38,7,42,47,6,62,14,5,66,2,6,29,Not Compliant
System-415,57,81,40,35,94,33,19,42,61,14,86,65,30,77,51,53,Not Compliant
System-416,56,9,95,35,95,80,99,0,94,70,70,99,97,21,21,63,Not Compliant
System-417,38,87,66,69,41,10,72,49,85,87,73,15,77,10,11,53,Not Compliant
System-418,83,45,75,11,74,88,0,44,47,25,50,97,36,43,52,52,Not Compliant
System-419,80,34,85,92,74,38,98,13,35,98,37,48,92,80,61,65,Not Compliant
System-420,96,93,95,82,85,91,88,84,84,89,90,93,80,95,97,90,Compliant
System-421,38,28,18,29,96,34,69,8,30,73,31,96,97,27,95,52,Not Compliant
System-422,87,93,95,93,87,85,91,97,81,95,97,98,83,90,84,91,Compliant
System-423,10,41,87,52,49,28,89,33,95,48,95,9,63,43,71,55,Not Compliant
System-424,87,83,91,88,93,95,94,82,94,84,84,87,89,97,89,90,Compliant
System-425,99,90,25,31,57,30,67,33,91,67,91,6,31,19,49,53,Not Compliant
System-426,57,55,29,17,50,57,24,37,25,12,50,42,50,96,46,44,Not Compliant
System-427,98,13,33,15,95,49,52,25,49,48,62,79,84,24,60,53,Not Compliant
System-428,51,65,87,78,19,61,0,90,88,83,38,59,17,55,63,57,Not Compliant
System-429,85,96,90,80,88,83,95,91,94,93,96,96,94,99,95,92,Compliant
System-430,46,61,82,86,14,86,51,1,66,49,51,71,45,56,50,55,Not Compliant
System-431,5,34,80,6,9,76,61,90,49,56,9,86,62,7,97,49,Not Compliant
System-432,48,75,5,32,30,67,42,17,61,74,74,26,69,25,78,49,Not Compliant
System-433,67,41,75,93,66,97,99,37,2,8,19,13,94,74,98,59,Not Compliant
System-434,7,14,58,99,37,30,18,50,70,79,10,5,42,19,1,36,Not Compliant
System-435,89,94,96,81,91,93,84,81,96,89,89,87,86,82,91,89,Compliant
System-436,3,84,57,37,11,24,87,36,7,72,33,20,65,2,39,39,Not Compliant
System-437,63,80,28,9,39,15,14,63,51,94,99,73,67,34,53,53,Not Compliant
System-438,18,2,57,29,6,36,67,9,24,97,61,35,54,55,55,41,Not Compliant
System-439,1,43,21,1,67,22,5,56,52,1,73,63,46,40,14,34,Not Compliant
System-440,23,74,44,72,21,24,4,21,7,99,19,7,34,67,71,40,Not Compliant
System-441,58,20,74,0,33,64,0,89,52,73,27,11,8,28,41,39,Not Compliant
System-442,81,41,85,8,43,88,83,78,15,99,81,38,55,6,57,58,Not Compliant
System-443,61,98,3,13,26,0,35,84,49,6,12,47,51,61,78,42,Not Compliant
System-444,67,6,34,98,44,40,80,16,29,37,60,70,9,8,21,42,Not Compliant
System-445,92,81,81,93,91,84,93,85,96,85,85,86,81,97,81,88,Compliant
System-446,16,55,88,22,41,94,60,11,90,55,64,53,48,0,71,52,Not Compliant
System-447,63,39,42,41,3,92,60,87,18,78,31,80,1,27,95,51,Not Compliant
System-448,33,81,26,18,62,96,42,82,53,86,80,64,49,98,8,59,Not Compliant
System-449,36,34,92,99,81,88,30,49,38,34,92,54,21,98,22,58,Not Compliant
System-450,26,68,23,10,48,90,65,74,0,6,5,19,39,90,61,42,Not Compliant
System-451,4,10,9,6,34,39,46,86,42,33,62,45,36,59,88,40,Not Compliant
System-452,97,89,98,84,85,93,94,94,87,83,91,98,95,91,99,92,Compliant
System-453,7,9,63,64,97,34,68,85,23,77,77,9,12,75,68,52,Not Compliant
System-454,10,44,86,25,92,46,34,18,76,30,84,40,79,94,11,52,Not Compliant
System-455,48,10,32,64,99,19,83,0,59,68,28,48,91,25,91,51,Not Compliant
System-456,12,73,61,16,82,59,84,93,66,40,33,76,23,58,70,57,Not Compliant
System-457,95,85,83,96,97,92,91,91,86,85,86,89,98,91,93,91,Compliant
System-458,77,43,55,65,18,50,48,34,44,72,34,33,41,32,38,46,Not Compliant
System-459,25,68,57,27,25,60,96,30,47,69,51,58,71,41,39,51,Not Compliant
System-460,49,5,20,46,63,95,12,74,4,38,78,85,38,83,27,48,Not Compliant
System-461,55,88,61,77,29,79,57,4,87,71,48,95,82,84,90,68,Not Compliant
System-462,44,93,17,65,16,66,33,64,83,56,71,23,23,16,32,47,Not Compliant
System-463,9,27,7,31,92,18,98,25,36,44,2,66,64,22,70,41,Not Compliant
System-464,79,74,6,75,36,73,17,30,7,42,40,42,64,2,64,44,Not Compliant
System-465,10,73,48,71,65,2,25,6,5,96,72,43,69,68,73,49,Not Compliant
System-466,74,30,2,51,71,3,60,67,12,76,23,23,3,67,92,44,Not Compliant
System-467,45,17,56,67,79,38,82,38,16,8,82,91,58,96,73,57,Not Compliant
System-468,80,94,94,88,80,80,92,93,85,97,85,86,99,81,91,89,Compliant
System-469,88,71,43,64,12,16,46,84,44,43,1,26,64,85,3,46,Not Compliant
System-470,87,50,62,50,16,31,73,84,36,13,57,55,32,70,91,54,Not Compliant
System-471,33,0,77,19,74,48,90,63,89,38,5,21,85,20,99,51,Not Compliant
System-472,45,76,34,82,1,77,58,96,75,97,24,44,62,32,39,57,Not Compliant
System-473,88,12,88,15,74,21,93,84,23,52,49,6,2,63,21,47,Not Compliant
System-474,84,90,29,24,19,40,29,34,98,85,96,24,69,73,72,58,Not Compliant
System-475,20,48,87,9,93,21,15,59,50,58,82,59,83,4,36,49,Not Compliant
System-476,74,1,38,21,29,63,98,65,89,49,12,0,58,3,11,41,Not Compliant
System-477,92,83,94,95,88,98,94,96,94,82,97,96,89,93,93,93,Compliant
System-478,70,63,0,6,70,21,69,12,45,82,33,36,98,65,90,51,Not Compliant
System-479,10,64,71,14,31,33,49,75,98,24,29,95,86,13,37,49,Not Compliant
System-480,80,23,11,89,94,43,40,86,87,47,67,91,41,48,48,60,Not Compliant
System-481,92,91,90,83,88,80,93,92,90,88,86,99,99,97,93,91,Compliant
System-482,86,87,85,90,88,96,94,83,96,86,95,90,94,87,85,90,Compliant
System-483,26,79,80,39,24,18,27,68,39,25,3,84,92,71,41,48,Not Compliant
System-484,14,34,54,7,44,79,47,92,8,40,67,16,66,86,92,50,Not Compliant
System-485,61,10,90,41,7,50,58,50,75,59,56,6,1,20,39,42,Not Compliant
System-486,73,42,87,35,61,75,7,95,37,82,58,40,74,13,37,55,Not Compliant
System-487,89,32,10,80,54,96,68,14,39,53,56,64,90,25,77,57,Not Compliant
System-488,88,88,60,14,36,24,12,97,32,0,39,10,11,70,54,43,Not Compliant
System-489,60,73,70,52,32,62,12,58,70,76,29,21,31,56,11,48,Not Compliant
System-490,18,61,25,96,49,48,76,31,92,28,13,38,19,82,24,47,Not Compliant
System-491,88,23,35,30,65,90,60,68,34,90,45,18,39,59,56,54,Not Compliant
System-492,13,77,74,62,93,52,57,2,98,17,69,10,5,63,13,47,Not Compliant
System-493,94,5,46,72,58,92,86,6,37,64,31,13,99,33,50,53,Not Compliant
System-494,13,71,65,32,12,0,69,6,8,66,75,45,76,12,28,39,Not Compliant
System-495,53,16,46,6,40,61,13,13,59,65,82,38,67,89,59,48,Not Compliant
System-496,65,71,86,11,49,77,77,9,88,58,47,80,3,29,14,51,Not Compliant
System-497,82,32,58,81,8,82,28,94,93,25,27,91,58,73,43,59,Not Compliant
System-498,59,34,82,4,67,85,23,23,91,60,66,55,48,45,22,51,Not Compliant
System-499,76,17,25,50,83,73,92,11,13,91,16,49,81,94,43,55,Not Compliant
System-500,59,52,3,87,95,72,5,38,23,2,3,78,67,55,93,49,Not Compliant
System-501,73,68,27,18,0,34,67,26,84,46,97,6,52,83,2,46,Not Compliant
System-502,55,48,45,36,81,4,71,37,22,63,6,31,40,79,10,42,Not Compliant
System-503,4,9,74,12,96,7,91,54,6,37,19,26,58,0,38,36,Not Compliant
System-504,42,73,81,28,51,16,51,48,1,91,61,4,83,29,43,47,Not Compliant
System-505,17,97,13,24,78,33,24,34,41,80,98,77,52,96,76,56,Not Compliant
System-506,73,69,10,30,7,6,33,85,50,85,86,99,27,26,97,53,Not Compliant
System-507,81,88,91,91,82,85,95,88,80,91,80,86,99,80,87,87,Compliant
System-508,31,85,39,32,86,29,42,82,23,9,90,8,38,63,54,48,Not Compliant
System-509,1,93,71,42,94,42,61,37,85,73,13,76,25,27,10,50,Not Compliant
System-510,42,18,80,34,24,49,65,6,86,87,32,75,42,77,11,49,Not Compliant
System-511,73,97,62,44,83,36,76,94,77,87,81,63,86,89,23,72,Not Compliant
System-512,20,13,49,51,39,52,42,97,98,57,30,1,22,94,93,51,Not Compliant
System-513,40,25,88,79,72,21,20,81,14,6,88,43,80,57,48,51,Not Compliant
System-514,77,73,30,18,50,84,94,0,96,21,54,50,75,42,78,57,Not Compliant
System-515,52,84,52,75,27,62,65,23,60,38,47,24,87,78,63,56,Not Compliant
System-516,36,69,28,66,15,25,38,5,23,15,98,69,49,38,10,39,Not Compliant
System-517,83,98,90,99,82,83,92,80,89,82,91,89,90,85,89,89,Compliant
System-518,53,6,31,54,88,80,58,75,88,39,50,96,23,78,18,56,Not Compliant
System-519,96,58,92,30,26,46,87,84,4,19,86,8,79,77,73,58,Not Compliant
System-520,62,91,80,61,72,10,28,53,51,80,34,75,63,78,11,57,Not Compliant
System-521,7,69,86,55,88,34,54,66,52,94,81,66,12,63,75,61,Not Compliant
System-522,34,31,35,27,85,65,32,77,54,85,38,3,87,17,39,48,Not Compliant
System-523,37,6,2,56,70,15,25,1,31,25,69,11,85,29,79,37,Not Compliant
System-524,42,52,20,69,36,37,28,3,85,93,68,93,33,96,35,53,Not Compliant
System-525,56,18,3,87,34,8,45,17,70,10,29,33,45,98,55,41,Not Compliant
System-526,61,40,36,79,74,7,33,43,6,4,20,5,66,14,33,35,Not Compliant
System-527,80,40,65,75,18,79,94,43,85,1,9,64,10,15,78,51,Not Compliant
System-528,24,35,38,34,85,70,43,8,40,41,90,19,8,92,32,44,Not Compliant
System-529,70,0,78,69,20,13,61,56,80,71,94,81,82,0,64,56,Not Compliant
System-530,20,37,55,22,57,61,35,10,11,24,76,62,49,74,91,46,Not Compliant
System-531,76,11,78,8,37,21,68,40,17,83,51,52,33,86,94,51,Not Compliant
System-532,45,39,58,46,89,55,27,46,77,79,95,54,85,19,95,61,Not Compliant
System-533,13,78,25,25,32,43,85,30,75,17,79,78,40,19,96,49,Not Compliant
System-534,98,23,34,82,79,51,25,4,51,6,43,75,69,51,95,53,Not Compliant
System-535,68,62,35,27,54,61,92,54,8,63,9,13,32,16,44,43,Not Compliant
System-536,10,46,71,18,78,47,93,57,7,87,57,64,97,65,84,59,Not Compliant
System-537,54,20,18,11,76,50,15,64,56,50,55,3,48,35,86,43,Not Compliant
System-538,23,13,29,7,85,71,12,61,64,48,4,74,73,66,42,45,Not Compliant
System-539,81,49,13,98,45,31,27,33,14,10,64,46,62,25,29,42,Not Compliant
System-540,42,99,21,77,81,98,14,98,54,66,35,25,44,43,88,59,Not Compliant
System-541,37,68,69,47,3,18,63,60,38,18,74,17,54,43,16,42,Not Compliant
System-542,91,12,1,82,34,15,30,87,1,82,95,12,46,83,6,46,Not Compliant
System-543,50,57,28,12,97,64,38,91,22,95,97,34,35,52,64,56,Not Compliant
System-544,70,98,31,43,21,56,23,58,32,98,69,19,95,57,98,58,Not Compliant
System-545,31,45,99,10,62,6,27,52,1,6,75,87,9,23,83,42,Not Compliant
System-546,83,81,42,78,35,92,79,92,73,37,59,44,95,60,90,70,Not Compliant
System-547,56,49,89,45,63,97,28,74,48,11,43,77,29,52,31,53,Not Compliant
System-548,19,69,38,23,41,30,39,1,44,29,20,17,80,84,0,36,Not Compliant
System-549,74,11,98,86,60,70,97,74,13,76,91,21,88,42,87,66,Not Compliant
System-550,72,39,74,15,25,29,99,93,77,94,54,47,61,27,46,57,Not Compliant
System-551,0,70,59,76,19,34,25,56,21,72,48,77,13,84,58,48,Not Compliant
System-552,50,52,20,76,69,98,93,68,54,66,62,7,31,93,65,61,Not Compliant
System-553,11,10,89,24,16,27,27,15,34,26,91,82,31,66,60,41,Not Compliant
System-554,33,88,96,25,46,51,79,76,41,54,73,0,62,79,74,59,Not Compliant
System-555,95,74,79,97,79,67,45,40,74,48,70,84,64,18,96,69,Not Compliant
System-556,32,41,95,93,55,46,19,10,50,54,93,23,37,56,11,48,Not Compliant
System-557,9,99,31,98,66,19,79,95,35,8,59,62,62,15,6,50,Not Compliant
System-558,23,45,58,68,87,6,7,3,50,67,46,68,12,15,16,39,Not Compliant
System-559,84,21,91,32,44,62,30,63,32,1,3,50,34,68,26,43,Not Compliant
System-560,59,98,48,22,69,29,65,18,66,59,59,73,14,21,33,49,Not Compliant
System-561,25,94,9,82,93,23,44,46,16,91,70,89,4,97,88,59,Not Compliant
System-562,77,27,40,37,96,55,82,20,44,37,23,6,98,11,95,50,Not Compliant
System-563,48,69,57,14,78,77,70,72,52,43,2,87,94,24,82,58,Not Compliant
System-564,16,14,30,13,7,76,39,5,21,52,64,8,75,58,59,36,Not Compliant
System-565,72,91,31,84,22,33,22,21,76,58,3,24,72,99,59,52,Not Compliant
System-566,79,1,80,61,19,77,22,94,93,19,36,20,82,24,73,52,Not Compliant
System-567,92,17,69,83,15,68,84,16,77,72,93,66,24,86,70,63,Not Compliant
System-568,96,92,85,81,82,88,85,99,84,85,95,89,97,94,83,89,Compliant
System-569,66,51,2,97,49,59,26,61,21,99,35,21,41,89,53,52,Not Compliant
System-570,54,40,18,75,62,29,60,57,85,3,20,72,16,96,11,47,Not Compliant
System-571,93,83,42,41,63,62,33,10,54,75,50,44,64,70,19,54,Not Compliant
System-572,98,91,84,81,95,98,92,96,95,82,98,85,97,89,92,92,Compliant
System-573,28,63,83,96,22,34,29,37,56,73,69,52,57,18,95,55,Not Compliant
System-574,14,16,5,74,32,26,80,45,1,96,38,21,73,62,69,44,Not Compliant
System-575,3,76,58,5,58,89,24,25,66,83,69,5,52,48,95,51,Not Compliant
System-576,96,62,98,34,63,55,48,63,64,71,75,92,99,93,91,74,Not Compliant
System-577,45,62,14,93,24,3,98,86,50,56,82,6,40,25,79,51,Not Compliant
System-578,12,55,5,75,87,12,17,59,75,73,28,90,35,93,71,53,Not Compliant
System-579,89,97,93,91,95,90,86,82,86,90,80,88,96,86,91,90,Compliant
System-580,33,53,15,95,21,5,82,29,40,34,42,40,73,36,76,45,Not Compliant
System-581,39,31,14,44,2,35,98,83,52,32,84,80,56,77,21,50,Not Compliant
System-582,20,8,24,95,51,88,47,70,46,89,43,83,50,49,37,54,Not Compliant
System-583,20,61,79,81,88,21,5,28,75,9,23,59,97,57,81,53,Not Compliant
System-584,10,11,7,39,95,60,66,15,95,79,18,93,6,62,74,49,Not Compliant
System-585,6,54,79,46,43,67,53,41,68,92,63,43,18,95,12,52,Not Compliant
System-586,46,66,74,83,37,89,89,93,87,53,16,99,85,26,38,66,Not Compliant
System-587,7,18,36,93,9,43,62,4,73,4,45,90,92,27,0,41,Not Compliant
System-588,18,64,41,78,81,85,61,85,15,34,82,83,80,74,46,62,Not Compliant
System-589,81,21,91,71,77,54,17,20,86,19,22,15,12,6,60,44,Not Compliant
System-590,41,13,63,70,63,10,0,75,92,76,44,31,45,37,34,47,Not Compliant
System-591,15,40,47,8,43,58,41,43,18,14,70,64,64,91,98,48,Not Compliant
System-592,90,70,60,4,44,88,13,39,99,38,64,88,73,48,82,60,Not Compliant
System-593,55,44,97,29,44,83,56,95,95,67,68,87,2,81,32,63,Not Compliant
System-594,97,15,96,66,19,89,28,19,1,10,23,17,50,36,52,42,Not Compliant
System-595,68,97,36,37,69,69,93,25,48,6,22,85,89,6,28,52,Not Compliant
System-596,82,61,67,99,53,33,54,49,72,11,90,3,94,47,42,58,Not Compliant
System-597,75,3,63,59,4,67,13,97,52,61,18,0,77,46,19,44,Not Compliant
System-598,28,92,10,7,55,95,96,99,88,20,65,31,39,27,36,53,Not Compliant
System-599,93,81,91,80,83,92,92,96,97,82,85,95,95,85,87,89,Compliant
System-600,60,28,99,84,7,31,85,40,55,17,45,40,9,1,91,47,Not Compliant
System-601,1,55,4,31,15,26,57,95,50,33,52,51,16,94,82,45,Not Compliant
System-602,22,45,92,71,14,59,73,69,94,90,20,11,58,61,62,57,Not Compliant
System-603,83,11,80,31,95,82,28,27,41,15,3,10,38,78,18,43,Not Compliant
System-604,27,63,8,65,0,91,94,0,37,73,54,84,17,92,2,48,Not Compliant
System-605,98,23,93,62,0,91,95,58,80,8,76,13,10,33,80,55,Not Compliant
System-606,80,33,58,29,17,7,11,48,27,37,6,34,51,5,63,34,Not Compliant
System-607,6,88,59,22,48,23,23,46,56,51,81,52,92,7,91,50,Not Compliant
System-608,98,11,44,43,22,18,27,52,80,71,1,92,93,79,15,50,Not Compliant
System-609,41,21,35,41,49,51,19,92,81,47,79,76,30,92,99,57,Not Compliant
System-610,98,96,97,98,90,83,93,92,89,89,92,96,99,84,88,93,Compliant
System-611,1,0,8,58,13,48,72,10,49,65,9,38,41,41,23,32,Not Compliant
System-612,77,4,30,25,18,51,13,96,99,67,54,35,45,51,21,46,Not Compliant
System-613,50,6,55,94,39,23,31,35,82,23,30,3,45,36,63,41,Not Compliant
System-614,50,93,82,93,43,3,54,22,53,66,49,78,60,4,84,56,Not Compliant
System-615,49,74,9,48,58,7,36,23,17,35,34,22,20,19,25,32,Not Compliant
System-616,84,91,54,74,49,29,44,66,27,90,94,38,20,65,38,58,Not Compliant
System-617,93,96,78,33,67,9,43,78,38,15,76,43,89,48,9,55,Not Compliant
System-618,6,86,94,28,69,66,94,39,78,55,8,54,64,8,67,55,Not Compliant
System-619,80,79,4,39,36,27,58,1,93,49,96,24,32,24,77,48,Not Compliant
System-620,80,89,88,80,90,82,93,82,88,80,96,91,94,86,94,88,Compliant
System-621,34,43,53,39,14,57,39,12,92,17,27,99,45,78,80,49,Not Compliant
System-622,93,49,63,61,47,27,46,89,46,41,37,42,37,93,80,57,Not Compliant
System-623,14,75,83,35,91,35,61,91,36,77,91,7,69,11,39,55,Not Compliant
System-624,34,98,27,55,25,45,21,20,90,2,29,10,20,68,36,39,Not Compliant
System-625,55,46,30,46,1,28,7,23,49,97,15,84,79,26,74,44,Not Compliant
System-626,59,37,47,14,51,54,68,51,68,91,17,44,11,80,84,52,Not Compliant
System-627,28,56,31,31,28,15,3,29,97,72,45,17,78,79,11,42,Not Compliant
System-628,8,8,58,67,69,44,33,84,98,60,4,26,66,25,80,49,Not Compliant
System-629,92,96,95,87,91,93,95,92,84,87,82,84,96,94,92,91,Compliant
System-630,71,53,69,75,47,5,11,28,0,65,26,69,25,31,87,45,Not Compliant
System-631,99,98,81,96,80,99,82,91,84,99,97,92,83,89,81,91,Compliant
System-632,62,67,81,22,73,92,29,9,60,99,29,69,77,41,87,60,Not Compliant
System-633,38,6,89,78,58,95,14,6,60,85,14,9,12,41,6,41,Not Compliant
System-634,92,87,91,95,81,81,83,90,96,91,96,95,80,83,85,89,Compliant
System-635,20,98,83,46,68,5,18,95,94,74,37,63,74,15,81,59,Not Compliant
System-636,89,26,58,3,30,38,57,77,81,82,19,67,75,33,62,54,Not Compliant
System-637,52,12,65,79,59,67,63,91,58,47,94,23,78,22,35,57,Not Compliant
System-638,50,86,46,64,95,79,88,77,75,58,52,74,56,14,41,64,Not Compliant
System-639,89,84,92,93,90,94,93,84,99,85,87,88,82,89,99,90,Compliant
System-640,66,60,53,86,82,78,79,40,76,31,22,68,33,62,31,58,Not Compliant
System-641,72,75,12,56,63,13,71,31,88,50,12,98,49,31,17,50,Not Compliant
System-642,70,5,99,31,35,68,46,71,88,42,94,7,98,46,80,59,Not Compliant
System-643,41,45,50,19,11,98,17,76,4,34,15,64,40,33,52,40,Not Compliant
System-644,75,34,16,12,90,59,87,38,24,10,8,97,37,82,83,51,Not Compliant
System-645,49,21,69,41,94,11,95,94,94,47,77,4,21,74,33,55,Not Compliant
System-646,25,92,72,17,68,59,8,43,53,90,42,30,52,7,57,48,Not Compliant
System-647,78,84,16,76,24,45,82,53,59,14,56,22,66,75,82,56,Not Compliant
System-648,66,44,14,25,40,79,32,76,89,67,5,39,58,5,2,43,Not Compliant
System-649,53,61,5,2,48,47,24,50,45,49,84,84,26,50,34,45,Not Compliant
System-650,81,93,44,66,98,6,63,80,31,34,13,17,51,94,58,56,Not Compliant
System-651,87,53,63,51,91,48,2,59,1,16,22,60,2,44,99,47,Not Compliant
System-652,75,40,56,7,96,99,21,59,13,30,8,86,79,74,20,51,Not Compliant
System-653,52,72,98,77,45,25,20,9,10,64,7,67,87,55,85,52,Not Compliant
System-654,82,91,91,86,88,95,98,81,85,87,86,98,91,93,95,90,Compliant
System-655,75,30,49,28,49,36,46,45,16,39,90,57,34,45,25,45,Not Compliant
System-656,10,93,62,24,14,88,46,99,26,55,55,31,57,36,21,48,Not Compliant
System-657,15,87,55,23,34,62,16,74,31,78,8,78,46,58,64,49,Not Compliant
System-658,43,58,28,95,49,89,10,9,27,11,12,38,53,79,12,41,Not Compliant
System-659,56,88,91,42,0,82,31,26,46,31,74,29,52,25,92,51,Not Compliant
System-660,83,80,83,82,99,84,80,84,80,80,95,95,90,80,81,86,Compliant
System-661,42,93,51,80,64,58,58,14,88,21,63,10,0,92,63,54,Not Compliant
System-662,58,52,45,13,26,92,40,95,77,21,81,49,64,38,9,51,Not Compliant
System-663,51,85,28,60,60,49,20,47,27,49,16,28,45,95,57,48,Not Compliant
System-664,26,45,70,42,75,60,53,26,23,7,76,39,49,0,68,44,Not Compliant
System-665,30,23,63,4,88,68,21,13,65,33,10,65,92,93,52,48,Not Compliant
System-666,25,93,69,61,44,35,44,35,10,86,9,62,8,53,90,49,Not Compliant
System-667,12,69,8,24,93,1,39,32,19,17,60,95,91,96,7,45,Not Compliant
System-668,85,59,80,30,48,2,93,64,69,58,67,95,83,40,90,65,Not Compliant
System-669,98,87,92,33,42,21,98,14,13,82,90,13,41,7,12,50,Not Compliant
System-670,81,66,99,4,10,49,38,24,92,86,97,74,52,23,12,54,Not Compliant
System-671,94,75,49,5,2,56,34,91,5,63,20,34,47,24,20,42,Not Compliant
System-672,86,24,20,32,79,53,26,21,17,75,25,26,37,51,40,41,Not Compliant
System-673,81,81,92,81,82,95,85,97,88,99,84,98,85,90,89,89,Compliant
System-674,87,30,75,16,51,34,64,92,83,66,56,53,69,92,27,60,Not Compliant
System-675,93,80,99,87,80,86,80,81,85,90,81,88,94,89,95,88,Compliant
System-676,84,58,51,60,60,91,22,65,32,32,27,39,92,61,38,55,Not Compliant
System-677,14,2,85,18,97,73,90,72,13,88,74,28,61,10,74,54,Not Compliant
System-678,36,72,18,56,46,31,79,91,31,22,20,90,11,74,93,52,Not Compliant
System-679,43,97,43,6,17,37,9,27,43,54,40,68,58,4,44,40,Not Compliant
System-680,99,58,6,13,71,47,31,65,35,60,79,70,97,42,62,56,Not Compliant
System-681,89,94,92,28,5,90,51,95,81,59,98,71,52,84,5,67,Not Compliant
System-682,61,65,96,91,69,84,22,67,53,75,47,98,17,17,50,61,Not Compliant
System-683,29,43,94,2,94,61,70,25,62,32,38,33,87,96,74,56,Not Compliant
System-684,44,9,36,89,38,99,18,68,49,30,40,99,61,73,83,56,Not Compliant
System-685,30,59,28,62,28,37,42,40,55,33,56,85,68,18,39,46,Not Compliant
System-686,22,67,47,35,75,30,24,94,48,60,25,15,36,20,77,45,Not Compliant
System-687,88,88,80,84,96,93,86,89,96,80,93,90,89,93,84,89,Compliant
System-688,43,93,14,50,0,5,44,80,75,61,54,65,47,89,35,51,Not Compliant
System-689,93,81,88,85,88,95,89,97,95,87,87,80,98,80,84,89,Compliant
System-690,5,17,96,47,95,96,24,88,11,64,87,50,20,40,3,50,Not Compliant
System-691,23,90,53,89,23,40,17,4,23,14,82,30,49,5,66,41,Not Compliant
System-692,13,27,37,13,14,73,66,8,47,49,10,38,79,72,95,43,Not Compliant
System-693,10,9,55,95,30,94,82,10,99,88,6,13,12,59,69,49,Not Compliant
System-694,91,70,39,47,82,61,18,75,56,77,83,10,53,77,36,59,Not Compliant
System-695,15,12,95,27,93,82,58,76,42,25,1,6,14,59,89,47,Not Compliant
System-696,90,81,90,94,83,83,84,81,89,86,92,98,84,91,89,88,Compliant
System-697,85,95,80,90,98,85,83,90,98,83,96,97,95,84,83,90,Compliant
System-698,48,31,87,45,48,85,16,13,41,90,94,95,11,99,11,55,Not Compliant
System-699,68,67,88,32,6,56,16,60,27,37,21,1,58,73,92,47,Not Compliant
System-700,71,41,5,78,49,85,30,13,9,76,23,97,89,98,88,57,Not Compliant
System-701,14,44,33,98,85,47,85,51,66,1,72,70,22,60,43,53,Not Compliant
System-702,14,37,23,48,39,19,69,75,40,92,79,5,84,16,91,49,Not Compliant
System-703,43,39,45,52,69,29,76,69,46,85,83,38,16,39,69,54,Not Compliant
System-704,17,23,93,64,31,97,41,11,34,73,58,66,47,19,87,51,Not Compliant
System-705,10,19,75,67,13,78,97,2,80,32,89,50,40,78,95,55,Not Compliant
System-706,30,74,15,81,5,53,32,83,32,47,55,2,53,34,37,43,Not Compliant
System-707,74,97,97,81,59,86,44,13,38,20,50,62,8,14,87,56,Not Compliant
System-708,86,6,87,67,76,38,92,94,57,6,87,20,40,73,38,58,Not Compliant
System-709,96,99,83,81,98,89,84,85,96,82,99,92,99,85,80,90,Compliant
System-710,49,0,58,44,66,74,65,75,7,6,11,15,12,92,53,42,Not Compliant
System-711,92,97,28,29,10,80,50,17,48,98,62,79,89,62,7,57,Not Compliant
System-712,20,22,75,86,61,81,43,3,6,94,49,36,68,57,68,52,Not Compliant
System-713,14,54,16,8,66,74,55,17,75,77,24,1,56,75,45,44,Not Compliant
System-714,26,21,25,69,45,98,63,79,24,38,77,23,51,85,34,51,Not Compliant
System-715,14,41,73,31,10,53,69,95,5,17,18,21,32,78,16,39,Not Compliant
System-716,59,74,19,57,2,96,14,90,91,5,99,67,38,70,87,58,Not Compliant
System-717,15,81,48,78,59,40,55,46,48,87,40,76,7,12,91,53,Not Compliant
System-718,64,43,99,72,56,30,53,57,13,33,50,84,70,91,48,58,Not Compliant
System-719,92,40,33,93,39,9,34,91,23,36,55,80,54,5,95,52,Not Compliant
System-720,87,20,19,60,68,21,64,8,17,30,79,14,51,63,20,42,Not Compliant
System-721,80,78,0,44,23,92,40,61,13,87,13,51,2,18,30,43,Not Compliant
System-722,35,41,94,41,1,73,98,49,76,93,63,32,45,24,43,54,Not Compliant
System-723,41,54,4,42,6,34,38,68,97,86,14,68,43,18,42,44,Not Compliant
System-724,78,18,73,47,15,77,31,14,7,41,44,85,21,89,58,47,Not Compliant
System-725,73,68,11,21,21,93,34,5,92,38,67,89,58,97,34,54,Not Compliant
System-726,9,40,42,54,39,98,38,66,64,28,32,57,0,74,93,49,Not Compliant
System-727,30,29,96,24,76,93,83,31,64,71,77,35,14,22,20,51,Not Compliant
System-728,96,94,83,85,89,99,94,98,82,99,89,88,87,83,81,90,Compliant
System-729,75,64,36,26,72,76,59,75,42,26,71,32,93,2,74,55,Not Compliant
System-730,79,58,10,75,96,83,84,31,78,81,94,80,40,84,46,68,Not Compliant
System-731,81,28,32,53,10,80,66,17,80,87,2,80,93,6,17,49,Not Compliant
System-732,87,97,62,63,24,24,60,87,85,10,74,35,31,28,53,55,Not Compliant
System-733,48,81,78,30,66,72,25,26,57,43,30,86,52,83,60,56,Not Compliant
System-734,58,71,32,51,19,87,7,51,41,1,2,71,11,26,5,36,Not Compliant
System-735,45,71,74,99,25,10,83,35,28,94,84,88,89,33,96,64,Not Compliant
System-736,8,69,21,62,35,2,29,88,62,85,72,86,9,82,36,50,Not Compliant
System-737,6,40,99,5,26,33,54,67,74,52,65,78,80,26,13,48,Not Compliant
System-738,15,11,63,31,11,17,76,37,12,37,63,24,70,97,2,38,Not Compliant
System-739,96,29,99,94,68,79,92,5,49,54,95,23,10,97,52,63,Not Compliant
System-740,29,49,81,50,65,81,2,24,90,42,1,48,46,25,63,47,Not Compliant
System-741,63,63,85,60,10,52,52,35,17,77,0,62,71,61,62,52,Not Compliant
System-742,97,73,69,6,46,33,55,9,29,12,71,21,81,90,66,51,Not Compliant
System-743,48,80,4,27,46,18,91,91,83,89,98,87,24,0,78,58,Not Compliant
System-744,74,19,54,70,67,87,23,28,75,4,88,16,95,82,66,57,Not Compliant
System-745,61,51,87,2,71,96,68,26,99,1,0,99,43,99,57,58,Not Compliant
System-746,84,85,90,99,85,84,89,81,96,92,83,82,82,85,90,88,Compliant
System-747,65,2,35,91,63,22,6,14,35,37,33,60,36,59,18,39,Not Compliant
System-748,5,96,82,41,82,37,69,34,70,53,73,6,36,93,62,56,Not Compliant
System-749,40,7,35,4,71,27,5,97,0,67,31,89,88,41,66,45,Not Compliant
System-750,10,99,41,32,75,38,93,90,51,78,74,13,58,42,70,58,Not Compliant
System-751,98,96,79,87,72,1,69,92,32,30,40,33,33,62,83,61,Not Compliant
System-752,59,85,97,44,9,40,80,20,17,98,82,97,55,16,88,60,Not Compliant
System-753,75,61,57,59,61,28,8,68,80,87,9,52,48,68,52,55,Not Compliant
System-754,14,97,77,42,79,14,2,18,53,84,6,0,95,10,46,43,Not Compliant
System-755,23,94,56,55,30,86,60,42,0,65,83,84,90,93,46,61,Not Compliant
System-756,82,45,5,54,43,59,36,3,36,2,14,36,72,78,29,40,Not Compliant
System-757,50,39,19,94,67,79,37,13,97,4,44,45,16,56,83,50,Not Compliant
System-758,93,81,92,82,93,92,97,83,91,88,90,83,88,89,90,89,Compliant
System-759,76,12,48,9,32,22,87,0,18,3,41,99,17,64,58,40,Not Compliant
System-760,49,1,48,60,72,17,29,93,26,60,54,44,89,56,37,49,Not Compliant
System-761,69,43,71,79,9,50,99,87,11,13,3,49,31,17,53,46,Not Compliant
System-762,53,51,59,32,57,39,43,15,29,90,35,92,62,47,47,51,Not Compliant
System-763,0,75,3,0,49,77,71,51,23,37,83,52,8,72,31,43,Not Compliant
System-764,95,85,82,98,94,97,98,98,94,86,81,87,96,99,88,92,Compliant
System-765,36,44,61,15,83,38,62,58,90,65,28,27,54,1,58,48,Not Compliant
System-766,50,74,21,35,48,22,78,65,15,33,70,28,64,58,7,45,Not Compliant
System-767,85,82,99,82,82,85,81,85,88,92,94,88,81,96,80,87,Compliant
System-768,40,28,66,76,91,3,48,23,64,67,61,72,90,8,54,53,Not Compliant
System-769,8,68,59,83,97,99,16,51,94,42,98,82,87,64,24,65,Not Compliant
System-770,66,73,27,67,9,76,6,50,44,32,90,19,63,73,71,52,Not Compliant
System-771,71,75,44,11,94,68,89,95,57,8,30,35,85,22,71,57,Not Compliant
System-772,52,28,61,40,16,80,51,18,20,58,58,44,47,94,20,46,Not Compliant
System-773,67,71,89,56,73,56,40,38,57,57,20,93,6,15,79,55,Not Compliant
System-774,39,76,36,10,6,26,44,99,75,24,28,98,43,62,28,47,Not Compliant
System-775,76,16,12,45,27,3,64,44,81,75,90,17,46,76,93,51,Not Compliant
System-776,4,40,80,59,51,73,25,69,60,63,96,59,86,17,40,55,Not Compliant
System-777,33,77,25,77,28,65,5,16,68,20,64,51,94,64,76,51,Not Compliant
System-778,17,70,85,35,66,94,70,22,6,37,53,48,31,79,40,51,Not Compliant
System-779,39,26,63,66,57,46,97,62,70,57,56,15,36,30,72,53,Not Compliant
System-780,7,58,44,68,24,29,45,42,36,18,92,65,73,0,11,41,Not Compliant
System-781,5,3,37,63,33,89,68,90,25,77,76,38,22,98,83,54,Not Compliant
System-782,59,71,32,33,30,62,27,89,71,64,54,41,10,55,21,48,Not Compliant
System-783,84,47,95,40,7,14,51,51,61,98,89,6,17,40,62,51,Not Compliant
System-784,36,97,47,0,4,44,28,46,24,56,48,32,11,2,57,36,Not Compliant
System-785,81,95,47,82,66,19,50,13,59,52,22,24,37,12,66,49,Not Compliant
System-786,5,91,12,51,81,57,17,42,89,76,88,81,22,75,97,59,Not Compliant
System-787,89,89,52,70,52,42,79,92,77,19,12,50,50,61,72,61,Not Compliant
System-788,87,3,31,1,42,13,49,98,55,58,41,87,5,44,42,44,Not Compliant
System-789,88,64,79,45,77,43,85,31,71,77,90,11,16,49,90,62,Not Compliant
System-790,13,53,88,30,79,76,23,46,31,86,28,57,69,22,64,51,Not Compliant
System-791,40,16,45,36,94,55,35,79,71,59,45,43,30,74,81,54,Not Compliant
System-792,44,61,63,95,20,86,22,40,88,62,86,9,95,46,3,55,Not Compliant
System-793,28,58,87,6,6,25,6,85,2,11,38,9,70,76,88,40,Not Compliant
System-794,1,11,24,59,70,42,67,29,56,87,48,21,23,9,23,38,Not Compliant
System-795,42,58,63,40,43,92,97,90,7,83,60,63,81,9,4,56,Not Compliant
System-796,14,0,42,36,39,10,40,64,18,68,33,54,35,54,17,35,Not Compliant
System-797,9,48,95,2,8,17,4,34,72,85,69,45,65,27,54,43,Not Compliant
System-798,66,22,86,3,27,52,34,97,45,17,4,92,99,65,33,50,Not Compliant
System-799,39,93,82,49,72,80,84,50,49,48,27,24,26,44,68,56,Not Compliant
System-800,62,7,55,68,16,32,27,63,22,93,36,87,35,61,8,45,Not Compliant
System-801,37,59,76,47,73,97,93,30,62,90,50,94,45,96,37,66,Not Compliant
System-802,10,5,8,95,50,92,90,68,29,65,0,64,31,62,95,51,Not Compliant
System-803,37,63,50,31,39,88,93,42,34,78,29,51,29,17,3,46,Not Compliant
System-804,21,2,24,37,80,12,49,80,16,8,56,80,62,62,79,45,Not Compliant
System-805,73,70,47,88,75,85,25,31,21,8,63,95,49,90,98,62,Not Compliant
System-806,56,40,7,16,58,0,13,72,6,47,24,28,29,81,60,36,Not Compliant
System-807,25,44,22,61,55,56,64,8,42,97,95,93,14,18,12,48,Not Compliant
System-808,12,76,76,58,92,27,82,8,87,39,54,62,84,18,47,55,Not Compliant
System-809,90,15,55,92,49,58,90,21,32,91,63,98,5,57,70,60,Not Compliant
System-810,30,11,87,2,16,39,70,95,97,98,61,7,76,45,99,56,Not Compliant
System-811,86,36,77,97,81,27,60,27,63,70,76,71,11,1,0,53,Not Compliant
System-812,3,98,57,64,66,48,19,1,15,69,36,53,58,88,87,51,Not Compliant
System-813,88,81,84,90,85,89,80,96,86,90,93,94,84,87,88,88,Compliant
System-814,31,24,97,62,47,93,68,25,70,40,83,53,54,5,28,52,Not Compliant
System-815,59,51,4,30,59,45,49,13,21,1,47,90,83,57,96,47,Not Compliant
System-816,81,98,93,97,96,89,82,87,83,90,91,98,96,95,85,91,Compliant
System-817,49,57,62,80,26,47,84,39,62,66,46,0,44,97,26,53,Not Compliant
System-818,30,51,74,2,37,99,94,30,24,23,39,42,28,11,80,45,Not Compliant
System-819,93,97,94,95,96,95,99,95,86,89,99,80,82,93,99,93,Compliant
System-820,97,96,94,95,93,81,82,89,80,83,97,91,93,82,86,90,Compliant
System-821,70,14,31,43,52,45,86,6,31,80,77,35,96,6,6,46,Not Compliant
System-822,21,15,4,50,71,98,75,37,39,28,99,5,51,45,44,46,Not Compliant
System-823,97,82,83,98,85,90,82,94,95,90,95,85,97,84,93,90,Compliant
System-824,91,82,91,80,80,95,91,96,88,93,95,99,89,91,88,90,Compliant
System-825,70,9,66,16,28,12,92,96,33,71,28,54,40,66,79,51,Not Compliant
System-826,88,47,66,85,45,83,88,38,66,78,61,4,74,85,61,65,Not Compliant
System-827,83,89,99,30,2,75,71,33,98,68,80,77,42,71,78,67,Not Compliant
System-828,73,29,76,4,8,37,28,90,50,89,50,87,6,18,74,48,Not Compliant
System-829,51,22,42,12,7,83,87,25,68,12,83,24,30,68,7,42,Not Compliant
System-830,13,82,54,16,51,29,79,18,22,87,94,62,64,31,62,51,Not Compliant
System-831,55,40,78,70,32,58,1,3,61,21,36,94,30,8,21,41,Not Compliant
System-832,22,96,48,44,85,28,18,33,60,49,51,42,78,13,5,45,Not Compliant
System-833,20,9,95,28,31,90,53,90,49,64,9,18,37,48,22,45,Not Compliant
System-834,75,19,81,42,11,57,39,20,75,3,3,43,65,97,64,47,Not Compliant
System-835,29,38,84,37,34,35,44,64,27,56,51,77,1,4,20,41,Not Compliant
System-836,28,55,42,68,20,25,88,91,0,62,21,34,64,46,49,47,Not Compliant
System-837,75,93,1,44,77,88,23,13,41,33,7,13,32,56,46,43,Not Compliant
System-838,7,48,96,10,67,85,12,2,44,84,34,16,49,25,71,44,Not Compliant
System-839,83,99,63,74,14,82,10,32,11,38,60,89,28,8,16,48,Not Compliant
System-840,74,88,45,77,82,11,46,37,19,31,81,64,48,92,51,57,Not Compliant
System-841,66,9,39,27,51,47,69,2,73,77,88,88,72,43,94,57,Not Compliant
System-842,77,1,65,58,88,18,67,96,2,56,65,24,37,60,98,55,Not Compliant
System-843,82,86,98,89,87,89,89,94,86,98,87,92,83,92,97,90,Compliant
System-844,7,86,65,23,56,22,63,8,89,65,90,66,69,69,4,53,Not Compliant
System-845,17,19,55,7,86,4,96,99,57,34,83,93,27,89,36,54,Not Compliant
System-846,65,16,88,53,20,2,78,71,96,8,94,17,18,61,90,52,Not Compliant
System-847,8,14,30,21,61,9,45,89,16,5,61,6,13,64,90,36,Not Compliant
System-848,84,80,81,82,94,82,88,80,98,96,83,82,92,95,98,88,Compliant
System-849,63,59,89,54,69,60,45,73,56,15,21,40,30,19,71,51,Not Compliant
System-850,51,62,67,64,51,80,52,32,54,65,71,54,51,58,38,57,Not Compliant
System-851,13,63,74,57,87,38,46,61,31,14,36,50,99,90,78,56,Not Compliant
System-852,3,49,17,83,47,98,62,5,42,65,4,14,97,65,13,45,Not Compliant
System-853,81,89,89,94,94,83,93,89,83,81,91,97,93,87,82,89,Compliant
System-854,42,20,97,84,84,30,66,51,5,2,11,14,72,61,95,49,Not Compliant
System-855,91,90,92,87,81,89,93,96,96,88,83,82,88,85,89,89,Compliant
System-856,77,0,71,31,57,29,26,43,29,48,51,18,33,80,39,43,Not Compliant
System-857,89,32,95,36,71,86,44,28,15,94,60,95,71,59,41,62,Not Compliant
System-858,69,70,82,79,89,65,63,76,0,88,52,59,60,52,49,64,Not Compliant
System-859,73,97,63,39,28,86,20,69,61,32,52,51,12,1,52,50,Not Compliant
System-860,19,11,81,79,60,21,69,70,5,97,86,47,52,19,36,51,Not Compliant
System-861,55,2,61,68,39,18,12,91,7,53,10,5,90,31,49,40,Not Compliant
System-862,87,68,62,6,19,9,51,76,80,68,74,12,92,73,85,58,Not Compliant
System-863,94,86,86,92,83,81,86,83,98,94,96,98,89,90,97,91,Compliant
System-864,75,75,79,66,26,4,50,26,17,67,94,24,92,31,18,50,Not Compliant
System-865,28,8,5,42,79,19,38,85,42,1,39,42,89,73,45,43,Not Compliant
System-866,32,88,67,40,99,18,94,99,70,5,81,86,7,75,84,63,Not Compliant
System-867,94,80,3,11,21,42,39,90,63,64,96,72,69,23,30,54,Not Compliant
System-868,18,47,96,74,98,26,97,38,16,93,20,37,62,97,68,60,Not Compliant
System-869,34,75,0,24,21,61,90,91,68,8,97,43,57,46,82,54,Not Compliant
System-870,90,3,32,61,22,74,91,44,44,96,10,53,55,24,37,50,Not Compliant
System-871,2,15,18,87,10,88,1,98,76,88,29,64,51,64,63,51,Not Compliant
System-872,49,89,3,67,64,73,9,99,60,76,85,7,54,48,76,58,Not Compliant
System-873,39,55,69,47,88,47,56,38,10,57,93,64,92,77,99,63,Not Compliant
System-874,59,9,90,75,44,81,23,39,91,19,51,12,43,72,70,52,Not Compliant
System-875,29,84,85,40,41,5,85,82,65,95,24,17,53,22,41,52,Not Compliant
System-876,27,12,85,1,87,48,6,36,86,86,35,91,28,82,31,50,Not Compliant
System-877,86,91,89,86,99,99,94,81,91,83,85,80,94,95,88,90,Compliant
System-878,21,1,84,87,97,46,70,82,45,73,85,87,40,28,6,57,Not Compliant
System-879,38,80,67,26,58,57,17,4,59,90,59,42,32,32,16,46,Not Compliant
System-880,99,96,98,93,80,90,91,92,81,89,95,91,81,99,95,92,Compliant
System-881,68,68,9,15,84,66,76,37,56,59,31,34,38,76,94,55,Not Compliant
System-882,42,27,88,77,8,68,20,25,42,1,52,56,12,84,49,44,Not Compliant
System-883,51,80,8,5,3,15,97,36,31,36,89,88,97,86,48,52,Not Compliant
System-884,57,68,15,36,33,34,51,90,11,98,53,51,56,77,52,53,Not Compliant
System-885,82,94,86,91,92,94,85,86,94,90,88,91,81,96,90,90,Compliant
System-886,26,12,53,32,24,21,86,50,74,69,4,67,10,72,94,47,Not Compliant
System-887,85,48,53,50,58,83,90,52,69,90,39,88,49,68,25,64,Not Compliant
System-888,45,93,45,60,49,91,32,93,90,3,67,38,63,49,64,59,Not Compliant
System-889,3,18,52,54,91,65,68,98,50,30,32,34,51,33,93,52,Not Compliant
System-890,23,92,89,85,53,5,94,89,18,24,37,75,65,62,65,59,Not Compliant
System-891,58,55,4,99,29,40,27,63,84,44,73,55,6,57,75,52,Not Compliant
System-892,53,41,54,67,54,99,12,28,4,95,30,84,19,50,56,50,Not Compliant
System-893,1,79,50,75,55,32,5,37,29,81,21,72,35,38,16,42,Not Compliant
System-894,12,10,10,47,27,66,82,58,43,39,35,26,69,36,48,41,Not Compliant
System-895,79,15,88,71,37,19,7,39,84,5,90,97,84,53,40,54,Not Compliant
System-896,89,80,89,90,88,86,93,83,86,98,84,96,97,88,92,90,Compliant
System-897,46,33,27,1,32,35,3,80,63,75,92,27,20,80,55,45,Not Compliant
System-898,33,36,76,78,1,89,63,50,36,0,11,16,92,61,76,48,Not Compliant
System-899,64,11,93,60,93,72,44,77,29,27,95,66,25,47,73,59,Not Compliant
System-900,4,70,57,25,61,11,79,29,66,71,84,45,7,90,29,49,Not Compliant
System-901,1,88,79,81,7,6,85,78,38,53,77,73,42,58,69,56,Not Compliant
System-902,91,33,73,62,12,44,24,83,40,42,36,20,45,16,31,44,Not Compliant
System-903,8,7,81,12,17,58,89,39,93,45,57,70,41,12,61,46,Not Compliant
System-904,89,2,47,83,72,81,68,41,92,29,72,3,32,80,77,58,Not Compliant
System-905,52,19,17,68,98,64,27,96,14,20,47,29,31,9,70,45,Not Compliant
System-906,24,96,51,41,40,82,1,83,32,76,88,98,80,85,38,61,Not Compliant
System-907,17,12,3,90,13,31,35,14,29,66,8,87,13,54,72,37,Not Compliant
System-908,1,43,72,39,86,66,65,3,42,93,16,5,71,91,52,50,Not Compliant
System-909,51,28,24,71,30,61,72,72,36,80,87,0,91,46,95,57,Not Compliant
System-910,21,60,36,61,69,8,96,83,23,50,41,54,56,85,56,54,Not Compliant
System-911,81,97,83,90,89,97,84,89,91,86,99,85,92,88,95,90,Compliant
System-912,5,4,87,12,73,14,37,59,8,19,15,72,66,10,28,34,Not Compliant
System-913,63,58,92,81,37,90,30,26,34,12,13,76,49,73,61,53,Not Compliant
System-914,43,20,25,72,94,76,60,93,62,92,45,81,9,86,44,61,Not Compliant
System-915,66,48,41,66,24,84,70,27,3,31,48,50,52,56,66,49,Not Compliant
System-916,63,7,71,17,91,60,43,88,18,9,17,67,95,93,44,53,Not Compliant
System-917,92,26,88,70,11,88,33,1,25,6,27,18,87,57,87,48,Not Compliant
System-918,53,63,19,13,50,37,66,77,38,43,21,10,63,54,26,43,Not Compliant
System-919,55,42,63,9,44,11,30,35,61,78,6,99,25,80,52,46,Not Compliant
System-920,46,40,89,78,18,93,25,72,14,96,52,29,11,88,37,53,Not Compliant
System-921,83,89,92,96,83,98,80,88,98,80,99,88,99,87,88,90,Compliant
System-922,76,85,51,4,88,81,80,6,7,12,33,55,25,66,89,51,Not Compliant
System-923,6,75,19,25,87,70,18,80,78,96,74,60,61,57,23,56,Not Compliant
System-924,7,63,26,91,10,79,4,81,13,72,24,73,57,24,77,47,Not Compliant
System-925,36,29,84,5,39,40,27,77,15,93,41,99,96,13,90,53,Not Compliant
System-926,87,24,19,45,67,49,21,15,27,44,59,24,8,74,14,39,Not Compliant
System-927,61,62,20,26,16,90,89,60,8,92,63,3,44,13,93,50,Not Compliant
System-928,36,85,59,23,69,73,33,98,60,12,62,71,69,94,81,62,Not Compliant
System-929,78,28,16,15,27,54,6,25,1,85,95,55,42,20,17,38,Not Compliant
System-930,28,40,94,54,22,54,92,65,86,68,7,92,29,33,69,56,Not Compliant
System-931,11,57,45,43,80,66,87,48,81,54,46,95,34,9,13,52,Not Compliant
System-932,30,78,75,5,71,41,45,7,55,80,14,70,53,20,33,46,Not Compliant
System-933,91,97,87,84,94,87,97,96,87,82,96,89,88,92,91,91,Compliant
System-934,90,96,79,42,38,80,72,41,44,3,94,97,46,88,74,66,Not Compliant
System-935,42,21,2,8,6,85,28,33,97,74,24,25,56,48,58,41,Not Compliant
System-936,92,8,7,40,27,1,16,44,68,25,98,6,58,52,79,42,Not Compliant
System-937,3,29,61,17,48,95,5,55,71,58,65,97,60,91,5,51,Not Compliant
System-938,97,99,88,83,91,93,82,89,86,83,93,88,83,97,98,90,Compliant
System-939,14,6,33,38,38,11,83,96,30,56,63,11,60,46,18,41,Not Compliant
System-940,26,35,53,75,61,3,65,90,99,4,84,63,79,20,15,52,Not Compliant
System-941,53,6,85,3,24,5,2,83,24,90,86,95,81,16,47,47,Not Compliant
System-942,84,33,46,71,79,13,20,5,2,52,93,22,89,55,3,45,Not Compliant
System-943,89,17,52,32,43,49,36,32,82,53,70,41,69,54,38,51,Not Compliant
System-944,6,7,28,91,42,73,8,53,92,97,55,91,87,50,7,53,Not Compliant
System-945,85,14,71,74,54,66,88,81,48,25,67,19,56,57,69,59,Not Compliant
System-946,98,83,92,93,85,89,80,82,86,87,93,97,85,83,84,88,Compliant
System-947,79,1,58,9,75,8,8,92,25,45,95,13,26,92,88,48,Not Compliant
System-948,76,50,13,69,10,63,92,27,41,32,88,26,12,91,40,49,Not Compliant
System-949,90,23,20,83,56,18,1,10,2,38,38,3,31,79,93,39,Not Compliant
System-950,90,81,36,4,16,73,21,4,4,38,56,22,63,73,47,42,Not Compliant
System-951,31,79,89,50,54,81,84,80,4,71,4,62,16,86,38,56,Not Compliant
System-952,17,39,15,51,90,61,65,46,23,82,59,84,40,96,61,56,Not Compliant
System-953,13,25,69,53,78,49,99,43,83,19,72,38,32,61,92,56,Not Compliant
System-954,96,97,85,86,83,99,85,96,85,88,99,88,95,98,99,92,Compliant
System-955,90,87,93,88,82,81,86,92,96,88,86,87,80,87,81,87,Compliant
System-956,68,51,77,48,73,77,24,45,41,70,86,73,79,66,57,63,Not Compliant
System-957,15,15,30,32,66,5,73,24,42,96,35,7,51,85,73,44,Not Compliant
System-958,75,65,45,55,43,2,21,53,80,1,64,88,88,92,79,57,Not Compliant
System-959,64,58,45,0,80,95,40,44,73,33,51,81,7,53,10,49,Not Compliant
System-960,57,64,77,17,33,15,99,33,83,94,83,20,80,5,41,54,Not Compliant
System-961,18,6,87,53,30,56,46,88,22,2,44,20,85,21,49,42,Not Compliant
System-962,42,45,91,27,62,19,29,67,74,28,99,44,1,47,0,45,Not Compliant
System-963,55,90,89,7,35,38,73,71,87,3,91,12,65,52,10,52,Not Compliant
System-964,70,27,12,45,77,17,22,92,81,18,0,27,92,0,33,41,Not Compliant
System-965,87,92,27,46,58,98,29,49,5,40,28,28,4,37,57,46,Not Compliant
System-966,16,51,90,62,73,51,4,26,91,34,95,22,52,5,59,49,Not Compliant
System-967,98,99,95,80,85,98,82,99,96,89,83,88,84,99,82,91,Compliant
System-968,82,92,86,93,92,88,96,88,88,93,85,92,89,97,81,90,Compliant
System-969,54,11,27,38,80,29,0,99,50,51,9,23,12,67,28,39,Not Compliant
System-970,44,35,59,34,1,83,79,14,81,29,83,3,62,49,20,46,Not Compliant
System-971,88,48,1,42,61,18,57,63,87,13,43,18,29,42,65,45,Not Compliant
System-972,38,19,11,26,55,28,19,37,89,83,5,97,86,47,67,48,Not Compliant
System-973,26,93,85,62,73,56,51,42,86,15,32,86,19,68,3,54,Not Compliant
System-974,13,3,23,57,73,99,88,77,31,60,16,29,5,63,9,44,Not Compliant
System-975,29,91,40,23,29,63,65,75,7,25,41,42,64,10,24,42,Not Compliant
System-976,11,99,61,0,30,16,51,57,12,88,86,41,64,53,93,51,Not Compliant
System-977,69,72,64,72,24,25,51,18,85,99,31,44,68,78,64,58,Not Compliant
System-978,2,85,18,31,67,7,26,93,17,50,7,45,28,30,60,38,Not Compliant
System-979,64,46,75,58,42,98,73,42,99,26,43,54,65,93,63,63,Not Compliant
System-980,87,87,83,89,83,85,89,99,98,80,95,94,90,90,94,90,Compliant
System-981,80,92,88,88,93,86,99,95,89,95,90,88,91,97,83,91,Compliant
System-982,95,70,28,43,20,28,82,81,81,11,25,36,82,19,79,52,Not Compliant
System-983,87,86,81,93,84,92,83,84,81,98,94,94,81,97,90,89,Compliant
System-984,42,71,44,91,36,37,34,26,66,38,38,81,3,84,5,47,Not Compliant
System-985,65,34,38,14,22,30,58,4,93,46,13,97,51,85,73,49,Not Compliant
System-986,33,87,65,96,37,44,39,91,80,8,35,46,94,53,1,54,Not Compliant
System-987,72,3,89,51,10,55,70,30,14,92,58,42,34,20,84,49,Not Compliant
System-988,58,41,78,43,35,73,98,8,28,69,9,5,83,87,91,54,Not Compliant
System-989,6,86,7,27,83,50,52,64,53,93,40,9,50,35,25,46,Not Compliant
System-990,93,81,93,86,89,87,85,82,89,95,93,88,84,91,97,89,Compliant
System-991,7,67,2,30,72,93,52,70,51,58,26,99,90,68,86,59,Not Compliant
System-992,73,78,15,42,30,19,6,11,83,91,58,58,46,19,66,47,Not Compliant
System-993,47,5,24,52,97,95,8,6,92,36,42,29,83,36,67,48,Not Compliant
System-994,99,5,4,81,62,61,89,44,35,54,91,5,45,14,24,48,Not Compliant
System-995,93,86,90,85,99,94,82,85,91,93,82,99,95,91,98,91,Compliant
System-996,80,95,86,98,84,94,89,98,89,83,90,87,91,84,99,90,Compliant
System-997,96,91,84,99,90,83,89,97,82,88,97,81,91,99,91,91,Compliant
System-998,51,22,98,51,22,43,65,88,73,84,37,80,71,38,39,58,Not Compliant
System-999,50,45,62,88,26,51,81,80,40,85,9,78,31,91,30,57,Not Compliant