,SystemName,1.1.1,1.1.2,1.1.3,1.2.1,1.2.2,1.2.3,1.3.1,1.3.2,1.3.3,1.4.1,1.4.2,1.4.3,1.5.1,1.5.2,1.5.3,1.6.1,1.6.2,1.6.3,1.7.1,1.7.2,1.7.3,1.8.1,1.8.2,1.8.3,1.9.1,1.9.2,1.9.3,Result
0,System-0_0,1,4,4,0,8,1,8,8,9,9,5,6,3,8,0,9,2,5,8,8,9,4,5,8,2,1,6,0
1,System-0_1,7,9,8,5,0,8,0,3,9,2,6,6,5,1,0,4,1,1,7,0,2,0,7,9,0,6,0,0
2,System-0_2,7,9,1,3,4,4,8,3,6,8,1,3,9,4,6,9,0,8,7,7,2,5,2,2,9,8,1,0
3,System-0_3,5,6,1,5,0,7,4,6,8,8,7,7,5,4,5,5,6,7,2,3,4,5,7,4,8,6,9,0
4,System-0_4,6,6,2,1,5,6,0,5,2,0,6,3,9,6,4,0,6,6,1,6,9,5,4,6,9,2,4,0
5,System-0_5,7,7,5,6,2,7,1,2,9,2,3,0,8,9,2,8,4,5,4,7,6,6,6,6,0,2,7,0
6,System-0_6,6,3,0,7,0,6,3,5,8,1,4,7,3,3,7,5,9,8,9,1,3,6,2,5,7,2,2,0
7,System-0_7,2,9,2,5,2,5,1,9,8,3,6,1,1,0,3,5,7,1,3,7,4,5,3,5,1,7,4,0
8,System-0_8,1,8,0,0,3,9,8,6,6,8,7,8,1,2,8,4,1,3,9,1,2,4,8,4,4,6,6,0
9,System-0_9,5,3,9,9,9,6,3,9,4,5,2,8,3,4,1,9,4,1,1,2,3,0,4,1,2,6,5,0
10,System-1_0,2,8,5,2,9,7,6,7,0,9,0,0,7,0,8,9,0,4,4,6,2,7,6,3,8,2,5,0
11,System-1_1,6,4,8,1,2,2,1,4,2,8,2,7,0,6,2,7,5,2,4,8,9,0,4,0,0,0,6,0
12,System-1_2,4,6,9,7,9,1,0,8,9,3,2,7,6,2,9,7,5,8,0,0,4,7,8,4,4,9,4,0
13,System-1_3,0,3,4,4,9,6,0,2,3,7,9,2,8,0,2,7,1,3,7,6,8,6,7,5,4,9,1,0
14,System-1_4,7,1,2,2,4,9,8,9,7,4,9,1,0,3,2,9,8,6,1,4,8,0,0,3,1,7,9,0
15,System-1_5,8,3,4,2,5,9,1,5,3,7,0,3,4,1,2,2,3,1,0,0,4,8,2,5,5,2,6,0
16,System-1_6,0,9,3,9,3,7,8,8,9,3,2,5,6,1,0,8,5,7,1,5,1,4,9,7,6,0,6,0
17,System-1_7,3,4,3,5,8,0,1,3,5,4,1,4,2,4,3,0,4,4,5,0,3,2,4,4,9,4,3,0
18,System-1_8,0,9,2,2,0,6,8,9,0,0,5,5,4,0,8,3,1,3,5,1,0,5,2,5,7,2,4,0
19,System-1_9,8,6,8,0,8,1,2,3,5,9,8,3,5,4,6,1,7,0,5,9,0,3,0,9,1,3,4,0
20,System-2_0,3,5,8,5,6,5,6,5,8,1,3,8,1,1,3,0,6,7,8,8,3,0,4,5,1,7,3,0
21,System-2_1,0,4,3,4,2,1,0,4,8,2,2,3,4,9,9,7,4,1,7,5,4,5,8,5,5,2,2,0
22,System-2_2,2,7,3,3,8,0,7,3,0,7,9,8,8,6,9,7,8,7,7,4,9,0,3,6,4,0,8,0
23,System-2_3,1,9,1,2,5,7,6,3,1,8,4,9,5,8,7,2,3,7,7,2,5,8,5,6,0,7,6,0
24,System-2_4,3,2,8,0,0,2,6,3,8,7,7,9,7,7,9,0,2,7,7,9,3,7,4,2,5,7,8,0
25,System-2_5,3,7,6,1,8,0,9,2,8,8,2,5,5,4,3,2,0,1,0,6,7,2,2,0,2,7,9,0
26,System-2_6,2,8,2,8,7,4,9,7,7,6,6,6,4,1,2,4,4,4,6,3,6,0,2,7,8,6,9,0
27,System-2_7,0,0,8,8,1,8,6,0,8,6,4,3,4,8,6,4,6,6,4,8,5,3,7,3,6,3,2,0
28,System-2_8,7,2,1,6,9,5,7,2,6,8,6,8,9,8,1,0,2,2,6,2,4,5,2,7,7,5,9,0
29,System-2_9,7,7,1,6,4,7,1,0,4,2,4,5,7,4,7,6,9,3,1,9,3,4,4,1,5,2,3,0
30,System-3_0,7,1,7,1,5,6,3,9,4,8,6,0,5,0,0,6,1,5,7,4,8,1,5,0,3,4,1,0
31,System-3_1,1,7,5,0,4,5,4,0,2,5,4,7,2,8,9,4,0,2,8,9,1,3,6,3,2,1,1,0
32,System-3_2,6,5,9,6,1,2,1,9,3,7,5,3,5,2,1,1,4,3,7,3,9,2,0,4,4,8,4,0
33,System-3_3,1,2,5,3,8,2,6,5,6,8,8,1,6,1,1,0,7,4,0,1,7,9,6,7,0,8,9,0
34,System-3_4,2,4,0,9,1,7,4,2,8,5,7,0,9,7,4,6,6,7,9,5,5,7,1,2,2,5,7,0
35,System-3_5,8,6,5,2,7,1,8,4,9,2,2,6,9,9,3,4,5,1,0,6,0,6,0,5,3,3,0,0
36,System-3_6,7,3,4,1,9,5,7,3,4,1,5,5,2,8,6,7,8,2,1,1,6,5,8,3,8,8,1,0
37,System-3_7,3,6,4,1,8,6,7,6,4,2,8,1,1,3,9,2,6,8,9,9,4,9,6,8,1,2,9,0
38,System-3_8,4,4,0,9,5,3,3,2,1,8,3,9,6,7,9,3,6,3,2,8,4,1,2,0,2,2,3,0
39,System-3_9,8,2,8,4,4,1,5,9,5,5,4,3,0,8,3,8,8,0,9,3,6,2,8,4,0,0,5,0
40,System-4_0,7,9,7,9,4,9,7,7,1,6,3,8,8,9,4,8,9,8,7,2,8,5,8,4,7,4,2,0
41,System-4_1,1,3,1,8,2,6,2,1,7,2,8,9,8,6,5,7,9,3,9,9,7,3,2,5,1,1,7,0
42,System-4_2,2,0,7,5,9,0,6,4,9,4,5,7,6,0,1,6,1,5,9,9,7,8,6,7,5,0,0,0
43,System-4_3,4,0,1,4,6,1,5,6,9,3,0,7,1,6,1,7,6,4,4,0,8,0,6,8,9,0,0,0
44,System-4_4,4,7,8,1,0,5,9,8,2,2,9,7,6,4,2,6,9,7,8,1,4,2,5,2,2,9,7,0
45,System-4_5,1,6,4,6,8,4,8,3,8,5,0,5,7,9,3,3,2,5,0,5,6,5,0,2,5,0,1,0
46,System-4_6,4,5,1,5,8,6,6,4,4,5,0,8,8,3,8,9,5,8,2,8,0,5,0,5,6,3,6,0
47,System-4_7,8,3,3,1,8,8,6,8,5,0,7,2,0,5,2,2,5,2,7,1,1,0,9,8,4,7,4,0
48,System-4_8,4,8,7,0,1,3,0,4,9,7,5,0,3,9,3,9,7,1,2,0,3,3,0,0,6,5,2,0
49,System-4_9,1,0,7,5,3,0,7,4,4,3,1,4,3,1,5,2,1,7,7,0,0,1,1,6,7,5,6,0
50,System-5_0,6,6,6,5,8,0,6,0,1,2,7,2,2,0,7,2,0,7,1,6,3,1,2,4,0,4,4,0
51,System-5_1,7,8,1,5,9,6,7,5,5,1,0,0,7,9,2,4,9,1,1,4,0,6,0,8,2,5,3,0
52,System-5_2,0,3,9,7,4,8,7,7,7,3,2,4,0,2,5,1,9,3,5,4,7,5,9,4,9,1,8,0
53,System-5_3,0,9,2,8,8,9,1,0,4,2,9,6,6,2,5,2,7,6,3,4,1,6,0,0,6,3,2,0
54,System-5_4,4,6,1,1,9,3,0,5,5,9,0,5,3,7,9,2,0,1,5,9,5,9,2,5,9,0,8,0
55,System-5_5,2,1,4,1,7,9,2,5,0,6,0,8,0,0,9,0,9,6,7,1,6,1,4,0,6,8,9,0
56,System-5_6,3,3,6,6,4,1,1,8,3,8,2,1,4,4,6,8,7,4,2,5,1,5,1,8,4,9,0,0
57,System-5_7,4,7,0,2,5,4,5,3,0,9,3,9,5,0,9,6,2,1,2,6,5,8,9,0,2,0,6,0
58,System-5_8,0,3,4,5,7,9,7,8,4,5,4,0,0,5,4,6,7,9,9,8,0,2,7,0,2,3,9,0
59,System-5_9,2,0,8,3,2,1,0,9,0,2,6,1,5,5,5,0,1,3,9,7,2,0,0,3,7,2,0,0
60,System-6_0,3,3,6,4,2,9,7,8,0,6,2,1,3,4,7,7,8,3,9,1,3,3,6,5,3,8,9,0
61,System-6_1,9,5,9,2,1,0,6,8,7,4,9,7,0,1,8,0,4,5,3,1,6,1,9,9,0,2,0,0
62,System-6_2,0,6,8,2,6,0,6,7,2,5,7,7,3,4,6,1,3,6,5,2,0,1,4,1,8,8,1,0
63,System-6_3,3,7,9,1,9,5,8,5,5,8,3,2,7,6,6,0,0,3,8,9,1,6,3,9,5,9,0,0
64,System-6_4,7,3,1,3,6,4,4,8,8,0,3,1,9,6,6,7,8,5,4,7,3,1,2,1,2,8,2,0
65,System-6_5,2,9,3,0,4,0,5,1,1,6,4,9,9,6,0,9,8,6,7,7,3,0,6,8,2,6,1,0
66,System-6_6,2,7,1,8,5,7,7,0,3,8,3,7,6,0,3,4,5,2,0,0,0,0,5,3,6,5,7,0
67,System-6_7,5,9,7,2,5,9,9,1,3,9,2,7,0,1,4,1,6,0,5,1,9,0,4,7,9,5,6,0
68,System-6_8,9,0,2,0,8,9,8,3,2,5,0,1,9,2,5,5,4,4,7,2,7,4,0,4,3,2,3,0
69,System-6_9,9,3,2,8,9,5,8,1,7,4,9,6,2,8,2,6,5,5,9,0,0,3,5,3,4,4,3,0
70,System-7_0,0,6,7,3,9,0,2,8,3,6,9,7,0,1,8,6,5,7,6,6,7,1,1,8,1,8,6,0
71,System-7_1,7,1,4,1,6,4,8,8,3,4,5,7,9,5,0,0,6,3,3,6,9,4,3,3,5,8,2,0
72,System-7_2,8,0,0,8,6,0,8,3,9,9,0,4,7,7,1,3,8,6,8,0,0,3,3,1,0,1,9,0
73,System-7_3,1,3,7,1,0,9,1,7,2,0,7,9,4,8,3,5,1,4,0,6,9,9,5,6,3,0,9,0
74,System-7_4,2,4,8,0,6,7,1,0,3,3,2,3,1,7,3,7,6,3,2,7,5,1,7,6,8,5,5,0
75,System-7_5,3,3,0,5,2,6,4,4,2,0,1,9,2,3,3,1,2,0,9,0,1,0,5,5,8,4,2,0
76,System-7_6,8,0,8,5,3,0,7,9,9,2,5,2,5,7,1,2,1,4,9,0,7,6,4,8,8,5,5,0
77,System-7_7,8,7,5,5,5,3,5,4,8,1,1,4,5,9,9,9,4,6,2,2,1,7,9,8,8,7,5,0
78,System-7_8,7,2,2,7,3,5,5,2,7,0,4,0,8,8,5,2,7,7,4,0,5,2,9,5,4,2,6,0
79,System-7_9,7,3,8,0,3,6,4,3,0,7,8,7,9,5,6,8,2,7,0,4,7,5,9,5,6,3,5,0
80,System-8_0,1,7,3,5,2,7,2,0,2,0,5,4,0,6,2,9,4,2,0,2,7,9,0,0,3,0,7,0
81,System-8_1,0,2,1,9,1,6,4,6,3,0,7,2,0,3,0,5,7,4,5,8,3,1,0,2,0,4,1,0
82,System-8_2,3,8,0,6,0,4,8,4,0,7,2,8,5,2,8,7,2,6,0,9,4,3,4,8,6,2,7,0
83,System-8_3,6,5,4,7,5,0,7,4,4,8,3,7,3,0,9,7,2,5,1,7,6,2,6,0,6,8,8,0
84,System-8_4,0,0,9,6,8,5,8,6,6,3,4,6,4,9,3,3,1,1,2,0,4,4,3,6,5,8,6,0
85,System-8_5,9,6,7,5,5,3,0,6,8,3,0,2,5,2,1,9,1,2,8,7,7,5,6,2,9,3,8,0
86,System-8_6,2,9,1,7,9,9,7,6,6,1,2,1,1,0,8,3,7,4,4,6,4,4,4,8,0,8,0,0
87,System-8_7,6,9,2,2,1,7,6,6,5,9,6,4,6,2,6,8,3,6,7,5,4,3,4,6,1,8,2,0
88,System-8_8,7,2,1,6,1,2,0,7,4,1,1,4,2,2,0,8,1,1,0,3,8,0,7,5,5,7,8,0
89,System-8_9,3,9,5,5,6,1,5,1,9,3,6,4,3,0,4,4,2,8,7,5,2,7,7,3,6,9,8,0
90,System-9_0,5,1,0,7,6,9,6,8,5,8,9,1,6,0,1,0,5,4,9,0,5,7,5,3,4,8,3,0
91,System-9_1,6,6,7,3,1,8,6,8,2,1,6,0,8,7,2,0,5,1,0,5,2,3,7,8,6,4,5,0
92,System-9_2,5,9,2,0,2,6,2,3,6,3,8,3,5,1,5,2,0,1,4,5,6,8,8,4,0,1,5,0
93,System-9_3,1,7,9,6,1,9,8,2,9,9,9,3,4,2,8,9,8,5,1,4,3,6,8,9,8,6,4,0
94,System-9_4,7,6,9,1,9,2,2,7,4,9,6,2,3,6,0,4,5,8,0,6,4,9,2,2,9,1,6,0
95,System-9_5,1,8,0,8,4,5,8,5,9,6,9,4,9,6,5,1,5,0,6,5,8,5,3,1,8,7,4,0
96,System-9_6,7,5,0,3,2,8,6,0,2,0,9,2,2,3,9,2,4,5,3,3,8,9,0,5,5,7,8,0
97,System-9_7,0,5,0,9,3,5,6,0,0,4,8,0,7,0,8,2,7,2,8,0,8,4,5,0,0,8,0,0
98,System-9_8,5,1,1,4,9,5,7,8,1,7,5,2,4,5,4,6,7,0,6,0,1,9,1,3,2,2,3,0
99,System-9_9,0,7,0,1,6,2,1,4,3,6,1,8,5,8,5,6,9,9,9,8,9,8,1,7,1,8,6,0
100,System-10_0,12,19,15,10,11,12,10,11,11,11,19,10,16,18,19,10,10,12,17,15,12,11,17,13,12,19,13,0
101,System-10_1,14,12,13,10,17,18,18,16,12,11,12,14,18,10,18,19,12,10,19,19,12,11,13,18,12,19,19,0
102,System-10_2,16,19,10,15,14,17,17,14,10,15,16,17,13,13,19,17,15,10,16,16,15,12,14,11,16,11,10,0
103,System-10_3,14,11,18,16,13,18,16,10,12,13,19,14,10,19,16,16,12,12,16,14,12,16,14,12,14,12,17,0
104,System-10_4,19,13,13,17,11,18,14,12,18,15,19,11,14,16,13,19,18,11,13,17,19,17,14,14,12,17,16,0
105,System-10_5,16,15,17,15,14,10,19,13,16,19,14,10,18,17,14,11,19,14,10,10,18,14,15,13,18,12,10,0
106,System-10_6,17,11,16,15,10,16,18,13,17,17,13,17,10,14,16,10,14,18,16,16,17,18,12,17,19,16,14,0
107,System-10_7,15,16,17,16,15,11,13,10,14,18,10,13,16,14,19,12,11,11,18,18,19,15,15,10,19,17,14,0
108,System-10_8,10,18,15,13,12,15,11,17,16,11,10,12,17,11,17,12,13,13,14,16,11,13,16,11,19,13,18,0
109,System-10_9,16,19,14,16,11,15,15,19,13,12,14,15,19,12,13,12,15,19,12,14,13,14,12,16,18,10,16,0
110,System-11_0,14,13,19,11,17,16,12,18,15,11,13,13,10,12,12,19,19,16,12,13,16,10,18,18,17,13,14,0
111,System-11_1,17,14,15,14,17,11,13,16,16,17,15,17,18,17,17,18,11,12,11,10,16,16,11,11,10,18,12,0
112,System-11_2,17,11,14,10,11,13,17,10,16,12,19,10,15,10,16,18,13,15,18,18,19,16,18,11,14,18,16,0
113,System-11_3,11,14,10,15,19,15,13,11,18,19,12,10,15,18,17,16,16,13,11,18,17,13,15,16,12,12,18,0
114,System-11_4,11,13,18,17,17,19,16,17,18,12,14,14,16,19,11,19,13,18,19,18,19,13,17,15,16,19,15,0
115,System-11_5,10,13,18,12,11,11,18,10,18,17,13,16,18,17,19,14,18,11,16,19,18,11,13,17,16,11,17,0
116,System-11_6,14,18,17,13,11,10,18,17,17,19,12,17,17,16,10,16,16,12,12,12,19,15,13,13,11,11,15,0
117,System-11_7,19,18,15,15,14,11,15,18,12,15,16,10,19,11,15,17,13,11,16,19,19,12,13,19,15,14,13,0
118,System-11_8,12,16,11,10,18,10,18,15,13,17,19,16,13,18,18,19,17,10,16,10,16,14,19,19,16,15,11,0
119,System-11_9,10,12,12,13,17,14,18,19,11,10,18,18,10,19,14,14,17,15,13,10,11,17,13,12,12,10,12,0
120,System-12_0,14,19,12,17,16,15,11,15,10,14,12,17,14,14,18,10,14,15,11,19,12,17,11,10,18,13,11,0
121,System-12_1,14,18,13,11,10,17,11,19,10,10,11,11,19,16,12,11,11,10,15,13,15,19,12,15,18,13,14,0
122,System-12_2,13,14,16,11,13,16,10,11,17,10,14,13,16,11,17,16,10,14,14,11,14,10,15,11,14,15,18,0
123,System-12_3,15,12,17,13,15,17,15,16,19,19,11,19,18,11,16,18,15,13,15,17,12,16,18,19,11,18,11,0
124,System-12_4,11,13,11,15,16,10,10,11,19,11,17,11,18,13,17,12,18,19,14,19,12,16,12,11,12,15,19,0
125,System-12_5,19,14,17,13,17,13,19,19,18,14,15,12,18,11,17,16,14,15,12,10,17,15,18,19,18,14,15,0
126,System-12_6,10,16,10,12,13,18,16,13,15,17,12,11,13,10,16,16,18,18,11,12,18,17,11,15,15,11,12,0
127,System-12_7,15,19,17,16,11,16,16,14,11,18,14,18,17,11,17,14,15,16,13,17,10,11,13,18,10,11,12,0
128,System-12_8,13,10,19,18,17,16,16,15,12,19,13,10,18,13,11,17,12,11,14,15,10,14,10,19,16,11,13,0
129,System-12_9,18,11,14,10,13,11,19,12,11,12,18,13,14,14,14,18,12,14,14,17,11,14,19,16,18,16,13,0
130,System-13_0,19,17,19,18,14,18,14,11,10,18,13,12,10,18,19,18,19,17,12,19,19,14,16,12,14,19,19,0
131,System-13_1,15,17,16,12,16,18,13,17,11,10,12,16,11,19,11,10,18,13,19,15,17,10,18,15,19,10,11,0
132,System-13_2,10,16,12,16,16,16,19,16,11,18,15,16,18,12,13,18,10,11,17,17,13,19,17,13,19,10,11,0
133,System-13_3,11,10,16,11,16,13,15,12,12,11,18,12,10,17,19,11,10,19,16,15,11,13,16,12,15,10,14,0
134,System-13_4,10,12,12,12,13,11,13,14,13,14,11,10,14,11,18,17,14,13,18,15,17,13,16,15,13,12,16,0
135,System-13_5,18,15,10,17,12,10,11,19,18,12,16,13,10,18,17,18,19,11,13,16,11,19,12,16,13,17,19,0
136,System-13_6,11,18,11,10,15,16,18,14,12,17,16,10,13,13,15,16,10,13,15,17,12,18,10,19,17,18,18,0
137,System-13_7,15,19,12,14,19,17,18,12,10,17,12,19,16,14,17,13,19,10,13,19,18,17,10,17,11,12,19,0
138,System-13_8,18,15,13,14,19,13,13,19,13,19,17,10,15,16,19,11,10,13,11,14,17,15,16,14,17,16,12,0
139,System-13_9,18,12,19,12,14,11,11,14,13,12,12,11,19,13,13,10,14,12,11,19,18,13,12,13,13,13,16,0
140,System-14_0,15,15,14,10,13,14,13,17,10,13,14,11,19,15,12,11,12,14,16,14,19,17,11,11,12,14,14,0
141,System-14_1,17,17,15,17,13,17,14,12,17,14,15,14,19,15,19,16,17,18,13,10,14,11,17,11,12,14,12,0
142,System-14_2,14,18,13,11,13,13,13,15,13,17,14,16,16,13,17,12,11,11,16,18,18,10,11,19,14,17,17,0
143,System-14_3,12,10,11,15,10,16,19,10,15,15,19,14,19,10,19,18,10,14,17,14,14,17,14,11,13,16,13,0
144,System-14_4,19,17,19,15,12,18,15,11,13,17,11,12,11,16,11,14,16,19,10,19,18,18,15,10,17,17,14,0
145,System-14_5,15,18,12,11,15,10,12,16,17,12,18,14,14,13,11,19,11,16,18,16,16,10,18,16,12,12,19,0
146,System-14_6,16,10,17,19,16,12,16,19,17,15,15,11,13,18,17,17,15,16,18,16,14,18,10,11,17,19,10,0
147,System-14_7,16,10,10,10,19,17,14,19,12,11,12,19,18,14,14,13,15,12,14,19,10,17,10,13,19,12,11,0
148,System-14_8,11,18,11,17,17,15,10,15,13,12,16,12,14,15,12,17,19,10,13,16,13,12,10,14,18,18,11,0
149,System-14_9,17,10,10,14,13,17,18,14,15,11,16,13,12,10,18,19,15,15,15,13,12,12,19,11,14,15,10,0
150,System-15_0,13,11,18,10,17,14,12,12,19,14,11,11,15,11,18,15,14,10,19,10,19,17,19,10,12,18,13,0
151,System-15_1,10,16,13,11,14,13,10,14,19,10,13,19,11,16,13,14,15,13,11,19,12,14,18,15,10,15,13,0
152,System-15_2,15,19,15,17,12,19,14,18,12,14,10,11,14,12,14,15,19,12,10,18,10,12,18,18,11,18,16,0
153,System-15_3,12,19,11,10,19,16,13,11,13,19,17,19,19,11,14,19,10,18,19,14,10,18,18,15,11,11,15,0
154,System-15_4,11,12,13,14,15,17,18,17,16,15,18,19,16,11,14,12,18,15,11,19,10,11,10,13,12,15,19,0
155,System-15_5,10,12,10,19,15,17,19,15,13,16,15,15,14,11,13,12,17,13,11,11,17,17,16,13,13,12,12,0
156,System-15_6,13,12,16,12,12,12,11,19,18,11,11,13,18,13,18,12,14,19,17,15,14,19,10,19,11,14,11,0
157,System-15_7,19,11,16,19,18,12,11,10,17,17,16,10,18,16,15,16,10,10,19,12,13,12,17,18,18,18,14,0
158,System-15_8,13,17,13,16,14,11,10,17,14,10,15,11,11,18,16,17,16,13,16,12,12,18,16,13,10,16,17,0
159,System-15_9,13,16,13,15,18,15,16,19,18,10,13,12,13,17,17,14,19,10,16,16,19,10,10,17,12,19,14,0
160,System-16_0,16,16,19,16,14,18,14,10,16,15,12,13,17,18,13,11,16,19,11,16,18,15,12,13,11,14,14,0
161,System-16_1,13,16,19,17,17,11,16,15,16,16,16,10,11,16,13,18,11,15,15,10,19,11,12,17,12,17,15,0
162,System-16_2,12,12,17,16,19,16,14,13,11,19,10,19,13,14,17,14,16,15,15,10,10,16,17,18,16,11,14,0
163,System-16_3,14,13,14,11,18,13,11,14,18,12,16,17,18,14,13,17,13,12,17,17,13,13,13,11,10,15,17,0
164,System-16_4,15,19,10,12,16,18,10,12,18,10,13,10,10,19,18,16,10,18,16,14,18,10,13,17,19,13,10,0
165,System-16_5,19,13,14,18,17,15,18,15,10,10,17,12,17,17,17,13,15,13,17,13,19,15,19,11,18,12,19,0
166,System-16_6,13,16,16,13,17,16,12,12,19,15,11,16,16,10,18,15,12,14,15,14,18,18,14,16,11,12,14,0
167,System-16_7,10,10,17,18,19,12,11,10,18,13,18,13,11,19,12,13,16,13,16,16,19,11,14,16,10,13,15,0
168,System-16_8,16,14,18,17,12,10,15,18,17,18,16,12,12,16,15,17,18,15,18,19,14,13,15,13,15,10,19,0
169,System-16_9,11,14,11,19,14,13,14,18,14,12,19,13,16,12,16,17,10,18,19,11,14,18,17,12,15,12,11,0
170,System-17_0,14,10,15,12,16,11,10,11,12,13,11,17,18,12,16,12,11,18,11,15,11,17,19,13,14,15,19,0
171,System-17_1,16,18,17,10,19,19,18,19,16,11,14,10,18,15,17,11,12,10,12,14,10,19,12,10,18,19,11,0
172,System-17_2,17,19,14,17,18,19,12,16,17,17,14,18,19,17,19,14,15,18,18,11,19,14,15,13,13,15,12,0
173,System-17_3,11,11,18,13,10,11,18,17,19,17,13,14,14,14,11,13,15,19,19,12,13,16,10,10,14,10,10,0
174,System-17_4,17,15,12,11,13,11,12,16,15,15,13,13,16,16,10,12,11,19,11,16,15,17,19,15,16,17,13,0
175,System-17_5,11,17,15,19,19,18,19,17,11,18,13,16,12,15,18,11,17,19,15,18,16,10,13,10,13,19,19,0
176,System-17_6,19,11,14,12,10,17,13,14,15,15,11,13,15,13,10,19,17,19,14,12,19,18,15,14,10,15,15,0
177,System-17_7,12,19,15,15,19,11,18,15,15,11,18,15,10,12,18,17,13,18,18,11,18,10,19,19,12,15,17,0
178,System-17_8,13,19,17,17,18,13,14,13,12,10,13,11,11,18,12,15,16,18,14,16,11,10,12,17,18,11,18,0
179,System-17_9,10,10,14,16,19,11,17,16,17,18,15,16,19,14,12,11,16,14,18,17,10,19,11,13,11,18,16,0
180,System-18_0,12,19,13,10,13,19,19,17,18,13,15,14,15,19,14,19,10,10,19,15,14,10,19,16,16,14,14,0
181,System-18_1,19,16,17,16,19,10,10,12,19,11,14,14,15,14,15,15,15,13,14,14,12,16,16,12,11,10,17,0
182,System-18_2,13,16,13,16,10,15,13,10,11,14,19,11,11,19,12,12,13,19,10,11,16,16,13,17,18,19,17,0
183,System-18_3,10,10,16,16,19,17,11,14,17,18,15,11,14,16,18,13,19,14,11,11,16,12,16,15,17,11,16,0
184,System-18_4,10,14,17,13,17,11,13,11,19,16,11,13,19,12,13,12,15,19,15,14,12,12,12,17,14,13,11,0
185,System-18_5,12,19,10,18,13,12,13,16,16,10,15,18,10,18,11,18,12,14,11,13,10,12,13,18,11,17,12,0
186,System-18_6,15,11,13,18,15,13,12,17,16,17,18,16,19,14,11,15,15,10,13,19,13,19,13,18,19,11,16,0
187,System-18_7,15,14,11,17,16,10,11,13,18,15,11,11,12,16,10,16,10,15,10,16,16,11,16,14,18,19,18,0
188,System-18_8,15,14,11,17,11,10,14,19,10,12,11,19,18,11,12,19,15,18,17,11,19,12,11,15,13,13,17,0
189,System-18_9,11,10,19,16,10,18,15,17,11,13,12,18,18,15,14,12,10,16,19,16,14,10,10,16,15,13,16,0
190,System-19_0,11,14,18,18,10,18,12,19,18,12,10,19,13,17,15,10,11,15,19,16,17,11,19,12,12,18,11,0
191,System-19_1,11,16,18,10,19,14,17,17,18,17,12,18,10,16,17,16,14,14,18,11,14,16,17,16,11,12,17,0
192,System-19_2,15,18,11,17,10,18,10,16,14,18,19,15,19,17,17,17,10,13,12,16,13,10,16,15,11,12,17,0
193,System-19_3,12,10,13,18,15,18,11,12,12,13,17,10,18,16,10,14,18,13,12,16,17,13,15,12,16,11,16,0
194,System-19_4,17,17,10,11,10,19,16,12,13,10,19,13,14,18,19,14,11,15,16,10,19,10,10,18,17,11,10,0
195,System-19_5,11,19,16,14,19,13,11,18,18,12,11,14,14,16,16,15,19,11,19,18,12,12,11,18,13,13,14,0
196,System-19_6,18,15,14,16,19,15,10,10,18,15,19,17,11,13,19,13,13,19,18,19,10,14,19,16,14,15,11,0
197,System-19_7,18,11,11,18,10,12,15,13,14,19,10,14,10,16,19,11,15,15,13,13,19,14,13,16,19,14,18,0
198,System-19_8,16,10,19,11,13,15,13,12,12,14,19,13,18,10,18,17,10,10,13,10,10,15,14,11,14,11,18,0
199,System-19_9,13,14,15,11,10,15,14,18,13,12,17,16,10,14,14,16,12,11,18,17,11,17,16,10,13,12,18,0
200,System-20_0,24,24,20,25,25,22,23,22,28,20,21,25,29,28,29,21,28,26,23,21,22,22,29,20,25,21,28,0
201,System-20_1,26,21,22,25,23,27,24,27,22,25,28,28,26,25,22,22,28,22,24,25,29,21,23,27,29,20,22,0
202,System-20_2,28,24,25,21,23,22,27,22,27,26,20,28,22,21,28,21,29,28,27,26,23,23,20,24,23,20,27,0
203,System-20_3,26,27,22,26,22,29,26,21,27,21,24,21,21,28,27,21,29,25,28,26,20,20,23,23,24,22,27,0
204,System-20_4,28,29,25,20,27,24,22,20,20,24,23,26,21,28,24,24,29,26,25,29,22,24,24,26,26,27,26,0
205,System-20_5,24,26,21,25,25,23,29,21,26,25,23,23,25,21,23,20,28,26,27,25,25,21,22,25,22,28,20,0
206,System-20_6,21,22,25,25,25,23,22,25,21,28,26,21,26,26,26,26,28,21,27,23,20,27,25,25,26,29,23,0
207,System-20_7,27,29,21,29,20,28,21,23,22,21,28,20,20,27,25,24,25,21,21,21,27,28,21,27,25,22,26,0
208,System-20_8,24,20,20,21,26,24,26,25,23,28,27,21,26,20,24,27,25,29,27,27,25,28,20,28,28,24,25,0
209,System-20_9,20,23,21,20,26,27,29,24,20,20,27,24,29,22,20,23,27,28,22,20,24,27,29,27,23,27,23,0
210,System-21_0,24,22,26,22,22,24,28,25,25,28,28,29,23,29,20,20,21,29,25,20,23,26,28,23,22,21,22,0
211,System-21_1,20,21,24,29,21,26,24,26,20,22,23,23,29,23,22,28,29,23,20,24,22,27,27,22,29,25,27,0
212,System-21_2,22,24,20,20,29,24,24,27,29,22,23,28,24,25,29,26,29,21,28,25,28,20,25,29,23,29,21,0
213,System-21_3,20,22,22,25,29,21,20,20,27,22,25,27,25,22,25,21,21,26,27,29,21,25,21,27,23,20,20,0
214,System-21_4,22,21,28,27,23,28,21,25,24,22,22,22,27,26,25,22,29,20,21,28,27,26,28,26,20,21,20,0
215,System-21_5,20,20,20,23,21,20,22,26,27,23,20,29,24,25,20,21,29,29,20,26,22,23,25,21,23,23,26,0
216,System-21_6,23,23,28,25,27,26,20,22,27,23,27,28,23,25,28,20,27,20,27,22,23,25,22,28,23,28,23,0
217,System-21_7,23,24,29,21,28,27,29,28,21,29,26,29,25,29,29,20,27,22,22,20,23,28,26,22,23,27,21,0
218,System-21_8,27,29,20,25,25,29,27,20,23,21,25,20,27,25,22,28,24,21,25,29,22,22,27,26,26,25,26,0
219,System-21_9,29,25,25,29,25,22,26,25,29,29,28,21,24,22,27,22,24,23,23,29,21,24,23,23,26,23,29,0
220,System-22_0,28,29,28,27,22,23,25,29,25,27,23,28,26,26,29,29,22,26,29,23,25,24,22,24,21,21,24,0
221,System-22_1,29,28,22,29,21,29,20,23,25,22,23,20,21,28,21,27,29,28,26,23,29,27,22,22,22,24,20,0
222,System-22_2,23,21,23,29,21,28,20,22,20,28,24,20,21,24,26,24,24,22,20,23,20,22,26,20,24,21,24,0
223,System-22_3,26,25,27,25,29,26,23,29,27,28,25,29,27,29,22,25,26,29,23,25,24,21,28,27,28,29,20,0
224,System-22_4,20,25,29,24,26,22,28,23,28,25,21,20,20,21,21,20,23,23,21,26,20,24,26,21,28,27,27,0
225,System-22_5,25,26,25,26,20,25,25,24,23,26,27,24,28,27,21,28,23,26,28,28,25,25,29,29,27,23,23,0
226,System-22_6,25,26,23,29,24,24,26,27,29,24,29,20,20,23,21,22,26,29,26,26,26,22,20,25,24,20,26,0
227,System-22_7,27,23,26,21,25,25,26,26,27,27,24,25,25,20,29,28,26,28,21,26,25,26,29,28,29,24,22,0
228,System-22_8,21,20,27,27,27,25,25,28,22,22,20,27,27,26,24,20,20,25,27,21,20,22,29,26,20,20,22,0
229,System-22_9,27,28,26,23,28,20,26,27,28,25,25,25,23,26,20,25,29,26,26,26,29,25,28,27,20,29,20,0
230,System-23_0,29,27,23,29,26,28,27,20,23,27,20,25,26,25,25,25,24,27,26,20,25,26,24,23,29,24,25,0
231,System-23_1,22,26,25,24,23,26,29,26,22,29,29,29,20,29,25,28,28,27,22,29,22,28,25,28,23,26,20,0
232,System-23_2,23,29,28,26,22,24,25,20,28,27,27,20,25,28,23,25,22,21,23,26,20,25,24,26,26,25,29,0
233,System-23_3,21,21,29,27,27,20,21,22,22,20,27,28,27,21,28,21,23,23,27,29,29,26,23,26,22,21,24,0
234,System-23_4,26,20,29,29,24,25,23,24,21,26,21,22,23,28,20,28,26,20,29,25,25,24,27,23,21,20,27,0
235,System-23_5,28,29,23,26,26,26,29,25,24,23,20,29,26,29,22,21,26,25,27,23,22,21,22,22,20,20,25,0
236,System-23_6,29,25,29,22,20,29,29,22,22,29,23,21,25,22,29,26,22,28,20,23,28,29,29,24,23,24,24,0
237,System-23_7,24,26,24,24,23,29,25,22,27,27,25,22,25,24,20,22,20,20,22,21,27,20,28,29,21,29,28,0
238,System-23_8,23,23,22,27,29,29,28,26,25,22,29,28,29,28,26,22,24,27,22,28,28,22,21,29,27,25,25,0
239,System-23_9,29,24,24,28,20,23,26,28,23,24,28,21,23,25,22,22,26,28,21,29,25,23,29,27,23,20,26,0
240,System-24_0,21,29,29,27,28,26,20,20,21,27,23,29,27,29,28,21,27,20,27,29,21,29,24,23,29,22,24,0
241,System-24_1,22,26,20,23,27,29,21,26,28,25,23,21,29,28,29,23,24,29,26,20,28,29,22,27,26,21,20,0
242,System-24_2,25,25,20,25,29,20,29,29,21,20,29,26,20,28,27,20,27,28,23,26,27,24,29,26,27,23,24,0
243,System-24_3,20,20,24,26,21,29,22,26,27,29,21,25,27,23,27,27,20,27,27,29,25,28,22,24,26,29,27,0
244,System-24_4,24,26,22,23,27,21,26,28,20,27,27,29,26,25,29,20,27,26,28,22,26,21,22,26,21,21,29,0
245,System-24_5,24,25,28,24,22,25,23,29,21,23,23,20,22,26,27,29,24,22,26,27,23,25,27,28,29,20,23,0
246,System-24_6,29,25,29,22,22,28,28,20,24,21,20,22,20,26,26,25,21,25,29,24,23,24,21,27,26,28,26,0
247,System-24_7,26,22,27,27,24,26,26,26,20,29,24,25,25,22,29,24,29,23,22,29,25,21,22,25,24,26,26,0
248,System-24_8,20,24,24,23,23,23,22,24,29,25,20,27,20,20,20,23,22,22,21,22,24,27,26,26,26,20,29,0
249,System-24_9,25,20,26,24,24,21,22,21,29,25,23,25,24,22,23,22,20,29,28,24,26,28,22,29,29,29,29,0
250,System-25_0,29,26,22,24,24,25,24,21,20,26,28,28,27,25,22,24,27,26,23,27,20,27,22,26,20,26,21,0
251,System-25_1,29,23,24,21,28,21,26,26,20,29,20,21,29,23,27,22,22,23,20,23,26,21,27,28,20,20,20,0
252,System-25_2,20,22,20,25,20,29,24,25,21,24,21,25,26,27,21,22,26,27,23,29,24,21,20,21,25,25,20,0
253,System-25_3,22,27,26,25,23,23,27,26,22,20,29,20,22,28,24,28,22,22,27,24,26,24,24,28,21,21,24,0
254,System-25_4,29,23,27,28,21,21,25,26,27,28,22,22,21,27,20,20,28,29,23,21,21,22,24,28,23,24,21,0
255,System-25_5,25,28,21,21,21,22,21,23,20,29,24,27,21,24,26,25,27,22,29,27,21,22,28,25,21,29,27,0
256,System-25_6,27,27,20,27,23,20,21,23,23,25,29,20,22,29,28,23,21,25,27,26,22,26,22,25,26,29,24,0
257,System-25_7,20,24,28,25,21,20,23,27,27,28,29,21,27,28,24,23,28,22,27,27,20,27,23,22,20,21,29,0
258,System-25_8,24,25,22,26,28,24,20,26,25,28,22,24,20,22,23,22,25,28,29,22,21,23,29,25,29,29,25,0
259,System-25_9,27,21,29,23,21,24,22,20,20,25,21,29,22,26,21,28,29,23,26,24,23,27,24,24,23,25,20,0
260,System-26_0,26,24,26,21,24,23,25,23,25,26,27,20,23,28,21,27,25,21,23,24,26,22,23,21,22,23,22,0
261,System-26_1,20,24,24,22,25,27,29,26,26,21,28,24,21,24,26,22,27,27,27,29,23,20,20,25,28,26,28,0
262,System-26_2,23,28,24,20,21,25,20,20,24,23,21,20,24,21,22,26,20,24,26,26,21,29,24,27,29,29,29,0
263,System-26_3,20,21,20,23,27,23,29,22,22,29,26,22,29,22,24,20,29,25,28,27,25,24,26,27,20,20,20,0
264,System-26_4,29,29,28,23,28,21,21,22,22,20,24,26,23,28,26,27,25,24,22,23,23,25,28,25,29,26,28,0
265,System-26_5,29,25,20,26,27,28,21,20,21,21,23,25,24,23,23,20,25,26,26,29,21,23,27,28,27,29,24,0
266,System-26_6,24,26,24,28,21,25,22,28,24,21,27,20,28,28,23,24,23,29,23,22,29,26,27,24,27,29,20,0
267,System-26_7,27,29,20,23,24,28,24,23,21,20,20,26,25,29,27,27,25,28,20,27,24,22,23,22,28,25,20,0
268,System-26_8,29,27,22,27,27,22,29,27,21,22,27,28,25,24,20,26,29,20,27,21,26,23,21,28,20,24,29,0
269,System-26_9,26,20,28,27,29,22,20,20,27,23,23,28,29,21,23,28,26,27,26,24,29,21,24,27,22,24,21,0
270,System-27_0,28,23,21,23,24,23,21,26,28,22,28,25,25,29,28,26,20,28,20,26,29,28,26,26,23,23,23,0
271,System-27_1,29,24,27,27,27,29,27,23,28,24,22,22,24,22,25,27,22,26,23,24,23,20,21,26,29,20,27,0
272,System-27_2,28,29,22,22,26,28,20,20,21,29,23,22,28,22,27,29,20,21,28,23,28,26,20,28,28,29,28,0
273,System-27_3,26,29,26,27,28,20,21,29,26,29,29,20,25,24,27,23,27,20,22,23,20,23,22,21,22,24,23,0
274,System-27_4,27,26,23,20,20,23,26,27,26,29,23,26,25,23,29,29,21,23,20,28,22,28,25,21,27,27,28,0
275,System-27_5,21,23,28,20,27,22,27,26,28,28,29,20,25,20,20,28,25,26,24,29,22,23,24,27,26,22,23,0
276,System-27_6,24,28,22,23,20,21,22,26,20,26,28,25,20,28,27,24,25,24,22,20,20,24,25,23,28,26,22,0
277,System-27_7,27,26,24,20,22,22,22,20,28,24,23,22,20,27,21,20,24,20,28,26,26,20,29,24,21,22,28,0
278,System-27_8,28,28,24,27,28,29,28,20,22,27,28,24,26,22,25,26,25,23,29,28,29,20,27,29,29,26,29,0
279,System-27_9,20,22,24,26,26,22,24,29,26,25,24,23,23,28,22,27,25,29,26,26,26,23,25,23,20,25,29,0
280,System-28_0,24,28,21,23,28,28,25,27,25,23,25,20,29,27,21,29,27,28,22,29,21,27,24,22,21,25,24,0
281,System-28_1,23,29,29,20,27,22,21,26,29,27,23,22,29,23,27,26,23,28,24,26,22,25,20,25,21,23,24,0
282,System-28_2,29,23,26,22,29,21,20,27,23,22,28,21,22,23,27,23,20,20,24,24,21,20,26,23,24,28,25,0
283,System-28_3,26,29,23,21,20,26,29,20,25,24,28,24,21,20,22,22,27,22,28,20,26,21,26,27,27,22,26,0
284,System-28_4,21,28,29,25,25,23,21,28,25,25,25,20,28,29,29,29,22,24,27,22,27,21,23,23,25,24,26,0
285,System-28_5,21,22,20,22,27,23,22,22,27,23,27,28,21,26,29,21,28,28,24,23,22,20,24,26,29,26,24,0
286,System-28_6,23,26,29,23,26,20,27,21,21,27,23,27,22,20,27,20,27,26,29,27,23,27,29,26,23,27,27,0
287,System-28_7,20,22,29,25,29,25,22,29,22,27,26,28,27,24,21,28,26,22,25,26,27,26,21,28,25,26,28,0
288,System-28_8,27,25,22,21,21,23,27,29,21,21,27,27,26,25,27,24,22,23,29,26,26,20,20,27,28,21,29,0
289,System-28_9,25,29,21,28,21,23,22,28,22,21,25,20,23,22,26,23,28,28,26,25,25,27,22,25,23,24,25,0
290,System-29_0,27,21,24,29,24,25,28,28,28,24,28,28,21,28,22,27,25,26,22,29,27,23,22,24,24,22,26,0
291,System-29_1,28,25,24,28,27,25,21,26,21,29,29,23,28,27,24,21,22,22,29,22,24,21,28,29,21,21,28,0
292,System-29_2,23,23,24,27,22,23,21,22,20,28,27,25,23,27,25,29,23,26,27,28,24,23,21,26,23,27,28,0
293,System-29_3,24,27,23,24,21,25,24,25,27,20,25,27,22,21,20,23,25,24,27,27,25,23,20,29,20,21,21,0
294,System-29_4,24,26,29,20,21,28,24,26,29,24,28,26,24,20,29,25,27,28,20,26,20,23,21,25,21,22,21,0
295,System-29_5,28,29,29,22,23,26,23,23,24,24,21,26,25,29,21,20,25,20,20,26,29,28,27,23,27,28,21,0
296,System-29_6,21,25,22,27,26,29,29,24,28,28,24,22,23,26,23,22,24,29,20,21,24,29,22,28,28,21,25,0
297,System-29_7,28,21,21,20,25,22,26,20,25,21,27,23,24,28,22,22,26,24,25,24,27,21,22,20,29,20,22,0
298,System-29_8,25,28,21,21,29,25,23,25,22,27,23,29,29,26,22,26,23,20,23,25,25,22,23,29,28,22,27,0
299,System-29_9,22,26,22,27,21,24,23,27,28,28,26,25,26,28,22,28,26,28,28,27,24,28,20,20,28,26,23,0
300,System-30_0,32,39,30,30,30,39,34,30,35,30,36,38,31,32,34,36,35,38,38,30,38,36,32,32,34,30,33,0
301,System-30_1,30,32,31,34,39,33,37,34,34,30,34,31,36,33,35,37,33,33,38,35,31,39,31,38,35,36,38,0
302,System-30_2,32,38,36,30,32,39,32,39,36,34,39,34,34,32,30,36,34,39,32,37,36,38,37,36,38,33,39,0
303,System-30_3,37,35,34,34,33,34,31,39,35,38,31,34,38,37,33,39,39,31,35,38,30,35,32,30,32,31,36,0
304,System-30_4,36,30,35,33,30,31,31,33,31,33,30,36,35,30,39,33,35,33,36,30,39,35,31,39,36,36,38,0
305,System-30_5,32,32,31,37,31,38,30,32,37,36,38,36,39,31,31,39,38,39,39,39,36,38,35,39,36,37,33,0
306,System-30_6,30,37,39,33,38,37,33,30,34,35,38,30,35,34,35,35,35,32,37,34,33,39,34,35,34,31,31,0
307,System-30_7,37,39,34,37,31,34,32,32,33,30,38,32,30,33,31,38,30,32,35,39,37,35,31,37,36,32,33,0
308,System-30_8,36,35,38,32,36,39,36,35,34,35,35,30,30,32,32,39,32,38,31,36,32,30,38,31,31,37,36,0
309,System-30_9,36,33,36,36,34,32,31,38,35,39,34,33,38,30,35,33,34,38,35,38,33,33,38,35,33,32,31,0
310,System-31_0,36,34,33,35,37,38,34,36,37,35,37,38,30,32,38,37,31,39,36,34,34,30,35,32,31,30,31,0
311,System-31_1,37,31,31,31,35,38,37,33,36,33,30,37,34,36,38,38,30,32,31,35,32,34,32,36,34,36,32,0
312,System-31_2,30,38,39,36,30,32,34,35,33,38,34,33,34,34,36,37,31,35,34,30,32,32,37,31,31,31,35,0
313,System-31_3,30,34,32,30,36,38,38,33,39,36,32,35,31,32,30,34,38,33,31,37,30,37,33,31,35,38,37,0
314,System-31_4,35,37,31,31,34,39,33,39,32,35,35,31,39,36,36,38,34,37,32,33,39,30,35,33,33,38,32,0
315,System-31_5,35,38,33,37,33,30,39,32,38,31,39,33,33,33,32,30,39,32,34,39,30,39,38,38,36,35,36,0
316,System-31_6,36,33,32,36,31,32,36,38,39,32,30,32,34,39,35,34,31,37,34,33,36,30,37,37,33,34,30,0
317,System-31_7,38,31,32,34,37,33,30,30,30,34,38,33,32,38,33,30,34,32,35,39,38,32,36,35,35,34,32,0
318,System-31_8,38,38,31,34,35,33,33,34,35,39,37,30,37,33,38,32,32,37,35,31,31,34,35,31,38,37,37,0
319,System-31_9,36,33,35,31,39,33,33,39,34,30,31,35,32,34,34,39,31,37,38,36,36,31,38,33,34,35,34,0
320,System-32_0,33,37,31,31,38,36,33,35,30,32,38,35,38,35,36,32,38,37,32,38,31,36,32,33,31,39,33,0
321,System-32_1,37,38,34,30,38,32,33,35,36,35,33,30,31,33,33,33,35,32,32,33,32,31,31,36,38,37,34,0
322,System-32_2,31,30,30,33,36,36,39,31,36,32,35,33,38,32,35,33,30,34,37,33,30,36,37,35,32,32,36,0
323,System-32_3,33,35,35,34,39,33,33,38,39,39,34,34,30,33,32,36,34,38,39,37,32,34,37,33,39,34,31,0
324,System-32_4,39,38,30,34,30,32,30,36,30,35,30,35,39,37,31,37,31,30,35,38,34,31,33,37,37,37,38,0
325,System-32_5,39,30,33,36,34,39,34,35,34,34,31,30,30,31,32,36,34,33,38,36,31,35,33,30,35,30,34,0
326,System-32_6,39,35,31,32,35,34,36,33,34,35,33,33,35,30,39,32,38,35,34,31,33,30,30,30,33,35,32,0
327,System-32_7,31,36,39,34,38,33,35,39,31,37,35,38,35,36,38,35,31,39,35,30,36,32,35,33,35,39,37,0
328,System-32_8,30,33,39,30,31,36,37,39,36,39,32,31,37,38,37,34,36,32,34,36,38,35,36,33,39,31,33,0
329,System-32_9,38,34,39,36,38,39,30,33,32,30,32,37,34,30,30,30,35,36,38,33,36,33,33,34,35,36,34,0
330,System-33_0,33,37,31,36,35,34,38,35,37,39,33,37,33,35,31,35,33,38,31,37,38,31,31,37,33,30,37,0
331,System-33_1,35,37,30,32,33,37,37,36,36,31,35,37,36,39,34,37,35,37,30,37,33,39,36,34,38,35,35,0
332,System-33_2,30,36,37,36,39,34,32,36,34,32,38,31,34,39,39,30,34,35,30,35,30,33,32,34,34,36,36,0
333,System-33_3,37,35,31,35,39,37,36,30,34,33,31,35,36,31,34,31,37,35,35,35,32,31,30,37,33,32,35,0
334,System-33_4,37,30,35,30,35,30,31,34,34,32,37,34,33,38,34,37,32,36,36,38,31,31,38,31,35,37,34,0
335,System-33_5,31,31,34,30,30,30,31,32,36,38,30,33,30,38,32,30,34,39,36,39,38,33,30,37,37,30,38,0
336,System-33_6,31,33,33,30,38,31,33,35,31,31,30,34,35,39,35,30,31,30,38,38,31,36,37,38,30,38,39,0
337,System-33_7,39,30,33,31,36,34,30,37,32,36,31,36,37,33,35,33,37,35,30,35,32,36,31,32,38,31,32,0
338,System-33_8,33,36,32,34,34,38,30,36,30,35,39,39,33,36,30,36,36,39,38,37,34,31,32,31,36,38,31,0
339,System-33_9,33,39,32,33,36,39,33,39,38,37,36,35,37,35,37,39,39,37,38,37,35,39,30,39,32,36,33,0
340,System-34_0,33,35,33,30,39,31,32,36,34,37,39,39,31,36,35,39,32,31,31,31,33,36,36,30,32,31,30,0
341,System-34_1,36,32,37,32,30,36,37,34,39,33,39,35,36,35,32,32,38,38,32,35,37,33,30,34,34,34,32,0
342,System-34_2,36,37,31,39,36,33,31,37,32,32,32,33,36,38,32,36,31,34,33,36,34,31,31,30,33,33,35,0
343,System-34_3,30,30,32,31,31,33,31,32,32,33,38,35,31,36,31,39,31,39,39,38,34,30,36,33,33,33,38,0
344,System-34_4,36,33,32,38,37,31,39,32,38,30,30,33,35,33,33,37,36,36,31,33,35,32,39,36,30,36,36,0
345,System-34_5,35,35,31,39,31,36,32,34,38,39,31,31,36,31,36,39,34,35,33,33,38,37,31,35,35,38,39,0
346,System-34_6,31,35,39,31,33,36,38,30,32,30,33,31,38,37,39,34,36,31,39,36,39,33,39,33,35,36,36,0
347,System-34_7,30,34,37,34,36,38,35,32,35,35,31,35,36,39,34,31,36,34,38,31,38,36,33,35,31,36,36,0
348,System-34_8,36,33,35,33,34,34,37,30,37,35,31,34,37,37,37,37,30,36,31,30,37,39,32,30,33,38,39,0
349,System-34_9,32,38,31,33,32,38,34,38,34,38,33,30,39,31,34,35,34,36,36,37,36,35,38,35,31,32,30,0
350,System-35_0,35,38,30,30,39,39,32,32,36,34,35,31,37,39,37,37,33,30,32,33,34,33,37,38,38,36,33,0
351,System-35_1,37,39,34,33,31,35,37,35,30,35,34,30,30,30,36,36,31,37,37,30,35,36,34,32,34,38,31,0
352,System-35_2,36,37,31,34,33,35,30,34,31,35,34,35,32,32,39,37,37,39,34,39,30,32,35,32,35,32,33,0
353,System-35_3,38,38,34,32,34,35,34,39,35,30,35,32,39,32,37,33,32,30,39,37,34,31,35,32,35,37,37,0
354,System-35_4,36,30,37,38,36,33,33,31,37,37,33,37,38,32,37,33,39,35,30,31,34,34,36,30,37,39,36,0
355,System-35_5,30,37,36,39,33,36,30,32,39,33,38,39,39,33,33,39,30,35,31,35,38,32,32,32,37,34,35,0
356,System-35_6,36,30,39,35,34,39,35,39,38,38,31,32,38,36,36,38,33,37,33,35,38,31,36,39,31,37,35,0
357,System-35_7,31,30,31,37,30,37,35,30,36,38,30,31,36,37,32,32,36,33,31,36,32,31,38,38,33,36,30,0
358,System-35_8,30,37,38,37,37,34,34,31,39,38,33,31,35,34,34,39,33,38,35,32,33,36,32,34,35,38,32,0
359,System-35_9,33,34,36,35,35,32,39,39,34,36,30,32,38,39,34,38,38,39,38,30,30,30,32,32,30,35,35,0
360,System-36_0,33,34,31,37,39,35,35,38,32,38,38,39,38,31,38,33,35,30,39,36,39,34,36,31,39,38,31,0
361,System-36_1,35,33,32,32,34,31,35,38,34,34,36,36,37,36,36,30,34,32,38,39,30,33,39,31,32,39,32,0
362,System-36_2,31,31,33,30,33,34,33,36,33,35,31,34,38,37,36,35,35,37,35,34,36,32,38,31,34,30,30,0
363,System-36_3,36,30,35,39,35,35,38,34,37,36,32,35,31,39,33,39,38,31,34,39,31,33,34,32,38,34,38,0
364,System-36_4,39,33,33,32,35,30,31,35,34,32,31,37,39,38,37,38,30,35,39,37,38,34,37,39,30,33,36,0
365,System-36_5,38,31,36,36,32,30,39,38,36,36,36,32,30,38,32,31,30,37,35,35,33,31,31,30,30,31,34,0
366,System-36_6,35,33,32,30,36,33,30,39,30,33,33,36,35,37,31,30,35,38,36,34,34,36,31,35,35,33,39,0
367,System-36_7,37,32,39,32,37,35,33,38,35,34,37,30,33,31,37,38,37,39,35,34,35,37,36,34,32,35,39,0
368,System-36_8,38,36,30,30,33,34,37,39,30,31,35,32,31,35,32,31,30,31,31,39,36,33,33,34,34,30,34,0
369,System-36_9,32,35,35,34,32,36,38,36,38,33,39,37,32,34,30,31,39,35,33,34,36,34,39,33,39,32,36,0
370,System-37_0,34,37,36,39,39,34,34,36,38,37,36,38,30,33,38,38,36,39,31,35,39,32,31,36,35,35,32,0
371,System-37_1,31,33,30,39,32,32,38,38,35,36,36,37,31,33,38,31,32,30,30,39,39,31,39,32,34,37,36,0
372,System-37_2,30,34,38,36,37,37,34,35,34,32,31,35,32,31,36,34,31,37,33,35,34,31,30,32,33,34,37,0
373,System-37_3,31,33,32,39,38,31,34,38,38,38,33,32,39,35,36,32,32,34,35,37,31,30,39,32,35,31,39,0
374,System-37_4,34,30,37,35,37,30,36,33,32,30,31,36,31,36,31,37,31,31,33,39,35,31,36,32,30,35,38,0
375,System-37_5,37,36,39,36,33,31,39,30,33,35,32,36,33,36,33,36,37,37,38,33,31,35,30,31,33,35,35,0
376,System-37_6,33,31,37,39,31,32,36,38,34,34,31,30,37,37,30,32,31,39,39,38,37,31,35,33,35,35,35,0
377,System-37_7,31,36,38,38,35,37,34,31,33,34,34,33,34,38,34,39,38,33,33,37,32,33,36,38,32,30,37,0
378,System-37_8,36,38,34,39,38,30,30,38,38,33,38,39,35,30,34,36,37,35,38,37,37,31,31,36,30,36,32,0
379,System-37_9,34,38,30,36,38,39,39,39,39,35,31,36,39,36,39,33,36,33,36,31,33,35,35,31,37,30,35,0
380,System-38_0,36,35,37,32,33,30,34,37,37,32,39,36,37,30,34,30,36,32,31,38,34,31,30,37,33,30,34,0
381,System-38_1,38,39,35,32,39,38,38,31,31,36,35,38,37,36,38,37,31,36,35,36,32,32,36,39,37,35,36,0
382,System-38_2,37,37,38,32,32,32,33,39,39,36,32,37,35,38,33,36,31,34,36,30,38,39,36,32,31,32,37,0
383,System-38_3,37,34,37,31,37,35,36,32,38,39,35,36,34,32,30,33,31,37,37,31,39,35,35,31,33,35,32,0
384,System-38_4,39,30,36,35,30,37,31,39,32,39,38,30,35,39,31,36,32,34,34,39,35,36,38,37,32,33,31,0
385,System-38_5,33,37,33,34,36,30,37,33,38,36,31,30,31,32,34,33,35,36,31,31,34,36,34,34,32,31,39,0
386,System-38_6,37,31,35,32,35,36,35,35,37,36,39,36,31,31,38,38,30,33,39,38,38,36,38,38,35,37,37,0
387,System-38_7,38,37,35,31,35,33,35,36,34,34,32,36,37,35,39,39,32,39,35,37,39,35,36,35,38,30,35,0
388,System-38_8,31,38,34,35,32,36,39,30,36,32,30,30,38,31,34,35,33,31,35,39,30,31,34,34,31,37,35,0
389,System-38_9,32,34,31,33,34,33,30,35,32,32,30,36,33,36,34,31,33,37,37,36,32,30,34,30,36,36,32,0
390,System-39_0,32,39,36,35,36,31,39,36,32,34,33,32,34,32,33,36,34,38,36,31,39,32,30,33,36,30,38,0
391,System-39_1,36,34,34,37,36,31,34,34,37,37,35,31,39,30,31,38,38,32,32,32,37,30,32,35,37,36,30,0
392,System-39_2,37,38,31,35,33,38,35,37,37,36,39,34,33,30,33,32,35,34,37,35,39,30,32,30,30,31,37,0
393,System-39_3,33,33,39,37,36,36,33,37,34,39,30,33,37,36,32,31,39,36,33,39,33,34,30,37,37,31,35,0
394,System-39_4,36,36,39,39,36,30,32,37,38,31,33,32,33,32,32,39,30,30,33,38,31,34,38,33,32,38,31,0
395,System-39_5,33,34,37,35,35,37,38,37,33,32,32,36,37,33,30,37,36,38,31,39,30,34,30,37,36,34,37,0
396,System-39_6,31,32,38,36,34,32,34,37,34,32,36,30,36,31,30,38,34,35,36,30,30,33,33,36,35,36,32,0
397,System-39_7,34,30,36,31,31,33,31,36,31,37,32,35,37,39,30,39,35,33,34,37,30,34,38,30,34,34,35,0
398,System-39_8,35,31,32,30,39,38,32,35,31,32,36,33,32,37,33,30,30,37,36,38,38,39,30,35,38,36,35,0
399,System-39_9,37,38,37,30,38,37,31,35,35,31,38,32,33,34,34,33,35,37,38,35,35,37,32,39,37,33,38,0
400,System-40_0,42,47,44,40,44,46,46,41,46,41,46,47,47,49,42,41,41,49,49,45,40,45,45,43,49,41,43,0
401,System-40_1,49,46,49,46,42,49,48,44,48,46,47,49,46,45,47,41,44,43,45,41,47,43,47,45,47,43,42,0
402,System-40_2,43,44,46,47,44,49,49,45,40,41,44,46,41,43,46,45,41,49,44,42,40,45,48,44,48,49,41,0
403,System-40_3,43,42,45,47,48,40,46,48,46,44,48,42,45,49,44,48,45,48,46,49,43,43,42,41,42,42,47,0
404,System-40_4,46,40,43,43,40,48,40,43,40,49,44,40,47,49,46,46,41,43,44,46,42,41,48,49,46,44,49,0
405,System-40_5,43,48,47,43,48,47,40,47,44,43,43,41,45,40,49,47,48,47,43,45,47,41,47,47,47,42,49,0
406,System-40_6,46,49,45,44,44,48,43,47,45,41,41,42,44,41,49,42,46,49,47,41,49,47,46,46,49,44,46,0
407,System-40_7,43,48,43,45,42,44,40,47,46,43,41,49,44,46,42,40,46,48,48,48,43,47,46,46,46,46,41,0
408,System-40_8,47,48,43,42,49,48,45,45,45,40,43,43,41,47,45,47,43,49,46,49,40,44,47,47,43,46,43,0
409,System-40_9,49,47,40,43,47,46,47,42,47,43,45,43,48,46,43,48,40,44,42,46,40,42,47,42,47,47,46,0
410,System-41_0,40,43,41,40,49,48,47,43,44,41,41,49,48,48,40,46,49,46,45,40,40,48,42,48,41,45,45,0
411,System-41_1,49,42,45,42,49,49,48,42,45,45,43,47,45,42,47,46,46,44,46,45,42,43,49,41,41,40,44,0
412,System-41_2,43,40,44,47,48,44,42,42,47,43,47,46,45,46,46,45,49,46,41,41,44,47,49,40,48,45,41,0
413,System-41_3,42,42,41,43,47,45,46,45,41,46,49,47,44,41,40,43,49,44,43,40,41,47,41,47,40,45,41,0
414,System-41_4,40,46,49,42,43,41,42,46,46,48,40,43,45,45,44,41,47,42,44,49,46,45,43,48,47,42,49,0
415,System-41_5,44,48,44,40,46,47,47,48,45,40,43,47,41,47,44,41,49,49,43,47,45,45,42,45,48,48,46,0
416,System-41_6,40,40,46,49,42,48,48,43,45,48,44,40,46,41,47,43,42,47,45,41,49,46,41,40,43,45,43,0
417,System-41_7,41,44,44,44,40,48,41,41,47,44,43,43,44,41,43,40,46,46,49,40,49,49,41,41,42,45,48,0
418,System-41_8,45,43,46,48,45,47,44,49,44,46,42,44,49,45,49,41,44,42,46,48,42,43,44,45,47,43,43,0
419,System-41_9,42,48,47,47,49,43,48,47,41,43,48,41,44,40,43,48,47,43,49,45,47,44,45,40,49,43,47,0
420,System-42_0,44,41,45,49,48,44,48,43,42,40,48,42,47,47,48,40,46,48,47,49,47,49,41,41,44,43,45,0
421,System-42_1,42,40,47,46,44,46,46,47,49,45,45,47,43,49,40,45,48,44,43,42,47,46,46,49,42,42,45,0
422,System-42_2,42,46,46,42,45,47,47,43,40,49,43,40,42,40,43,49,48,41,42,43,47,45,47,43,43,42,44,0
423,System-42_3,44,48,47,44,47,43,42,44,44,49,44,40,40,42,43,47,47,45,40,40,44,40,41,49,43,47,48,0
424,System-42_4,49,43,40,40,46,49,40,43,41,42,47,43,41,44,42,43,42,43,41,48,42,44,45,44,41,41,42,0
425,System-42_5,48,41,41,48,49,43,48,47,40,45,40,45,46,44,46,41,44,46,46,40,46,48,42,48,43,45,43,0
426,System-42_6,42,45,40,46,42,43,44,43,45,49,44,48,47,46,45,43,41,45,48,40,42,44,46,48,47,45,40,0
427,System-42_7,48,47,43,49,40,42,43,42,45,45,40,49,48,48,41,46,40,43,42,46,43,49,47,45,42,45,43,0
428,System-42_8,41,41,47,44,43,48,45,46,44,49,41,46,47,44,44,41,42,40,43,41,48,44,47,41,40,46,42,0
429,System-42_9,40,40,40,41,43,49,49,43,46,41,48,45,45,43,42,44,44,48,47,48,49,42,40,40,45,43,41,0
430,System-43_0,48,42,48,44,49,48,42,48,47,48,43,43,41,44,43,45,48,49,46,44,44,47,49,41,48,40,48,0
431,System-43_1,40,41,45,43,49,43,46,47,45,42,46,47,48,44,45,47,46,43,46,45,43,44,47,48,48,47,41,0
432,System-43_2,48,46,44,49,40,49,46,42,49,49,41,40,46,47,48,44,43,44,46,42,43,40,42,43,43,43,47,0
433,System-43_3,46,42,43,43,42,44,48,41,46,41,43,45,41,41,43,40,40,40,49,46,40,42,42,46,40,40,44,0
434,System-43_4,44,49,42,43,42,43,45,48,42,44,41,49,44,43,43,46,49,45,46,48,42,41,42,42,48,40,45,0
435,System-43_5,48,41,40,40,43,47,48,46,43,41,40,48,48,40,49,44,42,44,42,47,48,48,48,40,41,40,44,0
436,System-43_6,43,45,42,46,48,48,41,47,40,49,40,40,40,48,40,46,49,45,48,45,44,42,47,47,43,49,42,0
437,System-43_7,49,42,45,44,47,43,45,49,45,49,45,49,41,42,44,48,44,49,43,45,43,42,49,45,43,41,49,0
438,System-43_8,46,46,42,45,40,47,43,45,48,43,48,40,44,40,49,40,42,42,42,44,48,41,48,43,45,45,47,0
439,System-43_9,42,42,48,47,43,49,49,43,42,43,47,42,41,41,49,48,43,49,45,46,44,49,48,43,44,41,46,0
440,System-44_0,43,46,44,42,42,42,42,40,48,47,43,46,43,43,42,49,47,49,47,46,45,44,49,47,44,47,40,0
441,System-44_1,47,49,42,44,46,47,40,46,46,43,45,49,42,48,42,42,48,40,49,47,49,41,46,47,46,40,41,0
442,System-44_2,43,41,44,43,41,44,42,45,44,44,49,48,41,48,44,45,43,44,49,44,41,49,42,47,42,41,40,0
443,System-44_3,40,46,46,49,40,44,41,43,45,44,49,43,41,40,42,45,41,45,41,47,48,46,42,47,43,40,49,0
444,System-44_4,45,44,41,40,44,49,45,41,41,49,46,44,43,40,42,45,48,41,42,46,42,45,44,42,43,45,49,0
445,System-44_5,45,47,49,44,49,49,46,41,49,47,42,45,40,43,48,41,41,41,43,43,45,42,42,41,40,47,45,0
446,System-44_6,40,48,42,44,47,41,40,41,48,48,48,42,44,43,46,43,46,45,46,46,45,46,40,49,44,48,46,0
447,System-44_7,44,49,44,44,48,49,40,45,41,41,44,41,40,42,41,40,47,44,43,40,48,45,45,42,40,48,40,0
448,System-44_8,49,46,46,48,49,40,41,40,47,49,45,40,44,47,41,46,46,44,46,46,43,44,49,43,48,48,46,0
449,System-44_9,42,47,47,46,42,41,46,49,42,48,43,44,47,46,46,44,48,46,47,46,49,46,48,48,42,45,49,0
450,System-45_0,46,44,44,44,41,47,48,43,40,48,43,49,46,47,41,47,42,48,46,48,41,45,41,49,40,41,48,0
451,System-45_1,42,46,48,49,41,42,43,47,47,41,48,49,43,41,48,48,45,41,48,47,40,45,43,49,45,44,44,0
452,System-45_2,49,41,40,43,42,40,42,49,42,40,48,43,44,48,41,48,44,47,44,42,40,49,44,43,46,48,45,0
453,System-45_3,44,42,44,49,44,47,43,47,46,40,43,49,45,49,48,46,46,48,46,48,47,47,42,41,43,40,44,0
454,System-45_4,44,48,42,42,49,46,47,49,49,43,42,46,45,45,40,43,47,49,45,41,47,44,42,47,42,45,41,0
455,System-45_5,40,48,46,47,44,46,46,42,49,44,43,40,40,43,40,47,40,45,48,42,41,44,48,49,46,47,42,0
456,System-45_6,46,48,44,45,45,47,42,40,44,45,45,44,49,42,45,45,44,44,45,48,45,49,44,45,45,41,46,0
457,System-45_7,44,46,49,45,47,42,48,46,42,47,42,47,48,48,43,49,41,43,45,42,45,40,48,44,43,42,45,0
458,System-45_8,46,44,47,48,42,46,46,43,49,47,42,46,49,47,45,40,46,48,45,46,43,42,45,40,46,41,40,0
459,System-45_9,49,49,42,41,41,44,40,47,41,46,42,47,41,46,44,43,47,44,48,48,44,45,44,43,49,42,49,0
460,System-46_0,44,42,48,49,41,43,42,40,44,46,46,43,47,49,42,42,45,49,42,49,47,44,49,47,48,43,48,0
461,System-46_1,40,47,49,47,41,42,49,46,42,48,44,40,49,42,45,48,43,44,46,46,45,43,42,41,48,42,41,0
462,System-46_2,46,46,44,41,48,43,47,40,44,46,43,42,44,43,44,49,43,46,47,44,48,41,45,42,48,42,48,0
463,System-46_3,42,40,45,48,41,47,49,43,41,43,44,43,44,41,48,46,43,48,47,49,43,43,42,43,43,46,47,0
464,System-46_4,49,41,43,44,44,43,48,41,49,44,43,46,43,48,49,40,46,42,46,48,48,48,49,43,47,41,47,0
465,System-46_5,42,42,47,48,48,40,40,44,46,47,42,49,41,40,41,42,43,42,46,42,49,43,45,41,46,45,46,0
466,System-46_6,42,42,41,40,46,49,43,41,46,48,44,47,44,40,49,47,42,41,40,44,49,44,42,47,49,44,43,0
467,System-46_7,44,45,42,48,42,40,44,44,49,42,44,42,44,40,43,42,46,41,41,44,46,42,49,47,42,49,46,0
468,System-46_8,47,43,46,42,41,47,47,46,47,45,49,45,44,49,49,41,44,42,48,46,44,45,48,47,47,47,41,0
469,System-46_9,42,48,40,46,42,43,47,45,41,49,41,48,44,45,46,49,40,49,46,42,47,44,40,48,49,41,45,0
470,System-47_0,46,47,48,44,42,44,47,42,48,48,49,48,49,44,44,45,41,42,42,44,48,44,47,45,46,49,49,0
471,System-47_1,47,40,43,44,49,43,42,48,40,46,46,42,46,48,42,42,49,42,41,44,45,48,48,47,40,42,48,0
472,System-47_2,43,45,45,45,45,43,41,43,49,41,46,42,41,43,41,44,44,40,44,48,41,43,41,45,45,44,41,0
473,System-47_3,43,43,48,43,49,46,46,44,43,47,44,43,42,49,42,42,46,46,44,43,42,49,43,48,46,41,42,0
474,System-47_4,48,49,41,42,49,48,41,42,45,46,46,45,46,42,46,45,44,42,46,43,43,48,41,49,40,42,45,0
475,System-47_5,46,49,40,41,49,44,43,44,47,42,46,40,47,48,46,42,44,40,45,46,49,46,49,40,46,48,43,0
476,System-47_6,48,49,43,42,49,43,45,43,49,48,43,44,49,40,45,49,49,42,47,44,48,47,45,47,49,44,47,0
477,System-47_7,45,40,45,45,44,43,40,49,49,49,40,43,45,44,46,45,41,45,43,43,43,42,45,42,40,47,48,0
478,System-47_8,40,44,45,47,48,43,41,45,49,49,46,48,41,45,49,44,40,44,41,46,45,42,44,44,48,49,43,0
479,System-47_9,40,45,44,46,42,42,40,40,41,46,44,42,44,42,41,44,41,49,45,46,49,48,42,46,49,41,44,0
480,System-48_0,42,49,47,46,44,46,40,44,42,42,45,46,45,49,47,45,48,40,43,47,49,48,42,48,42,41,42,0
481,System-48_1,41,46,41,43,40,48,48,46,44,44,41,46,47,47,48,45,43,49,40,43,42,41,48,46,40,45,45,0
482,System-48_2,45,40,45,43,40,49,46,42,48,47,40,45,44,44,48,41,48,49,45,42,48,45,48,47,45,42,40,0
483,System-48_3,44,48,40,45,43,48,49,49,42,48,43,44,43,41,49,42,47,41,43,43,42,43,44,45,44,40,44,0
484,System-48_4,48,46,43,46,49,47,41,43,46,49,46,47,49,41,42,45,43,46,45,46,47,46,45,47,40,44,41,0
485,System-48_5,49,49,42,46,44,42,45,46,47,49,43,48,48,48,44,41,44,44,42,44,42,40,45,43,46,44,47,0
486,System-48_6,47,45,45,43,45,49,40,46,42,49,41,46,44,44,48,42,41,44,44,49,46,48,40,40,41,44,46,0
487,System-48_7,45,43,43,41,44,40,40,47,43,48,43,40,45,45,45,44,48,41,44,41,42,40,43,45,42,40,48,0
488,System-48_8,49,45,43,47,46,49,47,46,47,46,45,48,49,41,40,40,45,44,49,46,42,47,49,48,47,40,49,0
489,System-48_9,42,41,42,45,46,45,42,44,47,42,49,42,46,47,43,41,41,49,49,45,44,47,40,47,45,40,40,0
490,System-49_0,45,44,46,45,46,44,41,46,45,41,43,48,47,47,43,45,40,46,47,48,49,48,45,47,46,46,49,0
491,System-49_1,47,41,49,42,49,44,48,41,43,41,42,41,41,44,45,46,40,41,41,41,41,42,49,42,44,43,44,0
492,System-49_2,40,48,48,45,40,48,42,48,42,48,44,49,46,46,47,42,48,43,48,44,43,48,43,41,44,40,42,0
493,System-49_3,49,43,44,44,47,46,42,49,48,42,42,41,42,42,49,41,41,45,45,47,49,44,45,46,43,46,48,0
494,System-49_4,43,41,47,41,46,42,43,41,48,43,47,45,44,46,47,49,46,40,46,48,43,41,40,41,45,47,40,0
495,System-49_5,43,41,42,47,48,41,48,42,45,41,42,40,48,41,44,43,43,49,45,42,41,48,42,45,49,45,40,0
496,System-49_6,43,40,49,48,41,46,41,42,47,45,42,43,46,41,48,40,44,40,48,49,45,48,45,45,40,45,40,0
497,System-49_7,41,48,42,43,40,48,46,45,41,43,46,47,42,41,43,48,47,43,48,44,41,47,45,40,44,42,44,0
498,System-49_8,48,41,44,40,45,45,45,47,42,44,48,44,43,49,43,41,40,46,44,41,47,47,47,45,44,43,48,0
499,System-49_9,47,47,49,41,45,41,41,45,43,44,42,42,44,46,44,46,45,48,44,44,46,43,42,43,42,49,47,0
500,System-50_0,53,55,58,58,55,59,55,52,53,51,51,53,50,59,56,52,58,52,53,53,54,58,58,50,57,58,52,0
501,System-50_1,50,57,56,56,53,59,50,55,50,57,56,54,52,59,57,51,53,51,59,50,58,55,57,55,59,53,55,0
502,System-50_2,54,58,51,58,56,59,51,55,59,52,51,57,53,50,55,54,52,54,59,51,59,59,59,53,55,51,58,0
503,System-50_3,57,57,59,55,54,58,54,54,53,58,52,58,53,54,52,55,59,54,53,56,53,55,52,50,53,54,52,0
504,System-50_4,51,54,53,52,53,54,51,58,51,55,53,54,56,56,53,50,58,57,57,51,54,53,56,59,51,58,53,0
505,System-50_5,54,52,56,59,56,50,50,56,54,58,56,58,57,52,57,53,55,59,58,56,53,56,54,52,51,56,59,0
506,System-50_6,59,52,57,59,54,50,56,53,53,56,56,59,58,50,52,53,55,50,53,50,57,51,55,56,54,58,53,0
507,System-50_7,57,52,58,57,56,59,56,56,52,57,50,57,53,52,59,56,55,54,57,54,54,51,57,54,57,58,50,0
508,System-50_8,51,59,59,56,55,59,59,50,58,58,50,59,52,51,57,55,57,57,53,59,50,54,55,57,56,57,55,0
509,System-50_9,55,54,58,55,50,55,50,52,50,55,50,56,57,53,59,54,53,58,53,58,58,51,50,54,51,57,59,0
510,System-51_0,55,51,59,56,54,52,52,51,55,51,54,58,50,50,56,53,52,57,51,56,55,55,58,54,52,58,52,0
511,System-51_1,59,54,53,59,52,55,57,57,52,57,54,50,53,57,57,59,52,59,54,56,58,58,58,57,56,54,54,0
512,System-51_2,52,51,54,58,51,58,59,51,56,58,58,55,52,50,59,58,54,57,55,51,56,52,57,50,55,56,50,0
513,System-51_3,55,57,56,55,57,56,53,55,57,54,53,52,52,55,55,53,54,54,58,56,53,55,58,56,56,59,55,0
514,System-51_4,56,56,54,58,50,55,54,51,59,58,56,53,52,57,52,54,55,53,56,59,53,52,52,55,52,51,53,0
515,System-51_5,52,57,57,51,50,50,51,58,56,54,52,55,54,58,50,55,57,54,58,59,53,57,56,53,53,53,57,0
516,System-51_6,51,53,56,55,53,59,54,54,56,57,50,59,58,53,58,59,51,51,51,59,51,55,50,55,57,52,51,0
517,System-51_7,57,57,50,51,55,58,59,51,59,51,55,56,51,56,55,58,59,55,54,52,57,56,54,57,55,55,54,0
518,System-51_8,59,55,54,54,52,57,54,56,52,51,55,53,54,55,52,56,51,52,59,56,50,50,55,58,51,52,51,0
519,System-51_9,58,50,59,54,57,50,57,50,57,51,53,58,58,53,56,59,50,57,53,50,54,50,59,58,59,55,59,0
520,System-52_0,58,53,58,58,55,55,57,55,50,59,54,57,53,59,59,55,58,53,57,58,59,56,58,52,58,50,55,0
521,System-52_1,53,58,50,58,54,57,52,59,50,55,59,51,51,56,50,51,53,59,59,52,55,51,58,54,50,55,54,0
522,System-52_2,55,50,59,51,55,52,59,50,58,51,52,57,55,52,55,57,51,51,50,53,51,52,54,54,56,54,59,0
523,System-52_3,56,54,57,51,50,58,59,56,55,58,50,55,59,57,50,56,52,59,50,59,56,56,56,59,51,58,51,0
524,System-52_4,54,54,53,59,53,54,51,51,54,50,58,53,56,52,57,50,58,51,52,52,56,52,56,58,55,55,54,0
525,System-52_5,57,56,54,54,53,54,57,57,51,54,56,50,52,54,50,53,58,59,54,54,53,56,51,53,57,59,59,0
526,System-52_6,58,55,57,52,54,53,56,59,56,58,55,50,57,58,54,57,58,50,50,59,51,52,50,55,57,56,57,0
527,System-52_7,54,57,54,52,54,58,56,58,50,50,56,50,58,51,51,54,55,54,52,59,51,56,57,58,52,50,50,0
528,System-52_8,54,50,52,57,51,52,54,59,56,57,57,51,54,52,58,51,55,53,59,50,56,53,53,57,57,54,56,0
529,System-52_9,58,50,53,57,54,53,55,51,58,57,59,55,58,52,58,50,53,54,52,56,55,56,53,57,59,56,52,0
530,System-53_0,58,56,57,57,59,51,58,53,55,51,57,58,57,50,53,51,59,56,51,59,52,53,57,51,57,58,58,0
531,System-53_1,53,59,55,52,54,52,51,53,52,52,52,54,57,52,58,58,54,55,56,55,55,54,58,59,56,54,54,0
532,System-53_2,59,59,54,53,56,57,54,57,56,56,58,58,54,56,55,52,55,53,53,51,52,56,58,51,53,54,57,0
533,System-53_3,54,50,54,59,54,52,50,55,50,58,51,57,52,56,56,55,53,59,58,57,59,57,59,51,54,52,50,0
534,System-53_4,51,57,53,54,51,53,52,59,55,51,53,50,55,54,55,59,53,51,50,56,52,52,54,59,50,59,57,0
535,System-53_5,58,50,53,58,59,58,59,54,55,56,58,56,52,55,51,55,51,54,56,56,55,57,57,50,56,59,56,0
536,System-53_6,54,57,54,58,57,54,55,59,57,57,58,55,51,54,52,57,53,50,51,58,55,53,55,58,58,52,59,0
537,System-53_7,54,50,56,54,56,54,54,52,58,57,55,54,58,53,55,51,59,50,56,53,56,52,54,52,57,56,51,0
538,System-53_8,58,59,52,58,51,58,50,51,56,50,59,54,56,59,53,56,57,57,54,52,52,50,53,50,57,55,59,0
539,System-53_9,55,57,50,50,53,54,53,58,55,56,56,53,53,51,59,59,54,54,56,57,59,52,56,56,56,55,50,0
540,System-54_0,51,52,53,56,50,55,55,56,57,52,54,50,50,56,59,57,53,59,50,53,58,58,58,52,58,52,54,0
541,System-54_1,59,56,57,59,57,58,52,52,54,55,58,59,53,58,55,59,51,58,55,59,56,50,50,54,56,56,52,0
542,System-54_2,51,57,54,55,59,52,56,55,51,57,56,54,57,50,57,56,55,50,59,53,54,54,50,56,55,51,53,0
543,System-54_3,54,56,54,59,53,50,57,50,58,57,53,54,55,53,50,51,57,57,58,53,53,50,56,54,59,58,54,0
544,System-54_4,57,50,56,53,59,55,50,50,57,55,58,59,56,50,58,54,59,57,59,51,59,54,57,58,58,54,59,0
545,System-54_5,54,50,59,56,52,50,56,50,52,52,56,52,56,56,58,54,59,56,50,56,55,57,57,54,58,54,56,0
546,System-54_6,56,59,55,59,56,54,57,52,51,54,53,51,51,54,53,51,59,52,57,55,58,52,51,51,58,53,54,0
547,System-54_7,54,53,59,59,50,59,57,55,56,52,53,58,54,50,54,50,54,56,50,51,53,50,51,56,51,53,59,0
548,System-54_8,52,56,59,59,50,58,54,59,56,52,53,51,56,57,59,51,56,57,53,59,55,52,59,55,58,51,58,0
549,System-54_9,51,59,54,59,56,50,54,50,57,55,50,55,54,51,56,54,50,57,53,59,50,54,56,50,56,59,58,0
550,System-55_0,59,54,59,51,54,58,54,55,50,58,55,54,59,54,53,50,51,54,57,50,56,58,59,56,50,54,52,0
551,System-55_1,50,59,58,58,51,55,50,55,56,55,58,53,53,55,58,55,55,55,53,52,51,51,54,59,52,53,52,0
552,System-55_2,50,53,57,53,56,57,55,55,51,57,59,57,54,55,51,54,52,50,56,59,56,56,58,58,58,53,53,0
553,System-55_3,52,55,53,52,59,53,56,54,53,58,54,53,53,52,59,58,56,50,53,50,52,58,59,57,55,53,54,0
554,System-55_4,56,59,56,57,58,52,51,57,52,50,57,52,59,56,57,57,57,50,52,54,54,55,52,53,52,51,50,0
555,System-55_5,51,51,52,52,51,56,54,50,51,54,59,58,53,51,58,58,51,55,50,57,53,52,56,50,51,52,58,0
556,System-55_6,54,58,52,53,50,52,58,56,53,57,58,50,54,51,50,52,52,54,57,59,51,58,50,53,56,57,57,0
557,System-55_7,53,54,54,53,55,55,59,58,50,56,50,59,50,53,51,55,55,53,55,55,51,58,53,53,56,51,58,0
558,System-55_8,54,55,52,59,50,56,52,58,55,52,59,51,50,55,57,53,56,55,57,51,50,55,52,55,59,58,55,0
559,System-55_9,50,54,56,58,55,58,54,53,52,55,57,52,56,57,55,52,55,55,51,53,57,54,59,59,54,54,56,0
560,System-56_0,58,58,54,57,56,54,57,50,57,57,57,54,51,51,51,53,59,59,51,58,57,55,59,57,56,58,50,0
561,System-56_1,54,50,50,55,52,56,53,50,50,53,50,53,52,56,54,56,59,51,52,53,59,54,50,52,50,58,56,0
562,System-56_2,52,54,57,50,55,54,51,50,54,53,51,59,59,58,57,54,57,58,52,50,52,51,56,51,59,51,51,0
563,System-56_3,56,55,58,57,50,52,55,54,53,53,57,58,56,54,57,56,57,59,56,53,59,53,55,57,55,55,59,0
564,System-56_4,51,58,53,55,56,58,51,57,53,51,58,51,59,56,54,54,57,50,58,56,52,57,51,50,54,57,53,0
565,System-56_5,59,52,56,55,54,57,53,58,51,58,56,58,56,52,52,52,51,54,59,54,57,51,59,52,57,55,55,0
566,System-56_6,56,57,55,53,50,54,51,56,58,59,57,50,50,55,50,54,55,58,52,55,50,59,56,53,56,51,50,0
567,System-56_7,50,52,53,51,52,55,58,50,52,50,57,57,57,59,59,57,55,51,54,51,57,57,53,57,58,50,56,0
568,System-56_8,55,52,58,54,51,58,55,59,53,59,58,58,59,57,54,58,55,58,54,57,51,57,52,58,55,51,59,0
569,System-56_9,50,58,57,51,52,55,59,52,53,51,58,57,54,55,52,59,52,59,56,57,56,52,57,51,54,57,52,0
570,System-57_0,50,58,51,55,58,56,59,59,57,58,58,51,56,58,58,56,51,51,59,51,55,53,54,57,54,52,59,0
571,System-57_1,51,50,58,59,51,59,57,58,59,59,54,58,57,52,55,57,58,52,54,57,57,58,57,53,52,55,51,0
572,System-57_2,56,50,50,54,51,59,53,51,51,59,51,50,52,52,59,54,59,57,54,51,50,58,54,59,51,58,57,0
573,System-57_3,53,55,58,54,59,53,50,50,53,53,50,57,50,59,50,51,59,50,53,59,58,52,50,57,57,55,50,0
574,System-57_4,51,52,51,51,58,50,54,53,53,59,57,56,52,56,50,51,53,59,51,57,53,51,54,54,54,51,52,0
575,System-57_5,55,52,56,52,52,59,56,58,57,53,58,51,57,51,54,54,55,53,51,57,59,52,59,53,58,52,56,0
576,System-57_6,50,54,52,54,59,56,58,58,55,55,55,57,52,55,56,57,50,50,50,59,52,52,56,58,56,58,54,0
577,System-57_7,57,52,54,53,55,58,58,52,52,55,58,54,51,53,54,56,52,52,50,56,50,51,53,53,59,51,56,0
578,System-57_8,50,52,54,59,51,54,54,52,51,55,51,57,55,50,54,52,55,55,52,53,52,53,54,56,54,50,58,0
579,System-57_9,52,54,50,50,51,57,58,58,58,50,54,59,57,59,54,59,54,59,57,50,51,55,55,59,57,54,59,0
580,System-58_0,59,52,51,53,54,54,56,53,51,59,51,57,56,58,52,56,59,59,52,56,57,58,58,51,55,59,53,0
581,System-58_1,52,55,53,51,57,52,53,56,56,59,50,51,52,57,56,56,58,58,54,53,52,55,58,56,51,55,56,0
582,System-58_2,52,59,54,58,57,53,52,56,54,54,50,54,56,58,56,50,58,58,54,51,54,57,50,55,52,53,57,0
583,System-58_3,50,54,55,56,52,52,50,52,51,56,54,57,55,50,53,53,50,50,57,53,57,55,59,57,58,54,59,0
584,System-58_4,59,50,59,53,56,54,53,57,53,56,51,59,58,56,51,54,54,50,57,51,54,52,56,54,55,55,54,0
585,System-58_5,54,59,51,56,52,55,57,51,52,58,56,58,52,51,54,58,53,58,58,58,56,53,57,51,52,57,52,0
586,System-58_6,56,55,53,59,55,53,56,51,55,51,58,59,54,51,53,59,58,57,55,58,50,59,59,53,50,51,56,0
587,System-58_7,54,55,57,58,59,53,54,59,50,56,50,55,51,55,59,55,53,50,59,54,59,51,54,50,51,50,54,0
588,System-58_8,52,50,59,57,56,51,56,56,58,51,56,51,57,56,53,55,50,56,54,57,51,51,52,59,50,53,58,0
589,System-58_9,53,59,57,58,56,59,54,51,50,58,50,58,50,52,50,50,51,54,59,57,53,58,58,59,54,59,53,0
590,System-59_0,51,51,57,53,52,55,53,51,52,55,55,55,51,51,56,51,58,59,50,57,50,52,58,53,59,50,50,0
591,System-59_1,50,58,57,51,57,56,50,54,52,58,59,54,51,57,55,59,53,56,57,54,55,57,51,51,59,59,53,0
592,System-59_2,55,50,57,56,54,59,50,54,59,59,57,59,52,59,54,52,51,50,58,58,55,50,58,50,55,50,57,0
593,System-59_3,54,57,56,57,52,51,52,53,54,54,50,50,54,56,52,51,52,51,59,55,56,59,51,53,51,53,58,0
594,System-59_4,50,57,50,59,54,51,54,52,57,53,52,55,52,58,59,59,59,58,57,57,53,59,53,57,58,55,50,0
595,System-59_5,54,57,53,53,54,50,58,52,52,51,58,59,52,53,55,50,55,54,59,55,57,56,56,58,50,52,55,0
596,System-59_6,54,53,59,50,59,55,56,55,53,57,56,59,53,56,56,51,54,58,56,53,51,57,59,58,55,59,52,0
597,System-59_7,58,53,53,56,52,58,58,50,59,53,52,54,53,55,51,54,51,59,54,57,59,52,58,50,53,59,55,0
598,System-59_8,51,59,57,59,53,50,54,57,52,52,56,57,55,54,52,59,51,57,55,55,53,56,58,50,56,52,51,0
599,System-59_9,58,54,58,58,51,57,51,57,53,52,51,55,55,56,58,51,51,51,54,51,55,53,57,50,54,58,54,0
600,System-60_0,63,69,63,68,65,60,66,61,62,64,67,61,62,60,67,60,68,61,60,66,64,67,61,63,60,60,67,0
601,System-60_1,61,69,62,69,61,67,60,64,66,68,69,69,61,68,66,61,62,60,61,69,67,68,65,63,67,65,68,0
602,System-60_2,67,64,62,65,66,64,63,69,63,63,68,63,60,61,62,69,69,64,68,61,63,66,62,64,64,62,60,0
603,System-60_3,67,64,62,62,60,64,62,69,67,66,69,69,64,64,62,62,60,66,67,62,69,61,60,64,69,66,61,0
604,System-60_4,69,60,67,67,64,68,65,63,68,65,65,65,67,62,63,63,60,61,61,69,64,69,63,61,62,65,61,0
605,System-60_5,65,69,61,65,69,61,65,69,66,61,61,62,68,69,65,61,61,65,60,62,69,69,61,66,60,62,62,0
606,System-60_6,65,66,60,62,60,66,64,68,62,63,69,62,60,65,65,68,60,63,67,69,67,68,68,65,65,66,62,0
607,System-60_7,62,64,68,67,65,62,66,62,65,66,60,65,63,67,64,60,69,60,65,62,69,61,64,64,62,68,62,0
608,System-60_8,67,60,67,61,66,62,61,67,65,65,63,64,63,64,69,66,65,67,64,67,69,68,69,68,69,63,68,0
609,System-60_9,68,60,69,62,64,66,65,67,69,61,60,64,60,64,64,63,63,60,63,68,60,69,68,68,63,65,62,0
610,System-61_0,69,60,60,68,67,60,61,68,64,69,60,60,66,69,64,62,68,60,62,61,64,64,62,67,64,66,68,0
611,System-61_1,63,67,61,67,63,67,67,60,69,61,66,60,69,67,62,64,68,63,61,69,61,68,62,67,60,63,60,0
612,System-61_2,62,68,61,67,68,66,64,64,62,67,65,60,65,60,65,68,62,60,60,69,69,61,61,61,60,68,62,0
613,System-61_3,63,67,69,60,65,64,69,69,69,66,68,62,69,60,60,62,60,64,63,68,64,66,65,62,66,62,60,0
614,System-61_4,69,66,69,64,62,65,63,63,68,62,66,69,63,63,60,62,64,63,61,65,65,61,67,64,62,66,67,0
615,System-61_5,69,66,65,62,61,62,60,61,69,65,61,67,65,65,65,69,69,60,64,68,67,62,67,67,62,62,60,0
616,System-61_6,60,63,68,62,66,60,63,62,63,62,64,62,62,63,64,65,68,61,67,64,69,65,60,68,67,61,64,0
617,System-61_7,67,60,64,63,64,64,65,61,65,67,65,67,69,66,62,62,61,67,65,69,60,69,68,64,66,68,63,0
618,System-61_8,64,63,62,66,63,67,69,66,64,62,64,60,69,65,68,62,64,61,67,60,65,68,67,67,64,66,61,0
619,System-61_9,64,61,62,65,69,67,61,61,65,65,62,63,68,65,68,64,69,68,63,61,68,67,69,66,61,69,60,0
620,System-62_0,66,62,66,69,60,62,63,67,68,62,60,68,62,61,63,67,61,60,65,66,65,69,68,67,68,60,68,0
621,System-62_1,65,68,67,63,68,68,62,65,60,65,69,63,67,68,62,61,69,68,62,69,62,60,64,60,63,60,67,0
622,System-62_2,66,60,68,64,69,64,63,64,69,61,61,67,60,62,64,64,62,63,61,62,69,69,67,69,66,64,61,0
623,System-62_3,63,66,65,64,69,68,64,65,63,68,62,60,63,64,63,65,69,63,62,68,62,62,60,69,66,67,61,0
624,System-62_4,65,69,62,67,62,67,67,61,61,62,60,62,69,68,61,67,65,61,60,62,63,64,67,61,62,67,62,0
625,System-62_5,62,69,68,62,67,69,67,63,63,64,66,63,69,63,66,60,62,61,61,62,61,60,63,64,60,64,65,0
626,System-62_6,60,60,64,65,64,69,67,63,68,65,62,69,64,66,68,66,69,64,69,62,64,69,66,64,68,61,66,0
627,System-62_7,69,63,60,68,62,60,66,63,60,64,66,67,62,64,62,63,62,60,65,60,68,63,69,64,65,60,68,0
628,System-62_8,62,69,65,69,66,61,65,60,66,66,61,63,67,64,67,66,61,67,62,67,69,61,60,60,60,63,67,0
629,System-62_9,63,67,62,66,63,63,63,60,68,68,66,64,67,69,63,67,66,61,63,60,64,60,63,63,68,67,61,0
630,System-63_0,63,60,66,67,66,68,68,68,65,67,60,67,67,69,68,65,69,63,68,60,65,62,66,64,66,65,63,0
631,System-63_1,60,64,62,63,64,68,64,65,65,62,60,60,68,61,67,66,64,65,68,66,66,68,63,63,66,65,63,0
632,System-63_2,64,64,63,60,61,66,64,66,62,68,68,67,67,60,65,62,67,66,61,61,61,66,69,65,65,66,64,0
633,System-63_3,64,67,65,60,66,68,62,68,65,66,67,62,60,62,67,63,66,64,67,69,62,60,69,65,66,64,60,0
634,System-63_4,68,65,64,64,63,64,68,62,63,62,66,64,63,65,62,66,64,68,63,65,63,64,63,62,66,69,61,0
635,System-63_5,62,65,69,67,62,65,62,64,65,60,68,69,62,62,62,67,69,64,69,63,65,61,66,62,61,67,61,0
636,System-63_6,64,69,61,67,66,61,60,61,62,63,64,63,62,69,68,62,68,65,68,68,68,67,65,62,66,66,64,0
637,System-63_7,68,68,66,69,69,66,67,69,60,64,68,67,64,61,64,63,60,61,60,65,66,66,67,67,66,60,60,0
638,System-63_8,67,67,68,67,66,67,66,60,66,66,67,60,67,67,61,67,66,62,62,62,65,69,63,67,63,61,69,0
639,System-63_9,62,65,62,68,69,61,68,61,66,66,63,62,62,67,65,66,69,66,60,64,66,67,65,68,65,60,65,0
640,System-64_0,63,69,66,63,68,60,62,68,67,68,65,68,62,69,69,63,66,65,62,67,67,64,65,65,64,63,63,0
641,System-64_1,62,69,65,66,61,67,64,60,65,68,65,66,67,63,66,66,63,61,61,68,67,67,69,66,67,60,61,0
642,System-64_2,62,69,65,67,67,61,67,64,63,62,65,69,60,63,68,67,62,67,60,68,64,66,66,65,64,61,60,0
643,System-64_3,68,62,68,63,60,60,66,69,63,63,60,65,68,60,67,64,61,61,67,61,68,61,62,60,62,63,62,0
644,System-64_4,66,69,65,63,63,62,68,65,66,66,64,68,65,65,67,63,69,69,63,69,61,62,62,65,60,66,61,0
645,System-64_5,66,61,67,66,62,66,64,64,65,66,65,68,69,60,61,68,68,67,62,66,61,64,62,69,68,62,65,0
646,System-64_6,62,68,63,69,63,66,61,62,69,60,62,64,68,69,66,69,68,64,64,66,60,68,67,63,67,61,60,0
647,System-64_7,62,68,66,62,67,61,65,61,69,66,68,63,68,66,66,61,62,63,64,64,60,64,68,68,61,68,60,0
648,System-64_8,68,61,62,68,60,69,66,63,68,69,64,68,64,63,64,62,61,63,67,69,68,69,67,66,64,69,66,0
649,System-64_9,69,69,69,62,63,66,63,68,64,69,66,67,60,63,63,68,60,69,60,60,67,69,60,60,64,60,64,0
650,System-65_0,68,61,60,61,66,66,64,68,67,67,65,63,65,65,65,67,69,69,66,60,67,64,60,64,61,63,65,0
651,System-65_1,66,64,62,63,68,63,60,61,67,63,65,65,64,62,68,67,63,65,64,60,63,64,64,64,63,69,67,0
652,System-65_2,66,61,68,66,60,63,62,65,68,68,68,69,61,60,68,63,65,60,63,62,65,63,64,60,65,66,66,0
653,System-65_3,61,67,60,61,67,69,67,65,68,60,67,67,61,69,66,64,61,61,65,60,62,67,61,63,61,60,68,0
654,System-65_4,62,65,64,68,66,69,63,62,64,69,68,65,67,63,66,63,61,61,68,68,69,60,64,60,69,65,68,0
655,System-65_5,69,64,61,62,60,66,67,66,64,65,66,68,66,66,64,63,68,63,69,65,63,66,65,60,65,68,69,0
656,System-65_6,62,60,65,63,65,66,65,60,62,65,67,61,62,62,65,67,63,66,61,61,64,65,61,68,66,69,62,0
657,System-65_7,60,61,67,65,61,63,66,66,64,69,60,63,69,69,63,60,63,67,67,60,63,63,68,62,66,63,65,0
658,System-65_8,63,64,60,65,61,64,66,60,61,64,62,64,64,65,61,62,60,63,62,67,64,63,65,62,61,67,63,0
659,System-65_9,64,64,60,63,64,68,65,62,69,68,66,61,66,60,69,68,68,61,64,63,68,66,61,60,63,68,69,0
660,System-66_0,65,61,61,65,60,64,62,69,64,60,61,66,68,69,64,63,68,65,66,67,67,62,61,61,60,65,66,0
661,System-66_1,65,66,61,65,68,63,69,69,61,68,60,61,68,67,64,63,64,60,61,67,63,68,61,67,64,68,61,0
662,System-66_2,69,61,62,66,67,63,62,67,63,66,65,63,62,67,64,62,60,60,63,66,69,66,67,64,60,62,61,0
663,System-66_3,63,64,69,62,61,64,62,61,69,64,65,66,68,66,68,61,63,69,66,66,60,69,69,62,61,63,68,0
664,System-66_4,60,63,66,61,65,67,67,66,68,69,65,65,63,67,62,66,64,69,65,60,63,64,61,61,61,69,62,0
665,System-66_5,63,69,64,62,69,66,60,61,69,60,69,60,61,67,64,68,64,66,60,64,67,61,65,68,63,61,69,0
666,System-66_6,69,67,66,61,68,60,61,67,60,60,67,67,68,69,65,63,63,67,61,65,64,67,64,65,69,67,66,0
667,System-66_7,62,65,67,61,66,65,67,63,66,63,61,66,63,66,68,69,68,60,67,61,63,67,65,61,62,62,65,0
668,System-66_8,63,67,62,60,62,63,66,62,67,63,62,64,69,63,60,66,63,69,67,60,67,62,65,68,60,61,60,0
669,System-66_9,60,60,61,62,67,63,63,63,66,62,65,61,65,66,66,69,61,65,62,64,67,69,65,68,65,69,66,0
670,System-67_0,68,67,60,64,68,61,62,66,60,64,67,67,67,67,66,67,69,60,62,61,60,61,63,63,69,61,64,0
671,System-67_1,65,67,60,65,62,69,63,67,62,67,68,65,60,65,63,62,66,64,65,68,60,63,69,69,69,62,60,0
672,System-67_2,64,64,64,69,69,68,63,60,68,64,69,68,62,61,66,67,68,68,60,61,62,67,68,61,61,60,65,0
673,System-67_3,63,68,64,69,61,69,64,64,65,61,66,60,68,67,62,63,69,69,62,69,61,63,62,67,65,66,65,0
674,System-67_4,63,68,63,68,66,63,63,66,65,61,60,68,66,68,69,61,63,60,60,63,65,62,60,69,69,64,67,0
675,System-67_5,63,65,63,60,69,67,64,68,67,68,61,62,67,64,68,60,69,69,63,64,64,69,66,65,68,60,68,0
676,System-67_6,62,66,60,64,69,60,63,60,67,64,62,62,62,63,60,63,68,68,67,69,61,62,69,63,69,60,65,0
677,System-67_7,64,64,66,62,60,63,67,68,61,62,63,63,62,61,61,64,66,68,65,66,69,63,66,62,64,69,66,0
678,System-67_8,62,63,61,60,66,64,69,64,65,65,62,60,61,67,67,62,63,68,61,62,60,65,68,69,69,64,65,0
679,System-67_9,63,68,65,60,69,63,67,69,69,68,60,69,65,61,60,66,64,60,62,60,61,65,69,64,64,64,68,0
680,System-68_0,65,62,65,65,62,61,61,68,69,66,61,63,64,64,65,69,63,63,66,64,64,61,61,64,62,65,64,0
681,System-68_1,64,69,62,68,68,62,66,68,69,69,65,68,61,67,68,65,62,64,64,69,64,63,63,68,69,69,60,0
682,System-68_2,65,62,60,62,67,64,63,68,61,69,60,66,64,68,67,66,65,63,63,66,60,66,65,60,66,66,64,0
683,System-68_3,65,66,69,68,63,68,60,65,65,60,69,62,66,69,60,60,67,61,67,65,65,64,66,65,67,66,62,0
684,System-68_4,65,62,66,67,63,67,62,68,63,61,66,69,67,66,68,67,60,66,62,63,67,62,65,67,68,63,64,0
685,System-68_5,61,69,60,64,67,65,64,67,67,61,61,63,68,69,65,60,61,68,63,62,69,69,65,61,65,67,67,0
686,System-68_6,66,69,60,63,68,66,60,62,63,65,60,61,66,69,69,69,65,60,63,68,68,61,61,67,68,61,63,0
687,System-68_7,61,64,64,69,66,66,62,67,67,67,62,67,63,69,69,69,65,63,65,69,61,68,68,68,69,63,66,0
688,System-68_8,66,66,66,66,62,64,69,61,69,63,61,63,62,60,64,64,65,63,61,61,67,60,61,62,66,69,68,0
689,System-68_9,62,65,60,69,68,62,68,67,65,65,61,69,64,67,67,68,62,64,61,64,69,63,68,63,61,63,69,0
690,System-69_0,62,64,61,62,60,64,69,64,69,69,67,63,63,65,63,68,65,65,66,65,60,66,66,69,66,69,62,0
691,System-69_1,61,67,68,64,64,67,61,66,61,60,66,67,69,61,66,69,65,68,63,64,60,67,67,61,62,64,64,0
692,System-69_2,61,65,60,64,60,65,69,62,64,62,68,66,62,60,61,60,67,62,64,68,68,66,64,62,62,63,68,0
693,System-69_3,60,63,63,65,60,60,66,69,61,67,63,69,64,65,60,63,61,65,68,66,68,66,64,63,62,67,65,0
694,System-69_4,67,66,63,69,66,66,64,64,61,69,63,66,68,68,63,68,65,63,65,68,62,67,67,69,60,63,68,0
695,System-69_5,61,60,63,62,69,60,67,68,61,63,65,60,68,62,69,63,60,68,64,64,68,69,61,63,62,67,64,0
696,System-69_6,69,64,64,61,63,65,65,63,64,65,60,66,64,69,69,66,61,62,65,69,60,60,62,63,69,68,69,0
697,System-69_7,64,61,65,61,60,68,65,60,69,67,64,61,64,63,65,66,61,68,67,62,63,62,66,61,60,60,66,0
698,System-69_8,68,69,62,67,61,62,66,68,64,64,69,65,69,61,62,68,67,62,61,61,68,69,62,69,61,61,64,0
699,System-69_9,64,62,61,68,69,64,65,66,62,62,64,68,68,63,67,67,67,64,63,61,67,64,64,67,64,67,69,0
700,System-70_0,79,77,75,71,78,74,70,75,78,74,73,77,78,77,70,79,72,78,77,75,77,73,78,71,74,70,77,1
701,System-70_1,78,79,78,76,73,74,71,70,75,70,71,73,76,76,77,71,75,73,76,71,72,78,77,73,71,74,78,1
702,System-70_2,72,73,71,70,71,72,75,77,78,75,77,79,70,73,79,71,78,75,70,71,75,75,77,73,72,71,79,1
703,System-70_3,72,77,79,77,70,78,74,78,75,76,74,72,79,79,74,75,76,75,72,76,76,77,77,76,71,70,75,1
704,System-70_4,79,73,70,76,74,75,70,76,72,73,79,73,72,79,78,79,76,72,78,70,74,75,77,71,77,79,74,1
705,System-70_5,71,72,77,75,76,75,70,70,71,73,71,76,74,78,71,78,72,79,76,74,79,72,73,72,74,78,75,1
706,System-70_6,78,70,75,72,73,72,79,73,72,73,76,76,71,77,74,71,77,77,72,70,76,72,79,70,70,75,79,1
707,System-70_7,73,78,78,76,76,75,72,71,71,75,71,75,71,73,76,77,75,72,76,75,77,71,76,73,71,72,75,1
708,System-70_8,70,74,75,70,76,72,70,72,78,78,72,71,74,72,70,78,79,74,75,76,77,78,70,75,75,79,74,1
709,System-70_9,74,72,72,71,70,79,72,78,71,74,76,79,72,72,79,78,73,76,77,72,70,77,75,79,78,74,73,1
710,System-71_0,72,77,70,73,71,75,71,78,74,73,77,79,77,71,75,75,71,79,75,78,72,74,76,73,75,73,79,1
711,System-71_1,75,75,72,73,78,79,75,75,79,73,77,75,76,76,79,72,72,71,78,75,79,71,79,78,79,70,72,1
712,System-71_2,77,79,78,72,78,76,70,76,76,70,79,72,78,77,75,76,76,74,79,79,79,73,74,74,77,72,78,1
713,System-71_3,73,72,71,79,74,74,76,73,77,77,71,75,73,72,71,70,72,77,74,78,78,76,74,77,71,74,74,1
714,System-71_4,78,73,78,76,77,76,79,76,77,79,74,74,73,70,73,79,70,75,72,71,72,73,73,75,76,73,72,1
715,System-71_5,74,73,71,73,74,73,70,70,77,70,77,73,76,72,79,75,73,77,76,78,74,75,79,73,74,70,70,1
716,System-71_6,71,77,74,73,78,78,71,73,70,78,72,70,77,70,72,79,71,78,75,71,77,76,72,75,76,72,74,1
717,System-71_7,75,79,76,71,77,73,73,70,77,75,71,76,79,73,78,70,73,77,71,70,72,77,77,72,77,79,70,1
718,System-71_8,79,78,76,76,70,79,78,71,74,70,72,73,74,70,78,73,74,78,79,76,75,75,73,77,72,70,77,1
719,System-71_9,74,70,75,71,75,78,71,77,71,70,72,72,74,77,74,79,77,78,79,74,74,74,79,72,73,70,73,1
720,System-72_0,79,76,73,70,70,75,71,77,73,75,71,79,76,79,75,76,78,74,72,71,73,71,72,76,75,70,77,1
721,System-72_1,73,78,77,72,71,78,74,76,75,77,75,75,78,77,77,74,79,78,71,77,74,73,72,77,70,79,74,1
722,System-72_2,79,79,76,71,77,75,71,71,75,71,74,76,70,76,72,71,73,73,72,77,70,72,76,79,70,73,75,1
723,System-72_3,75,72,71,74,75,70,75,78,79,74,73,70,74,76,72,76,79,74,76,72,78,74,70,73,71,70,78,1
724,System-72_4,70,76,77,71,76,79,76,73,72,71,77,76,79,77,73,79,77,74,70,79,76,75,74,71,76,71,76,1
725,System-72_5,72,71,73,75,70,70,73,74,72,75,77,70,72,70,77,71,75,76,79,75,79,76,71,70,70,74,70,1
726,System-72_6,79,72,76,70,72,70,76,75,73,71,79,73,74,79,75,76,75,78,74,71,72,78,79,76,73,78,79,1
727,System-72_7,79,78,79,78,75,78,73,74,77,76,73,73,70,79,74,72,70,73,79,71,76,71,77,78,74,79,71,1
728,System-72_8,75,75,78,75,73,71,70,76,70,79,71,77,76,75,78,71,73,71,73,78,76,76,76,79,71,71,73,1
729,System-72_9,75,76,74,75,74,72,79,71,74,79,72,70,78,76,71,72,70,70,79,72,75,76,77,79,78,74,75,1
730,System-73_0,79,71,71,77,76,78,79,75,72,75,78,73,79,74,74,75,74,79,75,79,77,71,70,77,78,73,77,1
731,System-73_1,77,76,77,72,71,78,70,71,75,77,76,70,77,77,77,70,76,78,78,75,79,78,73,73,78,73,72,1
732,System-73_2,73,71,79,73,77,79,71,76,78,70,75,76,74,77,79,75,78,75,76,75,70,74,71,73,73,70,72,1
733,System-73_3,77,71,70,78,72,74,78,76,78,73,70,71,73,71,74,72,73,75,73,78,75,76,76,71,76,75,72,1
734,System-73_4,78,75,73,71,74,79,74,72,79,75,77,78,75,78,72,72,75,71,73,73,72,71,71,70,75,79,74,1
735,System-73_5,73,71,79,78,76,73,72,73,74,73,74,78,73,74,73,78,73,72,78,78,71,74,72,72,71,74,77,1
736,System-73_6,72,76,77,75,79,71,72,74,71,78,76,76,71,73,71,73,74,72,70,70,78,77,79,78,75,75,75,1
737,System-73_7,70,74,73,75,75,72,74,71,75,76,77,78,72,71,73,74,72,77,70,73,74,74,78,75,72,77,73,1
738,System-73_8,71,77,79,72,76,71,76,79,70,74,71,77,71,76,77,72,79,77,71,71,77,70,70,70,71,72,75,1
739,System-73_9,74,75,78,76,75,70,73,77,75,79,74,76,77,76,72,70,78,71,78,79,78,73,70,77,72,70,76,1
740,System-74_0,77,75,76,79,74,71,74,72,72,75,77,76,74,71,76,76,71,71,72,70,79,73,73,72,70,71,79,1
741,System-74_1,70,74,71,76,74,78,73,77,72,75,72,73,77,75,72,76,72,75,74,71,71,76,78,72,77,75,70,1
742,System-74_2,78,72,79,76,70,74,72,73,79,77,77,73,75,79,74,70,77,70,77,71,71,70,71,71,70,78,75,1
743,System-74_3,77,79,73,79,71,79,72,72,73,71,74,75,74,71,75,70,75,76,78,71,78,76,76,73,77,76,70,1
744,System-74_4,72,72,72,79,77,75,78,72,73,70,73,74,72,76,76,73,71,75,72,79,73,72,71,75,73,75,75,1
745,System-74_5,79,72,70,78,73,73,71,79,70,76,71,78,74,76,79,72,70,76,70,78,75,73,74,79,76,72,76,1
746,System-74_6,73,79,77,70,78,72,72,71,78,77,72,72,77,77,79,70,73,72,70,75,78,71,72,73,77,74,76,1
747,System-74_7,75,73,73,76,75,76,74,70,76,77,70,75,72,79,73,76,70,78,71,72,78,76,77,76,74,76,75,1
748,System-74_8,73,76,76,72,73,72,79,71,78,73,78,77,79,70,79,75,77,72,73,73,79,77,79,70,73,74,76,1
749,System-74_9,77,78,77,79,72,76,76,73,70,79,73,70,70,72,74,76,75,77,75,71,79,73,74,79,71,78,79,1
750,System-75_0,71,72,79,77,76,72,79,75,71,74,79,78,79,78,76,74,74,77,75,77,73,79,70,75,74,79,76,1
751,System-75_1,71,77,73,74,78,71,79,77,78,78,79,73,72,70,75,77,72,73,72,76,70,76,72,76,72,72,79,1
752,System-75_2,76,76,79,76,77,72,79,79,79,71,79,70,76,75,78,74,72,72,73,77,72,76,70,70,74,78,76,1
753,System-75_3,70,77,79,73,70,72,74,78,79,72,75,75,77,70,77,70,73,72,79,73,74,77,73,71,76,79,73,1
754,System-75_4,73,79,79,73,74,77,74,73,76,78,78,74,76,77,70,74,79,70,72,75,79,78,77,70,73,79,71,1
755,System-75_5,76,77,74,71,71,77,78,79,71,78,70,74,76,74,73,70,71,70,72,75,77,76,78,78,71,74,70,1
756,System-75_6,79,78,70,78,78,72,70,74,72,79,71,76,79,70,76,73,71,74,74,76,75,75,76,76,73,74,79,1
757,System-75_7,72,71,71,75,77,75,74,77,71,78,72,73,76,76,77,73,73,70,74,78,73,79,74,76,71,78,78,1
758,System-75_8,74,71,77,72,76,73,71,73,76,76,74,73,72,71,77,76,73,72,70,71,72,71,72,71,75,71,75,1
759,System-75_9,75,75,78,78,72,75,72,75,71,77,70,73,76,77,73,73,74,70,78,76,77,75,70,70,72,74,75,1
760,System-76_0,74,72,78,75,78,78,78,74,72,74,76,70,74,72,79,77,73,76,73,71,72,75,71,73,75,70,75,1
761,System-76_1,71,79,73,76,76,76,70,77,73,75,71,74,78,78,78,70,72,75,71,75,79,71,70,76,71,77,74,1
762,System-76_2,74,74,72,71,77,71,70,75,72,78,76,72,75,71,77,70,74,73,72,72,75,72,77,78,73,70,74,1
763,System-76_3,78,74,77,76,75,70,73,74,73,78,76,79,76,77,71,76,72,70,72,71,72,71,79,74,72,76,74,1
764,System-76_4,78,72,77,79,70,72,79,78,72,72,72,77,71,79,76,77,75,70,70,71,71,73,70,75,76,70,72,1
765,System-76_5,73,77,74,75,73,70,71,74,70,77,72,72,70,76,71,72,76,78,77,76,74,74,72,79,77,76,71,1
766,System-76_6,76,78,70,74,73,79,70,70,74,75,76,73,78,74,78,77,70,72,78,73,73,76,79,73,78,70,74,1
767,System-76_7,75,78,71,73,76,71,76,78,73,77,75,78,74,70,72,72,73,71,75,70,70,78,77,72,76,75,75,1
768,System-76_8,79,71,75,73,70,71,74,73,79,70,76,73,73,71,72,71,77,75,78,79,79,76,70,75,72,79,74,1
769,System-76_9,79,75,78,70,77,72,74,73,77,73,72,74,77,79,77,72,78,74,72,72,78,76,79,70,73,72,72,1
770,System-77_0,72,79,73,79,74,71,72,70,78,74,73,73,76,75,77,76,70,70,75,71,77,77,76,73,70,79,71,1
771,System-77_1,72,73,70,78,78,72,71,77,74,75,73,72,72,72,73,71,79,72,75,77,71,79,77,74,78,72,73,1
772,System-77_2,75,78,79,72,75,75,75,70,70,78,77,71,70,73,76,75,79,74,76,73,74,77,73,77,71,71,74,1
773,System-77_3,79,70,71,71,71,71,76,73,75,70,70,71,72,79,77,70,74,72,79,79,76,79,70,79,73,70,70,1
774,System-77_4,78,73,75,73,72,73,79,70,72,75,75,70,77,76,74,79,71,78,73,76,79,72,71,73,72,71,70,1
775,System-77_5,77,75,70,75,72,76,71,77,79,73,78,71,71,73,79,75,77,72,77,76,74,79,71,72,74,77,71,1
776,System-77_6,74,79,78,79,76,74,76,72,73,76,71,75,71,73,77,73,71,71,76,77,77,74,75,73,76,75,79,1
777,System-77_7,72,76,72,78,73,79,72,73,73,72,75,77,74,74,73,73,73,78,73,73,74,72,75,76,71,72,78,1
778,System-77_8,73,73,70,71,78,76,75,74,74,73,71,73,78,76,72,74,77,72,77,71,78,76,72,78,74,77,79,1
779,System-77_9,78,72,72,75,73,77,73,79,74,79,76,78,77,77,76,74,71,70,71,73,74,78,76,72,70,79,72,1
780,System-78_0,77,74,76,77,76,78,73,74,79,75,72,78,75,75,71,78,78,77,76,70,79,74,75,78,77,71,78,1
781,System-78_1,71,74,79,78,78,78,73,75,73,75,73,76,79,73,79,72,77,77,73,73,76,74,77,70,74,71,71,1
782,System-78_2,70,77,74,72,73,79,70,76,77,74,73,78,72,74,73,72,73,71,79,74,72,79,78,71,71,71,79,1
783,System-78_3,74,72,75,78,72,73,74,78,74,76,77,75,70,78,76,79,78,77,76,73,74,71,71,70,71,75,79,1
784,System-78_4,72,74,71,70,76,70,79,76,70,79,75,75,75,75,75,72,74,75,74,71,72,75,71,75,71,79,74,1
785,System-78_5,73,74,71,71,78,71,72,70,79,77,75,73,75,73,74,71,73,75,76,74,71,73,77,76,78,76,76,1
786,System-78_6,76,73,73,79,70,78,71,70,72,75,76,75,79,70,73,74,70,74,75,73,75,72,76,78,71,75,79,1
787,System-78_7,76,73,70,73,77,79,75,79,75,75,72,78,73,74,71,72,72,77,74,70,70,79,72,75,76,75,77,1
788,System-78_8,75,72,70,73,72,76,75,75,79,71,75,75,70,73,72,78,74,76,71,79,79,72,72,73,78,76,79,1
789,System-78_9,79,77,78,75,79,73,71,79,78,78,78,71,75,76,71,73,72,75,79,71,78,77,79,70,71,71,70,1
790,System-79_0,71,76,72,70,73,79,77,73,72,74,76,73,79,73,72,74,78,78,77,78,76,70,78,79,76,75,79,1
791,System-79_1,76,73,71,74,75,77,75,74,71,71,77,79,71,75,74,78,70,72,76,78,71,79,75,75,72,75,75,1
792,System-79_2,76,72,77,78,78,76,70,74,74,73,70,76,78,77,73,73,76,73,76,75,74,70,75,74,73,76,77,1
793,System-79_3,73,71,75,71,74,73,74,71,76,72,77,79,79,74,76,76,75,75,77,72,74,78,74,79,71,73,74,1
794,System-79_4,72,73,70,79,75,74,70,75,79,79,75,74,79,74,75,77,76,72,72,73,73,72,71,78,72,71,70,1
795,System-79_5,75,73,77,73,79,73,76,76,71,76,73,75,77,71,73,75,79,74,71,76,74,72,76,79,70,74,72,1
796,System-79_6,72,72,71,71,75,71,74,70,77,77,79,78,78,77,77,70,79,78,72,79,77,73,74,79,71,73,71,1
797,System-79_7,73,72,79,73,70,75,71,73,71,76,73,76,76,78,71,70,74,76,72,74,77,79,77,72,76,75,72,1
798,System-79_8,78,73,77,72,76,72,73,78,79,78,73,76,77,78,74,75,76,71,77,74,78,72,73,76,70,75,71,1
799,System-79_9,70,77,77,78,75,70,79,75,74,75,70,79,78,70,72,75,72,78,75,76,79,74,79,74,79,73,74,1
800,System-80_0,85,88,84,89,85,87,87,82,87,86,84,88,82,80,81,86,88,87,84,82,83,83,84,86,88,82,82,1
801,System-80_1,85,89,88,89,82,89,82,89,80,84,88,88,86,80,84,83,83,81,83,82,85,85,81,89,87,81,87,1
802,System-80_2,82,83,80,87,87,86,80,88,84,84,88,81,89,83,85,82,89,88,89,82,89,88,80,88,87,86,84,1
803,System-80_3,87,88,80,82,87,86,80,85,88,84,81,86,82,86,85,81,84,87,82,87,84,89,86,86,86,84,84,1
804,System-80_4,88,87,88,81,86,85,83,85,86,85,86,86,89,85,88,81,85,81,81,84,85,84,81,89,80,86,86,1
805,System-80_5,89,88,88,84,83,84,85,89,88,89,87,86,82,80,84,81,88,86,81,83,81,87,89,85,83,89,83,1
806,System-80_6,83,86,85,85,86,87,83,84,80,89,83,82,84,88,82,80,80,80,81,87,84,85,81,80,82,81,89,1
807,System-80_7,89,88,84,86,84,84,87,86,82,84,82,86,81,81,82,80,86,83,83,88,87,86,81,88,85,80,87,1
808,System-80_8,85,89,85,81,81,88,81,83,87,81,87,81,83,83,80,80,86,85,89,85,84,87,85,82,82,80,89,1
809,System-80_9,87,85,84,82,85,85,81,87,85,89,84,83,89,80,88,83,87,82,88,84,80,83,84,82,85,81,88,1
810,System-81_0,87,86,82,88,85,81,81,83,82,81,87,80,82,84,89,81,89,88,86,82,82,86,81,80,89,88,80,1
811,System-81_1,81,82,85,86,82,86,81,82,89,84,88,81,88,87,81,86,83,82,85,86,82,80,89,83,88,80,89,1
812,System-81_2,89,80,89,89,87,89,87,81,89,85,83,81,82,85,80,80,82,82,81,88,86,89,84,84,83,87,84,1
813,System-81_3,84,88,80,82,85,80,81,83,88,83,87,87,81,87,89,80,81,81,89,89,83,87,80,80,82,82,82,1
814,System-81_4,81,85,87,87,89,80,86,86,85,84,86,83,84,80,83,80,85,81,89,80,83,80,85,88,80,86,84,1
815,System-81_5,82,85,81,81,88,82,85,85,88,81,87,80,80,86,89,87,89,80,88,87,80,84,83,81,86,86,87,1
816,System-81_6,81,82,88,89,84,86,85,89,89,85,89,80,86,86,87,84,84,83,87,83,81,80,80,87,89,89,89,1
817,System-81_7,89,80,87,86,82,87,84,83,83,89,88,88,83,84,85,89,85,82,80,81,84,82,85,80,84,89,82,1
818,System-81_8,81,87,84,85,86,80,89,86,85,84,82,88,81,84,87,88,85,87,87,83,83,86,88,82,88,80,86,1
819,System-81_9,83,80,85,82,80,88,85,80,89,84,89,85,85,83,85,85,86,82,89,80,88,81,81,86,86,86,83,1
820,System-82_0,80,86,80,88,87,80,84,80,87,82,83,83,87,81,83,82,89,87,83,86,81,80,83,81,80,82,85,1
821,System-82_1,80,80,86,86,84,80,88,80,82,86,83,82,81,80,88,86,83,80,84,87,89,86,80,82,82,88,86,1
822,System-82_2,88,81,83,85,81,82,80,86,80,85,85,84,82,88,86,83,85,88,88,88,83,87,87,89,88,88,89,1
823,System-82_3,89,82,83,86,85,84,83,82,81,87,86,80,80,83,88,80,81,84,83,81,81,80,85,86,80,83,86,1
824,System-82_4,89,82,87,86,89,89,88,80,86,85,86,88,85,87,88,85,86,85,83,82,81,85,89,80,85,80,81,1
825,System-82_5,84,80,85,83,84,83,85,81,82,83,83,83,82,87,83,82,87,88,89,84,88,87,85,87,83,87,83,1
826,System-82_6,81,80,85,83,86,82,85,85,89,87,87,80,85,81,88,86,86,81,86,89,89,85,86,86,82,82,85,1
827,System-82_7,87,85,81,80,89,86,89,83,88,83,88,83,85,83,83,87,87,84,85,89,87,84,87,89,84,84,80,1
828,System-82_8,81,84,80,83,82,88,88,84,87,80,87,83,86,80,83,88,87,85,83,87,84,86,84,80,81,84,80,1
829,System-82_9,84,87,84,88,81,80,86,87,88,80,80,89,88,89,86,87,89,86,83,81,88,87,87,87,86,81,87,1
830,System-83_0,82,89,86,80,84,83,89,85,87,86,85,87,80,85,81,85,87,88,82,83,81,81,81,88,81,89,86,1
831,System-83_1,82,88,89,88,89,88,88,86,80,83,81,83,87,88,86,81,85,89,81,85,83,85,87,82,89,87,86,1
832,System-83_2,88,85,87,87,81,85,86,88,84,87,84,83,84,89,83,84,83,85,88,85,82,84,83,88,87,85,81,1
833,System-83_3,89,80,84,86,81,85,89,80,87,83,83,87,83,82,88,82,89,87,80,80,82,86,87,89,84,81,87,1
834,System-83_4,86,81,85,81,84,87,86,81,81,81,86,87,86,80,88,87,87,83,87,80,89,82,87,84,83,85,89,1
835,System-83_5,87,87,88,89,82,83,80,86,81,80,87,80,88,80,82,81,83,87,85,80,86,87,83,88,88,85,84,1
836,System-83_6,84,82,84,82,89,83,89,84,89,82,81,84,86,84,83,83,82,85,82,85,89,89,88,81,80,80,87,1
837,System-83_7,83,87,89,81,84,82,87,86,89,84,82,84,86,85,87,89,83,81,88,88,84,85,81,80,88,86,89,1
838,System-83_8,87,84,88,85,89,86,82,83,88,81,86,81,86,84,89,89,85,81,82,87,87,89,83,80,80,83,81,1
839,System-83_9,80,85,84,85,87,84,80,83,89,83,89,87,88,80,88,80,80,84,87,86,84,82,89,80,82,87,80,1
840,System-84_0,80,88,83,89,80,83,80,80,82,85,87,87,83,82,85,85,86,80,86,82,89,88,84,87,85,82,81,1
841,System-84_1,83,87,87,87,82,87,83,85,89,85,80,83,83,80,88,80,80,82,84,82,82,83,81,80,81,89,88,1
842,System-84_2,87,84,89,82,83,80,82,84,84,84,84,80,86,87,84,83,84,81,86,81,83,87,85,84,82,87,82,1
843,System-84_3,83,80,89,82,84,82,86,88,81,88,84,82,85,84,89,80,83,89,88,85,87,87,86,85,81,82,87,1
844,System-84_4,85,81,81,86,89,81,88,80,81,89,82,83,85,81,83,83,86,81,88,88,82,89,83,85,87,84,87,1
845,System-84_5,85,86,85,87,83,82,89,81,82,86,84,80,87,84,85,82,81,88,84,83,88,84,88,88,83,86,80,1
846,System-84_6,85,88,88,84,87,88,80,85,82,88,86,84,81,85,86,86,85,80,86,81,81,88,89,87,81,84,85,1
847,System-84_7,83,84,89,82,89,88,89,87,86,89,84,83,80,88,84,89,87,87,83,85,88,86,88,88,82,87,83,1
848,System-84_8,89,89,84,84,82,83,82,80,85,81,84,85,88,88,80,84,80,87,88,85,86,87,80,81,85,88,85,1
849,System-84_9,88,81,85,83,87,82,85,85,86,87,84,80,83,81,86,85,87,84,85,88,87,88,88,86,86,89,81,1
850,System-85_0,87,87,82,86,81,86,87,83,82,83,88,80,89,80,82,85,86,82,84,87,89,87,88,88,85,88,82,1
851,System-85_1,89,85,84,81,84,87,80,80,87,85,88,84,84,85,82,85,84,84,87,86,83,87,81,85,88,81,87,1
852,System-85_2,84,80,84,85,81,85,81,87,80,89,85,80,85,89,84,87,89,85,81,87,80,81,86,80,86,88,88,1
853,System-85_3,85,86,82,83,86,83,81,87,89,80,82,81,80,81,82,82,81,86,86,85,83,83,86,86,84,84,85,1
854,System-85_4,84,88,89,82,84,86,87,86,89,80,84,85,83,84,82,87,82,85,85,83,88,80,82,87,86,88,85,1
855,System-85_5,84,89,88,83,81,87,84,81,89,80,87,88,80,85,89,86,81,80,89,84,82,87,82,81,88,87,83,1
856,System-85_6,82,88,85,81,85,84,85,83,88,82,80,89,82,81,81,84,84,83,80,80,89,82,88,82,86,84,83,1
857,System-85_7,81,87,89,80,84,80,87,86,87,88,80,82,86,86,83,86,80,86,82,87,88,81,88,87,84,80,83,1
858,System-85_8,80,82,87,89,82,82,81,86,88,87,82,84,85,84,81,87,83,82,84,82,80,80,84,81,81,86,89,1
859,System-85_9,82,87,81,80,82,85,85,86,82,83,89,85,84,85,85,88,82,82,86,82,86,81,84,87,80,84,85,1
860,System-86_0,87,82,89,84,85,89,82,83,80,89,84,86,89,89,87,85,84,87,89,80,89,81,83,80,80,86,84,1
861,System-86_1,89,89,80,85,85,88,85,84,89,86,85,83,82,88,87,85,83,80,87,84,84,83,85,84,85,89,88,1
862,System-86_2,87,80,86,83,83,81,89,84,87,82,83,86,83,80,88,81,88,80,86,80,80,81,83,83,82,87,86,1
863,System-86_3,86,88,83,80,85,89,84,84,89,87,87,86,89,87,82,87,86,82,82,83,87,84,85,85,81,88,81,1
864,System-86_4,84,84,84,85,80,88,89,89,80,83,88,89,89,81,84,85,85,89,86,84,83,85,80,83,86,85,80,1
865,System-86_5,81,80,89,84,86,82,87,89,84,81,86,85,84,81,84,85,89,82,83,88,87,86,81,86,89,80,82,1
866,System-86_6,85,82,84,82,87,84,83,87,80,82,81,84,83,86,87,84,84,80,85,81,88,89,83,87,87,89,80,1
867,System-86_7,80,88,85,88,85,80,84,81,86,88,88,85,81,89,88,84,85,82,81,87,81,80,85,80,83,87,83,1
868,System-86_8,87,80,81,85,86,85,83,89,89,82,80,81,85,86,86,85,84,83,84,89,84,85,86,84,80,84,81,1
869,System-86_9,88,84,83,88,81,84,82,81,84,83,86,87,82,89,89,85,83,89,88,80,81,85,84,83,87,88,86,1
870,System-87_0,81,85,80,89,82,85,80,86,83,88,87,80,85,85,84,86,82,86,86,87,86,85,83,80,81,88,81,1
871,System-87_1,88,83,82,86,89,80,81,86,88,88,88,84,87,87,81,87,83,84,85,88,80,88,89,89,89,83,87,1
872,System-87_2,81,80,89,88,84,88,84,83,86,81,83,87,89,81,87,82,80,80,86,87,86,80,82,80,88,85,84,1
873,System-87_3,87,83,88,81,84,89,87,82,88,88,89,84,82,81,89,82,85,89,89,88,82,83,80,88,85,80,80,1
874,System-87_4,84,82,81,89,81,85,80,84,84,86,88,80,83,80,86,84,83,85,83,80,85,81,85,83,83,87,81,1
875,System-87_5,82,87,88,82,82,82,87,83,82,80,86,85,81,84,80,82,88,89,82,80,85,82,82,82,81,89,86,1
876,System-87_6,82,84,83,88,84,89,87,83,81,81,87,89,89,82,88,88,83,80,81,88,83,87,86,85,87,87,81,1
877,System-87_7,81,87,87,87,84,88,86,89,86,89,81,85,87,84,89,86,86,87,83,83,82,85,83,85,85,88,80,1
878,System-87_8,82,87,87,81,87,85,83,83,81,81,88,88,86,84,82,87,86,86,81,88,81,87,84,83,89,81,89,1
879,System-87_9,81,89,84,84,81,89,88,82,81,81,80,83,87,80,84,87,86,81,86,84,80,89,82,88,87,86,89,1
880,System-88_0,84,84,85,83,81,88,83,88,89,87,80,84,85,87,87,85,86,87,80,83,85,86,87,88,80,89,81,1
881,System-88_1,83,85,87,89,84,84,89,81,85,88,82,82,88,87,84,86,80,80,89,85,81,80,82,82,89,80,84,1
882,System-88_2,84,85,82,82,83,80,84,87,89,89,87,82,82,88,81,82,88,81,85,85,84,86,80,86,80,85,82,1
883,System-88_3,81,80,87,81,87,83,80,88,83,88,83,82,83,88,85,87,84,81,86,86,88,80,85,84,84,84,80,1
884,System-88_4,80,82,88,80,89,87,85,86,80,83,89,83,88,87,86,80,82,85,84,85,84,87,85,86,81,89,88,1
885,System-88_5,80,84,85,89,80,81,88,88,84,84,87,84,81,82,84,89,84,84,80,87,82,87,81,86,81,86,82,1
886,System-88_6,83,80,87,84,85,85,80,89,88,86,82,83,80,87,81,84,85,88,80,88,86,88,88,85,86,80,80,1
887,System-88_7,86,81,89,80,81,87,82,81,81,80,83,82,81,82,88,80,82,81,84,81,88,81,85,86,83,88,81,1
888,System-88_8,84,85,89,82,88,88,84,88,84,81,87,82,88,84,83,87,88,89,85,82,84,84,86,88,89,89,84,1
889,System-88_9,80,89,82,86,85,86,80,81,87,85,80,80,83,86,88,80,87,81,89,89,87,81,83,89,83,82,81,1
890,System-89_0,88,85,88,81,82,86,88,82,87,88,86,81,80,85,84,88,89,81,87,87,86,83,89,81,81,85,82,1
891,System-89_1,80,85,81,87,88,87,81,84,82,81,88,89,85,89,81,83,87,89,85,85,83,81,82,86,83,81,81,1
892,System-89_2,80,85,81,88,87,81,88,85,86,88,88,82,85,85,89,83,83,88,89,83,81,87,86,84,89,83,81,1
893,System-89_3,88,87,81,84,87,83,86,82,86,82,85,84,86,83,85,80,82,81,81,84,80,85,80,87,88,87,88,1
894,System-89_4,82,81,85,89,89,88,85,88,84,87,84,84,88,82,88,86,82,88,85,89,89,80,83,80,80,89,82,1
895,System-89_5,83,86,84,85,87,85,84,85,88,86,86,89,85,87,83,88,89,81,88,88,89,87,89,84,88,80,88,1
896,System-89_6,84,83,87,83,82,82,83,87,88,88,85,86,88,84,87,84,88,85,88,85,81,84,82,80,86,86,81,1
897,System-89_7,89,89,87,80,88,86,82,84,84,87,83,83,84,84,80,84,85,84,86,89,86,81,83,84,80,89,84,1
898,System-89_8,88,85,84,82,85,81,81,84,81,87,80,84,86,89,82,80,84,83,84,85,81,89,87,83,80,80,86,1
899,System-89_9,80,86,86,83,81,89,84,88,85,86,82,84,83,83,88,84,82,80,86,86,84,87,86,86,87,82,85,1
900,System-90_0,92,98,98,90,97,100,91,91,91,98,95,93,94,94,97,97,100,96,91,92,100,93,95,98,97,95,91,1
901,System-90_1,95,100,92,91,96,94,98,90,100,97,93,100,97,96,90,90,94,94,95,95,90,96,92,92,97,94,92,1
902,System-90_2,95,96,93,91,100,98,93,98,95,98,94,92,93,93,94,94,99,100,96,97,100,96,93,96,93,90,94,1
903,System-90_3,95,91,100,99,94,90,96,91,98,100,96,98,98,94,97,96,90,100,94,90,98,99,96,91,93,97,100,1
904,System-90_4,94,96,91,92,99,91,100,91,92,94,93,99,100,90,92,92,98,93,91,91,90,94,95,96,97,95,91,1
905,System-90_5,96,98,92,98,94,98,97,98,97,91,99,97,97,99,97,90,93,94,90,99,95,100,94,94,98,90,93,1
906,System-90_6,91,93,99,100,95,96,98,94,90,99,97,99,99,97,98,96,91,98,91,97,93,98,92,93,97,91,92,1
907,System-90_7,94,94,90,98,94,92,98,99,91,97,95,92,97,99,94,97,100,95,93,96,95,97,93,96,99,96,90,1
908,System-90_8,91,91,93,99,91,97,90,91,95,90,99,91,100,95,97,94,99,96,92,96,93,97,97,97,98,96,90,1
909,System-90_9,93,91,98,90,95,96,92,99,99,98,91,94,98,94,95,94,94,98,98,95,96,91,94,94,91,100,91,1
910,System-91_0,93,98,99,93,99,98,92,90,90,92,97,92,96,100,98,91,91,91,91,96,99,93,95,93,91,91,90,1
911,System-91_1,93,91,94,92,100,92,99,94,90,97,92,93,96,95,93,94,95,90,99,99,98,97,93,94,97,100,100,1
912,System-91_2,96,94,94,90,94,98,93,90,94,97,98,95,100,98,94,96,95,99,94,92,95,93,92,95,99,95,94,1
913,System-91_3,93,94,99,97,94,96,93,96,93,100,92,100,99,99,98,91,92,98,92,90,97,93,99,91,92,95,93,1
914,System-91_4,94,98,98,99,94,98,90,90,98,100,96,92,91,98,96,99,96,92,94,95,90,90,97,91,97,96,96,1
915,System-91_5,97,90,95,94,90,92,93,90,98,92,99,96,95,99,99,93,91,95,100,91,94,98,100,98,100,100,96,1
916,System-91_6,97,90,99,95,90,93,90,95,96,95,92,99,91,96,96,96,95,95,91,90,98,91,93,95,98,98,93,1
917,System-91_7,90,93,97,97,99,100,96,97,93,94,96,98,100,98,96,91,94,100,93,90,97,96,91,100,96,91,100,1
918,System-91_8,91,91,100,96,96,97,95,100,96,91,90,91,96,93,100,96,98,98,93,94,96,95,99,95,100,98,93,1
919,System-91_9,95,92,100,91,92,99,95,94,90,90,99,97,94,96,98,100,95,90,98,90,91,95,100,97,93,98,99,1
920,System-92_0,98,95,92,92,93,95,98,97,99,100,92,98,92,93,92,94,97,99,93,98,92,100,99,98,92,91,97,1
921,System-92_1,100,99,96,92,92,98,90,94,93,90,98,94,99,92,92,95,96,98,96,96,93,95,97,92,99,96,94,1
922,System-92_2,92,91,100,97,90,91,98,98,99,91,90,93,96,90,93,99,92,98,100,96,90,94,92,92,96,96,100,1
923,System-92_3,93,95,96,92,98,98,93,100,92,97,97,90,96,92,93,98,94,94,90,92,98,97,92,98,92,94,98,1
924,System-92_4,93,92,97,91,98,99,95,100,92,93,98,95,95,90,96,93,93,92,92,94,91,90,95,99,91,100,92,1
925,System-92_5,95,99,91,98,91,93,100,100,97,93,100,92,97,91,90,95,99,96,96,92,92,99,95,97,98,99,98,1
926,System-92_6,97,99,95,92,94,99,96,90,92,99,94,99,100,96,92,100,92,98,94,99,98,97,96,94,97,91,90,1
927,System-92_7,99,93,93,95,92,98,100,94,93,95,92,92,91,98,93,96,99,95,94,97,100,90,92,91,95,90,99,1
928,System-92_8,92,94,91,99,97,100,92,96,90,93,98,93,100,94,98,93,96,90,92,93,94,99,97,95,100,97,97,1
929,System-92_9,98,100,93,91,100,99,98,94,93,91,96,100,100,97,90,97,98,96,91,96,96,97,100,93,93,91,90,1
930,System-93_0,93,90,93,90,98,92,94,99,99,99,91,97,97,94,100,90,90,90,100,97,93,90,99,97,97,97,90,1
931,System-93_1,98,94,97,93,96,97,97,100,100,97,99,97,100,96,92,91,94,94,99,94,92,99,97,99,92,96,99,1
932,System-93_2,100,91,98,91,93,99,98,98,100,96,100,94,95,97,91,96,99,99,99,95,91,97,96,99,93,93,90,1
933,System-93_3,97,96,96,90,93,90,96,97,98,99,93,100,100,97,98,93,98,92,96,92,98,92,96,99,98,100,99,1
934,System-93_4,97,91,90,94,100,94,94,100,94,98,96,90,93,93,94,92,99,93,99,96,98,99,96,95,91,95,92,1
935,System-93_5,97,95,98,94,100,93,99,93,91,92,90,98,98,91,90,96,99,98,94,91,96,96,92,93,93,100,100,1
936,System-93_6,95,91,90,99,99,96,98,90,98,98,96,100,94,92,93,94,97,94,97,95,95,100,98,91,90,95,98,1
937,System-93_7,100,94,91,93,94,94,99,95,93,99,95,90,91,93,92,95,96,98,100,97,100,90,100,93,96,92,91,1
938,System-93_8,98,99,95,96,90,98,95,91,95,95,99,98,95,95,96,96,91,100,100,94,99,98,92,95,99,94,94,1
939,System-93_9,94,100,97,94,97,99,100,100,90,95,100,93,93,97,94,92,94,93,94,93,93,99,98,94,97,90,99,1
940,System-94_0,97,91,100,95,97,100,91,92,93,99,97,98,95,99,98,96,99,97,100,96,98,90,97,91,91,95,95,1
941,System-94_1,92,98,96,94,99,99,96,94,94,95,95,91,91,93,95,96,99,90,95,91,96,98,95,91,96,90,93,1
942,System-94_2,95,90,97,94,98,93,90,92,92,94,95,96,100,99,90,99,91,94,91,90,96,97,92,91,96,95,93,1
943,System-94_3,91,97,98,97,97,93,100,100,97,96,91,97,91,95,93,97,95,99,98,100,100,93,96,90,92,93,99,1
944,System-94_4,100,93,98,97,90,90,94,94,96,92,95,100,91,91,98,93,98,96,92,95,97,93,91,92,92,98,99,1
945,System-94_5,96,95,93,93,92,100,97,92,92,93,95,100,98,92,99,93,94,93,94,97,93,93,94,90,91,91,100,1
946,System-94_6,97,92,97,91,93,91,96,97,100,93,98,96,99,95,90,95,98,91,98,93,92,95,97,94,90,94,97,1
947,System-94_7,91,91,94,98,92,95,99,90,98,100,96,98,90,95,99,100,100,97,96,90,94,91,93,98,93,99,93,1
948,System-94_8,96,94,94,95,90,94,95,99,100,93,96,99,97,98,97,96,96,91,98,90,97,100,95,91,100,94,100,1
949,System-94_9,98,96,92,95,91,90,96,96,91,98,99,95,97,96,96,92,92,92,100,91,96,95,95,97,95,96,95,1
950,System-95_0,93,99,94,92,99,95,90,93,91,96,98,97,95,95,99,96,90,92,93,90,90,91,90,94,98,94,98,1
951,System-95_1,96,98,90,90,91,92,96,91,91,90,92,100,90,93,92,91,90,100,96,100,93,90,98,92,92,99,99,1
952,System-95_2,97,92,99,93,91,90,91,97,100,99,91,91,91,96,91,90,92,92,95,96,97,93,97,95,97,100,100,1
953,System-95_3,100,98,100,99,98,99,95,95,98,93,95,100,95,98,90,99,92,90,96,95,93,90,93,93,98,92,96,1
954,System-95_4,96,97,95,94,97,94,100,96,97,98,95,100,98,95,98,91,93,91,97,100,96,100,91,93,97,91,99,1
955,System-95_5,91,96,97,95,98,93,91,95,90,97,94,95,98,94,100,95,95,91,99,96,91,97,91,97,96,91,91,1
956,System-95_6,97,94,97,90,90,90,97,96,98,99,92,94,94,90,97,97,96,98,98,97,95,95,96,100,99,97,96,1
957,System-95_7,98,97,98,94,90,92,91,98,93,91,93,92,94,92,100,91,98,97,97,91,92,100,92,92,99,99,94,1
958,System-95_8,90,97,92,90,94,91,100,94,92,94,94,93,95,100,95,91,92,96,94,98,90,91,95,95,92,97,98,1
959,System-95_9,100,92,92,98,98,98,98,93,95,90,94,98,91,100,100,98,99,100,100,99,98,93,97,91,98,94,90,1
960,System-96_0,96,92,100,97,99,92,96,96,95,97,92,98,99,95,99,94,97,96,96,98,93,99,94,97,94,99,98,1
961,System-96_1,93,93,94,95,95,91,93,97,90,97,98,99,99,90,98,95,92,92,95,99,99,91,97,93,91,96,100,1
962,System-96_2,95,95,91,94,90,96,94,95,90,95,97,92,91,94,95,99,92,91,100,97,93,100,91,95,96,100,90,1
963,System-96_3,100,91,90,92,96,95,91,97,96,97,94,99,95,93,90,96,100,98,98,98,95,97,95,92,99,98,90,1
964,System-96_4,95,92,99,95,95,97,93,92,95,90,95,95,91,98,98,98,95,98,94,91,91,93,97,97,99,96,94,1
965,System-96_5,94,97,91,94,97,96,90,100,96,91,98,96,91,90,93,99,96,90,94,92,97,97,98,90,90,95,98,1
966,System-96_6,99,91,94,91,96,100,94,96,97,92,92,93,93,100,95,90,95,95,93,93,96,99,93,93,98,98,95,1
967,System-96_7,98,94,100,90,92,93,94,98,93,98,98,94,92,96,90,99,100,95,93,94,96,90,96,93,92,91,94,1
968,System-96_8,97,99,97,92,100,95,90,97,97,93,95,91,96,100,100,96,97,91,92,99,95,90,93,96,92,95,95,1
969,System-96_9,96,95,98,100,93,92,100,90,99,95,99,94,95,100,97,92,92,100,96,90,100,100,96,94,99,92,95,1
970,System-97_0,98,99,93,98,99,99,96,94,94,91,95,92,91,90,94,90,94,91,93,90,92,93,99,90,91,100,95,1
971,System-97_1,91,98,97,90,93,93,92,96,91,93,95,99,93,97,92,93,92,99,97,92,96,92,95,93,90,94,96,1
972,System-97_2,97,92,90,100,98,91,91,94,96,94,98,100,92,100,95,99,91,93,95,100,99,97,92,100,95,94,94,1
973,System-97_3,92,97,97,94,93,92,95,98,90,91,97,99,91,99,98,95,96,94,90,93,94,95,99,94,100,91,91,1
974,System-97_4,96,90,94,93,93,96,94,98,100,95,92,90,100,92,90,100,91,91,90,98,96,97,95,92,96,91,96,1
975,System-97_5,96,100,98,91,93,100,97,94,90,92,95,97,90,100,98,96,93,99,94,99,92,100,100,90,96,92,98,1
976,System-97_6,99,97,94,90,94,97,93,91,96,94,98,100,95,97,97,93,92,95,99,94,97,90,93,91,94,99,92,1
977,System-97_7,93,96,96,98,92,97,91,96,98,91,99,92,90,92,94,94,95,96,94,99,92,91,100,100,90,99,98,1
978,System-97_8,97,95,95,94,96,97,98,96,91,100,97,91,90,99,97,94,99,91,92,93,95,95,98,90,93,98,98,1
979,System-97_9,92,100,91,99,97,92,95,98,96,100,98,98,100,93,93,91,94,100,100,97,95,92,98,99,93,91,92,1
980,System-98_0,94,90,98,92,96,100,92,100,99,98,95,96,91,95,90,93,91,100,97,91,99,93,92,93,91,99,97,1
981,System-98_1,94,93,95,95,90,91,93,93,98,95,95,92,91,99,94,97,97,96,91,99,94,98,93,91,94,94,100,1
982,System-98_2,90,95,96,97,93,96,96,99,90,96,97,99,93,96,92,100,97,99,92,99,98,98,99,96,91,90,98,1
983,System-98_3,99,97,98,90,99,90,91,99,91,94,92,90,100,91,99,99,98,98,94,97,90,96,91,94,98,99,94,1
984,System-98_4,92,94,99,93,96,99,92,97,94,99,91,99,92,97,95,94,91,98,97,95,97,99,99,91,92,93,98,1
985,System-98_5,99,99,92,91,99,91,93,90,93,96,97,96,96,99,96,97,95,95,92,94,95,91,100,96,94,98,92,1
986,System-98_6,93,98,91,98,100,91,95,99,93,90,99,100,91,90,91,90,93,95,95,93,91,96,94,95,97,93,98,1
987,System-98_7,97,90,94,94,99,100,100,95,93,98,100,94,99,92,99,99,100,97,94,93,90,98,100,97,93,93,99,1
988,System-98_8,97,97,92,91,100,94,96,93,100,100,91,100,99,97,95,95,100,92,98,100,90,97,98,90,100,98,90,1
989,System-98_9,100,96,90,99,100,93,100,94,93,95,92,98,98,93,92,99,93,97,90,92,91,90,100,92,100,94,92,1
990,System-99_0,99,90,93,92,90,91,95,98,100,95,92,90,99,91,96,94,91,96,96,96,99,98,100,90,99,98,91,1
991,System-99_1,90,99,90,93,91,90,92,100,97,99,90,99,97,95,95,98,94,90,92,90,91,98,97,93,92,93,99,1
992,System-99_2,94,99,95,97,95,98,90,96,91,91,90,93,95,95,93,97,90,98,90,94,91,99,99,94,99,96,91,1
993,System-99_3,100,100,99,98,94,95,96,90,100,91,90,98,94,90,92,93,93,92,94,95,98,97,97,91,94,100,92,1
994,System-99_4,91,100,98,96,94,99,100,96,96,91,94,90,99,98,97,97,91,99,94,97,91,99,94,93,91,97,90,1
995,System-99_5,97,98,97,96,95,98,90,100,100,97,100,90,99,98,96,98,94,93,93,91,91,100,91,100,98,91,95,1
996,System-99_6,95,95,94,91,99,92,94,95,94,96,99,94,91,92,94,97,95,97,93,95,91,94,95,94,92,95,94,1
997,System-99_7,90,95,93,100,92,99,97,95,95,92,97,94,100,95,92,90,100,98,97,95,99,96,98,94,100,95,98,1
998,System-99_8,97,100,100,100,97,92,95,90,98,90,100,98,97,93,94,92,91,99,95,94,98,90,90,97,91,96,92,1
999,System-99_9,92,92,95,91,94,100,92,92,98,91,92,99,95,99,93,96,97,90,99,98,99,91,98,97,95,95,98,1
