SystemName,1.1.1,1.1.2,1.1.3,1.2.1,1.2.2,1.2.3,1.3.1,1.3.2,1.3.3,1.4.1,1.4.2,1.4.3,1.5.1,1.5.2,1.5.3,1.6.1,1.6.2,1.6.3,1.7.1,1.7.2,1.7.3,1.8.1,1.8.2,1.8.3,1.9.1,1.9.2,1.9.3,Result,Compliance Status
System-0,63,2,27,22,73,67,89,8,42,2,21,50,2,19,64,54,22,58,80,0,80,69,34,15,95,33,9,41,0
System-1,42,6,38,99,52,97,86,1,72,68,53,26,64,11,43,45,95,87,26,50,17,91,87,29,63,60,15,53,0
System-2,86,24,19,44,42,27,24,92,44,86,55,5,99,83,96,92,84,16,48,21,40,5,37,98,26,78,45,52,0
System-3,60,71,20,63,26,48,90,84,9,42,27,0,77,63,26,74,55,42,0,7,88,90,54,83,58,14,12,48,0
System-4,74,67,36,6,66,33,31,84,71,30,30,40,40,29,12,42,94,67,90,61,30,54,0,28,42,57,65,47,0
System-5,13,23,69,70,6,40,54,41,20,42,90,58,69,85,76,38,0,35,75,85,95,41,74,54,60,22,21,50,0
System-6,98,96,99,84,97,91,89,86,97,87,82,80,84,81,90,86,84,83,88,86,87,92,88,90,98,99,82,89,1
System-7,5,94,47,82,40,7,62,5,14,56,30,99,11,76,60,79,22,52,45,44,86,99,30,62,60,74,94,53,0
System-8,28,94,81,55,45,31,32,97,40,51,98,65,54,41,18,36,75,62,75,20,54,92,43,69,12,97,60,56,0
System-9,96,98,93,93,94,83,82,99,98,89,83,99,88,81,98,96,85,86,80,83,86,95,97,99,92,97,99,91,1
System-10,29,74,17,13,53,97,53,91,83,25,82,48,80,74,33,11,96,14,96,86,72,97,96,80,36,79,1,60,0
System-11,32,14,90,0,85,14,12,25,17,66,2,1,78,23,32,17,5,74,52,74,47,77,51,10,50,94,4,39,0
System-12,36,76,57,80,84,97,81,61,64,2,92,82,26,18,70,30,33,0,86,56,40,14,63,3,74,21,41,51,0
System-13,51,11,50,90,34,72,81,81,23,14,19,60,76,65,17,77,49,75,75,44,92,56,63,62,86,62,15,56,0
System-14,82,73,68,52,64,42,36,36,18,21,94,48,22,13,7,84,10,77,83,88,3,33,76,13,37,16,83,47,0
System-15,54,72,52,11,28,30,4,41,79,45,11,90,59,1,51,24,14,42,61,24,41,66,8,97,6,52,50,41,0
System-16,35,4,87,35,99,27,98,94,7,63,36,80,67,95,14,60,78,3,6,77,36,38,56,60,67,94,37,54,0
System-17,91,5,12,15,16,32,70,34,94,89,84,25,63,55,12,30,53,50,16,94,15,65,72,60,84,56,82,51,0
System-18,36,40,57,19,55,7,50,76,27,98,68,11,97,39,79,33,93,75,19,50,50,4,13,33,47,45,60,47,0
System-19,97,29,28,20,70,31,34,93,79,27,12,67,37,98,81,95,80,29,28,71,34,44,25,47,20,53,93,53,0
System-20,82,51,8,66,18,14,32,24,26,23,75,95,30,72,1,65,69,6,11,30,40,50,89,70,31,11,91,44,0
System-21,53,65,34,17,53,52,72,22,0,2,29,67,54,53,82,24,34,27,93,72,11,80,41,76,88,1,20,45,0
System-22,47,86,33,95,1,93,96,11,99,47,24,60,20,91,55,77,38,53,35,26,51,49,9,98,46,83,91,56,0
System-23,37,40,56,99,22,68,84,65,85,75,9,37,55,5,0,17,49,43,78,56,85,9,52,4,21,86,88,49,0
System-24,9,59,32,38,29,38,8,90,90,97,57,16,38,13,30,49,6,43,42,48,7,25,24,62,59,19,10,38,0
System-25,67,39,75,96,43,1,25,51,51,58,57,44,39,77,58,50,34,2,10,41,96,11,94,14,31,45,20,46,0
System-26,99,55,48,14,31,45,5,35,0,13,81,96,50,49,68,41,83,48,8,3,76,29,27,53,16,45,74,44,0
System-27,27,93,36,95,32,0,77,73,73,45,66,35,6,53,21,42,21,26,82,33,57,56,48,34,68,4,9,45,0
System-28,27,8,55,60,60,77,69,84,65,30,51,50,74,29,5,89,95,49,11,49,59,52,97,98,93,13,86,57,0
System-29,56,36,25,10,57,72,22,50,4,86,24,47,38,15,93,85,55,91,74,41,32,41,72,27,7,37,50,46,0
System-30,20,77,58,15,16,46,40,53,96,20,30,26,11,15,68,82,69,4,83,32,9,24,35,51,67,26,99,43,0
System-31,89,77,5,99,52,76,99,97,10,65,26,81,91,5,99,21,84,79,35,83,84,17,59,80,69,91,2,62,0
System-32,23,98,16,88,8,70,63,88,44,26,24,6,25,10,0,38,73,96,88,49,37,54,10,47,86,65,68,48,0
System-33,58,55,84,81,41,53,86,47,88,47,7,90,71,50,90,80,67,62,12,75,17,98,97,80,12,42,98,63,0
System-34,82,51,15,31,50,13,85,87,2,19,83,83,24,45,91,70,27,82,50,63,12,3,37,59,17,87,58,49,0
System-35,97,82,92,87,84,80,84,89,90,83,93,98,87,95,82,96,90,82,92,90,93,91,94,94,90,97,84,89,1
System-36,88,99,34,90,35,18,94,91,40,22,72,13,73,58,16,36,65,3,87,25,53,4,99,66,65,1,68,52,0
System-37,40,96,27,38,85,79,64,79,11,69,5,94,15,41,59,80,67,18,37,35,2,68,83,97,13,92,11,52,0
System-38,99,90,94,96,81,89,85,95,92,95,89,94,96,85,91,83,89,82,84,92,98,95,88,96,93,80,87,90,1
System-39,19,75,16,28,25,83,69,29,75,3,81,10,86,73,86,74,56,23,78,79,28,66,92,38,95,97,31,56,0
System-40,84,97,85,84,97,83,82,85,95,99,99,95,80,81,91,91,84,89,92,93,93,92,95,89,98,83,97,90,1
System-41,22,83,19,18,79,85,85,93,99,46,54,29,6,9,72,48,33,12,65,10,61,90,31,45,61,30,58,50,0
System-42,4,20,90,36,46,45,4,98,32,70,52,82,83,26,54,17,65,36,65,83,51,37,90,51,35,86,48,52,0
System-43,50,11,48,13,60,82,89,77,64,52,37,4,52,22,80,78,38,58,74,76,69,9,13,47,23,85,28,50,0
System-44,82,92,83,91,93,94,99,90,95,93,98,87,89,98,88,95,84,80,86,94,94,80,81,93,88,98,91,90,1
System-45,62,49,98,89,86,49,98,91,28,22,57,5,79,47,54,50,39,68,17,97,69,46,68,1,21,58,32,55,0
System-46,16,80,33,63,57,84,7,16,22,31,29,26,64,27,44,86,36,58,96,41,18,2,72,66,94,70,8,46,0
System-47,37,26,42,23,76,90,80,68,28,74,80,41,85,18,28,63,61,27,62,18,1,4,53,18,10,26,71,45,0
System-48,5,64,70,79,12,23,98,78,75,80,43,19,68,35,13,89,48,43,29,69,18,18,34,73,27,83,91,51,0
System-49,24,62,17,74,41,10,63,35,45,66,88,16,18,40,33,15,99,44,35,31,99,32,37,76,43,72,60,47,0
System-50,22,5,73,39,44,59,50,22,28,39,13,8,57,4,39,8,50,77,13,13,55,48,65,19,61,73,24,37,0
System-51,31,86,53,18,50,45,92,2,24,52,33,39,15,34,35,62,23,97,50,81,62,87,89,81,2,55,28,49,0
System-52,86,95,97,89,85,82,99,82,94,84,85,81,93,84,97,81,82,81,97,87,80,82,92,91,83,86,95,88,1
System-53,91,93,87,97,92,86,99,93,89,95,83,81,92,92,99,80,84,97,91,90,91,90,97,87,83,86,82,90,1
System-54,28,79,30,50,32,0,68,34,72,61,2,17,33,33,67,91,79,64,48,62,89,53,33,78,41,74,83,52,0
System-55,32,19,27,31,44,11,14,27,1,62,51,20,35,31,14,70,28,24,7,61,33,44,13,47,67,10,5,31,0
System-56,57,48,59,46,55,82,17,95,6,10,81,77,37,49,66,9,81,88,90,63,0,14,14,53,38,57,19,49,0
System-57,36,97,56,70,11,48,69,14,73,98,98,77,46,7,88,8,47,74,96,7,63,79,31,5,34,77,46,54,0
System-58,87,1,92,44,67,96,68,4,91,63,95,43,91,85,33,26,9,65,39,77,74,73,58,19,33,69,17,56,0
System-59,66,26,70,90,57,51,93,49,43,84,78,78,54,0,95,81,48,56,93,35,68,40,63,95,9,53,96,62,0
System-60,97,57,13,83,79,76,59,33,12,14,41,69,55,43,92,4,9,84,61,77,1,48,0,17,8,65,88,48,0
System-61,89,14,92,45,38,13,71,63,97,20,12,69,5,13,85,45,17,34,88,60,78,63,61,16,97,85,8,51,0
System-62,88,11,36,61,36,17,55,6,70,20,98,23,11,47,93,58,95,20,74,22,35,26,68,27,6,34,48,44,0
System-63,23,4,31,12,26,18,56,3,31,34,37,53,16,30,92,40,49,14,45,32,0,73,97,33,70,47,28,37,0
System-64,41,55,71,75,13,18,38,55,4,82,83,30,55,46,2,0,26,95,83,47,65,89,41,49,68,24,11,47,0
System-65,36,81,88,59,76,34,70,2,81,22,85,14,22,12,13,7,69,78,7,77,75,4,10,79,51,5,11,43,0
System-66,17,99,49,10,43,65,8,14,40,59,10,92,97,6,97,33,59,99,12,83,72,27,71,58,27,78,64,51,0
System-67,4,83,34,74,2,89,34,9,34,35,35,66,24,64,59,91,6,30,33,1,32,46,86,56,90,26,69,45,0
System-68,30,43,31,83,6,20,41,82,64,25,60,40,11,19,24,82,46,55,43,64,3,15,13,25,80,65,17,40,0
System-69,12,86,85,38,90,39,97,25,9,82,23,21,89,91,63,87,76,40,3,86,82,94,47,41,84,71,87,61,0
System-70,83,83,96,86,85,89,95,85,81,91,87,94,81,99,93,88,94,92,95,87,82,96,87,95,86,81,99,89,1
System-71,9,86,18,16,50,27,89,58,58,97,52,57,41,7,76,67,88,2,68,68,39,59,95,83,15,8,83,52,0
System-72,12,90,84,52,29,4,7,4,10,42,9,66,56,25,25,8,50,11,66,17,18,39,8,87,29,58,45,35,0
System-73,48,59,61,67,81,48,71,52,42,31,6,89,41,47,49,93,34,69,2,28,19,34,23,21,90,33,60,48,0
System-74,50,73,9,64,33,13,84,43,41,76,24,80,34,50,8,37,75,36,66,15,75,42,22,80,41,40,45,47,0
System-75,37,62,35,4,65,12,29,73,45,98,80,98,56,89,62,53,59,35,28,78,71,67,71,51,24,32,58,55,0
System-76,76,50,46,44,44,86,32,79,66,40,23,39,54,95,89,73,64,86,70,57,79,70,56,12,55,19,61,58,0
System-77,30,40,8,63,20,96,37,98,78,53,42,91,45,0,46,82,28,97,0,93,48,59,83,38,35,63,58,53,0
System-78,28,90,70,20,19,82,39,86,56,49,55,65,56,68,56,6,12,6,25,56,22,52,78,19,67,99,69,50,0
System-79,55,29,38,9,75,23,59,65,1,38,79,87,61,33,93,78,45,32,19,10,59,6,78,19,57,63,25,46,0
System-80,19,17,88,71,33,55,17,2,84,91,2,67,37,78,11,93,30,24,80,66,94,97,99,88,87,6,14,54,0
System-81,94,92,82,98,85,92,94,80,89,82,94,84,87,83,82,92,84,93,83,95,91,94,91,85,88,84,84,88,1
System-82,83,99,97,92,99,94,89,88,93,86,83,97,94,89,90,82,87,95,95,87,98,80,90,82,85,94,92,90,1
System-83,54,24,95,14,82,84,17,1,10,29,53,39,7,76,67,15,35,21,3,67,21,69,83,81,64,71,89,47,0
System-84,58,38,64,23,58,98,23,61,89,30,73,75,61,5,37,29,15,20,3,92,59,94,73,32,27,64,76,51,0
System-85,13,46,15,18,1,50,72,49,92,94,97,37,48,64,58,40,3,92,38,56,19,43,25,91,72,50,48,49,0
System-86,18,75,25,90,40,62,62,86,16,29,37,27,34,58,47,67,10,6,75,0,58,98,9,52,0,60,98,46,0
System-87,44,11,66,24,21,75,65,8,43,71,16,92,90,76,22,25,47,89,12,13,53,72,9,69,87,93,76,51,0
System-88,86,17,48,39,98,65,84,99,54,33,67,99,75,39,52,28,69,19,85,39,13,75,58,80,84,70,45,60,0
System-89,1,55,53,81,48,51,58,71,79,12,75,96,89,18,59,17,55,80,12,12,20,16,56,85,3,97,50,50,0
System-90,0,37,96,37,10,92,17,72,30,82,48,52,70,86,55,60,89,17,94,38,34,74,96,53,59,84,47,57,0
System-91,81,88,94,97,82,88,87,85,85,82,94,99,99,81,84,98,95,94,90,85,92,87,93,99,82,99,84,90,1
System-92,28,48,76,24,15,51,24,76,86,99,24,82,19,70,80,70,50,18,99,59,63,22,13,3,99,92,42,53,0
System-93,97,89,44,71,91,6,41,93,50,2,59,69,12,4,56,79,69,74,39,68,87,97,16,75,38,77,40,57,0
System-94,90,9,18,18,86,18,49,72,64,2,16,17,39,60,6,7,24,90,97,10,52,72,80,60,37,2,82,44,0
System-95,81,71,7,0,93,14,65,32,39,72,78,47,6,57,95,27,9,99,18,38,31,42,69,41,79,33,80,49,0
System-96,75,50,1,83,67,87,55,82,91,50,70,42,15,97,52,97,12,21,61,21,18,74,55,84,81,46,31,56,0
System-97,36,85,43,89,77,38,20,61,7,15,62,49,80,14,87,54,96,78,8,9,31,93,16,28,36,8,17,46,0
System-98,83,82,83,88,85,86,91,86,97,80,98,86,86,82,81,92,86,90,89,92,83,84,95,83,85,82,91,87,1
System-99,62,92,85,99,80,10,64,61,41,49,75,92,9,44,58,3,28,42,22,45,38,19,46,12,96,91,41,52,0
System-100,53,24,78,78,77,65,27,93,62,63,57,10,45,59,10,28,89,9,49,36,83,39,49,2,7,95,7,48,0
System-101,51,58,29,82,64,96,35,2,17,32,79,35,7,65,37,77,12,31,1,32,46,79,89,56,38,60,52,47,0
System-102,25,78,11,94,7,32,61,81,26,17,13,46,12,86,75,88,96,41,44,12,52,57,66,97,32,73,22,50,0
System-103,68,64,95,21,5,3,26,6,10,22,62,71,39,10,73,87,26,20,78,34,28,59,73,9,50,70,47,43,0
System-104,89,44,95,52,26,67,88,39,41,99,30,4,52,34,61,43,45,96,79,28,96,49,68,46,15,96,62,57,0
System-105,75,61,30,24,51,12,54,56,29,75,39,40,0,80,87,46,5,5,82,64,33,9,29,48,33,6,74,42,0
System-106,46,72,27,98,35,85,50,34,70,39,6,65,35,71,33,71,78,27,76,30,39,91,64,37,47,65,57,54,0
System-107,47,35,61,55,13,6,42,37,7,7,78,29,11,23,60,33,22,94,92,25,70,6,87,96,7,57,85,44,0
System-108,58,22,74,88,79,56,99,1,71,81,7,12,18,4,34,65,24,29,60,47,12,7,25,54,49,73,35,44,0
System-109,72,67,85,93,46,57,56,51,16,38,74,92,13,1,79,95,8,24,54,33,39,61,36,65,78,81,60,55,0
System-110,91,2,60,80,51,78,50,58,34,21,83,3,72,38,99,7,7,93,22,50,57,54,41,73,84,52,5,51,0
System-111,61,99,4,73,35,44,40,44,83,28,47,13,18,76,91,93,8,89,59,36,64,37,43,50,58,94,9,52,0
System-112,63,51,77,70,31,92,43,93,79,31,84,66,87,3,63,0,13,37,94,67,26,15,81,73,28,19,87,55,0
System-113,94,61,32,60,1,72,80,9,70,91,76,55,65,51,36,19,15,53,85,22,80,91,33,21,73,94,3,53,0
System-114,48,24,14,61,47,72,56,23,76,25,31,33,15,32,56,40,0,69,75,79,54,31,65,32,70,51,85,47,0
System-115,62,40,25,54,65,7,15,73,27,26,10,79,58,76,33,77,59,27,80,87,66,47,16,78,98,9,80,51,0
System-116,99,63,49,47,87,75,80,3,2,89,15,73,87,13,41,84,5,63,6,9,54,98,19,61,1,83,84,51,0
System-117,63,83,3,83,38,53,21,70,34,81,79,20,69,50,82,79,9,77,25,46,3,11,65,18,13,58,37,47,0
System-118,47,34,47,68,69,91,66,83,70,76,9,12,76,13,77,89,81,73,42,39,7,48,74,58,22,60,76,56,0
System-119,36,88,68,25,33,29,81,54,17,35,1,32,63,59,35,3,73,24,8,9,72,63,43,27,97,68,24,43,0
System-120,34,44,46,74,21,69,67,25,3,85,96,63,56,34,20,98,36,29,31,67,2,62,16,35,43,99,2,47,0
System-121,85,16,36,87,17,93,92,32,29,89,20,46,24,60,98,79,97,50,11,60,33,92,15,46,96,0,3,52,0
System-122,38,63,2,21,30,58,25,72,74,99,40,61,17,34,15,85,31,37,86,48,16,52,17,89,1,94,34,46,0
System-123,77,19,80,61,45,0,75,60,49,17,50,51,95,29,86,24,27,56,30,44,97,94,48,31,97,47,16,52,0
System-124,32,47,72,46,97,4,65,68,90,48,28,60,37,10,63,27,36,92,11,13,74,32,77,41,15,15,29,46,0
System-125,52,69,82,43,2,57,0,82,1,22,42,25,22,67,32,45,66,76,57,35,88,86,15,77,20,18,2,44,0
System-126,14,24,56,12,15,69,76,6,80,86,66,37,41,15,17,93,96,74,81,18,87,10,16,49,30,62,90,49,0
System-127,18,14,3,79,16,32,57,48,34,62,81,57,45,21,62,54,11,27,76,92,33,89,25,80,48,54,66,48,0
System-128,5,41,14,82,76,80,95,24,78,64,39,19,83,7,96,27,89,12,73,94,15,44,67,76,1,11,31,50,0
System-129,76,36,67,90,42,39,74,34,78,85,57,52,94,81,62,77,66,2,56,2,94,9,92,80,72,84,25,60,0
System-130,99,44,4,54,66,27,49,83,98,24,22,64,21,1,24,2,61,83,41,55,56,41,84,58,62,88,97,52,0
System-131,82,96,96,86,85,81,92,87,98,90,92,92,84,99,89,83,97,80,83,98,87,88,84,81,98,84,96,89,1
System-132,33,36,23,81,18,40,35,91,92,81,90,70,83,9,51,66,32,52,57,53,39,54,20,32,44,19,94,52,0
System-133,20,87,73,27,69,41,41,27,90,81,48,60,62,39,69,44,66,22,63,11,90,48,18,32,94,25,68,52,0
System-134,38,56,81,76,11,22,62,56,7,64,91,93,64,28,61,44,74,68,61,34,98,45,91,15,53,36,14,53,0
System-135,86,13,93,31,93,61,73,87,67,78,8,0,86,5,85,31,90,20,15,21,84,36,90,58,82,47,70,56,0
System-136,43,4,74,75,45,8,55,13,97,62,73,1,38,90,38,3,67,69,33,80,85,78,40,34,94,71,55,53,0
System-137,16,63,59,60,50,28,42,82,73,53,65,96,25,75,6,6,34,73,61,81,7,76,71,1,74,8,58,50,0
System-138,41,1,30,15,63,68,42,12,12,28,72,80,86,36,97,6,44,41,20,32,23,87,31,91,97,78,55,48,0
System-139,55,59,75,10,27,27,70,45,16,12,95,12,86,55,36,31,72,55,62,64,39,32,83,3,28,56,56,47,0
System-140,86,80,92,90,94,83,87,83,88,86,96,80,85,82,87,84,90,87,95,88,97,98,89,86,96,89,90,88,1
System-141,37,3,43,46,17,1,89,65,95,87,70,71,20,26,67,96,18,68,81,99,4,56,85,55,70,79,71,56,0
System-142,40,75,10,64,45,83,89,18,0,79,50,10,14,7,95,24,40,82,54,9,81,2,3,12,18,77,7,40,0
System-143,16,29,33,10,15,83,19,48,0,77,80,90,77,4,18,34,68,84,22,44,70,91,10,13,74,94,56,47,0
System-144,75,83,36,22,26,5,43,87,78,2,67,93,39,60,86,74,12,61,79,88,64,75,15,59,28,77,43,55,0
System-145,18,64,49,24,48,27,56,53,14,60,25,96,81,98,0,18,93,92,45,99,58,27,56,19,5,42,98,51,0
System-146,27,88,49,78,52,32,49,61,83,60,37,70,60,69,37,78,20,31,40,24,29,23,60,46,2,93,24,49,0
System-147,85,76,51,2,50,5,13,4,15,13,86,83,57,27,24,17,10,24,64,75,6,37,0,46,79,67,39,39,0
System-148,95,94,92,88,93,97,93,85,99,89,82,86,80,83,92,94,94,82,88,82,90,98,85,97,94,85,83,90,1
System-149,80,82,99,86,89,80,89,82,91,95,83,90,90,98,92,91,94,88,91,91,82,89,84,97,98,93,97,90,1
System-150,98,30,32,24,14,15,7,58,11,10,44,14,7,77,68,57,71,43,12,64,94,55,58,93,20,47,3,42,0
System-151,89,85,94,82,90,98,92,95,90,97,96,93,83,90,94,83,82,97,82,93,89,94,81,88,99,90,95,90,1
System-152,96,76,99,16,34,52,68,19,99,75,35,34,38,75,10,51,81,21,19,63,77,74,6,99,22,65,91,55,0
System-153,84,55,54,85,81,54,57,69,29,55,29,89,75,4,91,42,65,26,5,6,94,58,10,47,46,36,54,52,0
System-154,14,72,78,86,32,41,65,68,44,20,63,20,35,86,85,66,48,94,43,25,43,15,78,83,74,52,20,54,0
System-155,35,37,62,89,32,85,35,75,53,49,43,56,68,10,89,23,86,20,41,99,7,68,97,44,13,73,21,52,0
System-156,17,84,42,8,15,7,41,43,69,16,71,71,88,53,90,59,96,58,33,45,82,59,66,21,44,17,83,51,0
System-157,58,8,19,95,9,78,53,37,78,74,60,71,98,31,67,79,50,28,29,15,54,14,66,54,28,52,76,51,0
System-158,52,6,26,15,6,69,61,29,17,57,66,73,40,15,24,41,71,36,72,52,21,30,77,8,87,82,29,43,0
System-159,21,40,32,22,88,85,72,95,91,61,50,75,32,38,46,50,40,55,86,89,1,18,82,99,2,10,77,54,0
System-160,4,19,99,52,20,39,88,8,87,2,15,45,32,74,9,17,21,89,35,81,50,18,57,48,84,42,56,44,0
System-161,88,56,79,85,95,89,10,83,80,22,78,77,42,56,96,5,62,2,55,15,64,45,41,89,64,17,21,56,0
System-162,90,38,99,11,97,38,20,8,19,61,82,82,2,94,37,5,64,8,62,7,73,5,40,17,62,19,58,44,0
System-163,44,89,54,30,59,72,16,57,4,86,29,4,81,43,28,5,45,68,83,39,53,92,90,74,49,51,91,53,0
System-164,7,65,93,7,57,32,39,45,59,3,59,77,26,42,60,28,54,1,15,89,3,33,3,60,72,66,54,43,0
System-165,45,3,67,16,89,17,74,85,26,18,52,46,39,14,82,61,18,24,95,68,73,84,78,83,22,94,54,53,0
System-166,88,81,47,84,52,23,42,85,4,95,26,84,69,64,10,95,79,3,35,45,61,94,12,59,47,6,73,54,0
System-167,55,18,10,30,85,52,38,58,99,49,49,85,99,22,44,63,44,94,64,14,0,36,51,73,16,36,20,48,0
System-168,17,57,56,61,74,88,95,73,79,65,58,64,23,55,23,16,65,70,24,57,89,20,55,30,41,48,64,54,0
System-169,99,76,20,27,30,92,64,81,85,57,10,6,83,16,21,72,89,86,2,14,57,77,72,58,34,2,30,50,0
System-170,15,28,12,83,59,70,36,96,72,83,6,74,65,80,21,66,59,12,69,49,1,9,96,11,27,42,35,47,0
System-171,79,51,3,2,91,79,55,10,39,76,8,16,51,54,51,81,67,44,14,3,71,97,70,46,19,4,45,45,0
System-172,63,26,0,24,99,6,78,4,61,50,80,29,83,82,92,39,60,98,63,64,19,59,68,81,38,55,29,54,0
System-173,92,89,30,13,75,45,88,35,51,92,57,44,50,43,1,17,81,25,4,47,47,9,84,84,38,8,59,48,0
System-174,40,54,12,50,57,78,22,53,53,50,61,88,13,25,47,99,75,44,57,42,62,6,29,21,82,58,75,50,0
System-175,80,24,97,39,61,44,93,38,31,89,9,34,26,31,65,11,61,72,67,5,68,47,36,69,38,69,35,50,0
System-176,33,60,22,5,69,67,16,18,17,29,96,79,42,88,69,47,40,76,61,39,10,17,70,9,37,97,50,47,0
System-177,88,11,94,15,71,44,76,61,73,97,68,62,81,8,43,77,76,24,29,64,74,48,3,86,55,37,16,55,0
System-178,42,58,51,15,88,69,6,99,31,57,13,47,27,44,13,37,3,8,72,59,74,38,25,26,90,83,64,46,0
System-179,77,1,83,40,18,37,81,94,95,58,43,7,1,68,43,97,66,42,9,1,64,91,29,8,9,84,99,50,0
System-180,31,95,46,45,70,67,13,29,60,78,9,67,83,55,28,60,59,93,43,17,14,94,33,58,44,81,88,54,0
System-181,10,81,8,18,8,88,74,22,81,79,5,56,19,3,7,43,31,1,95,25,70,98,8,50,78,56,32,42,0
System-182,13,4,33,44,44,27,5,36,61,35,36,39,20,18,82,59,54,33,76,10,49,69,73,66,60,88,9,42,0
System-183,39,95,62,96,77,1,69,57,0,34,93,87,42,50,69,76,6,54,62,90,95,99,33,61,89,95,35,62,0
System-184,42,67,35,0,76,54,91,51,24,15,90,8,39,21,13,92,28,67,95,92,45,75,99,55,98,45,85,56,0
System-185,21,54,37,94,50,58,89,80,27,96,31,5,9,51,16,75,16,5,55,61,53,62,83,22,66,15,25,47,0
System-186,11,78,26,84,74,82,6,38,16,56,80,20,11,48,50,36,55,36,84,84,90,46,75,89,38,70,92,55,0
System-187,5,53,22,26,20,81,80,24,7,83,84,52,40,37,71,36,46,72,91,56,26,33,45,58,89,79,26,50,0
System-188,96,68,1,53,68,12,94,82,91,14,12,36,54,9,93,28,15,36,96,27,89,43,90,79,25,84,65,54,0
System-189,18,72,85,78,34,71,96,35,89,65,21,23,16,63,77,44,69,19,52,60,0,36,47,69,89,83,78,55,0
System-190,37,82,61,99,21,65,90,24,89,79,47,79,6,64,53,27,68,49,10,23,48,31,85,94,77,65,32,56,0
System-191,48,7,60,77,13,65,67,2,95,69,96,53,47,54,35,84,93,94,68,90,69,30,11,9,76,32,18,54,0
System-192,29,98,85,61,91,62,55,56,33,39,92,41,43,29,33,26,90,92,74,30,25,7,89,61,39,92,58,57,0
System-193,85,86,52,59,19,58,62,83,96,55,43,80,92,60,94,26,36,29,25,32,38,8,22,54,37,88,29,54,0
System-194,21,87,22,21,25,46,6,69,67,42,45,93,1,85,14,47,60,75,31,89,5,27,37,5,94,17,23,43,0
System-195,62,45,76,7,18,12,8,4,53,96,4,69,98,55,80,74,4,91,97,7,85,86,48,69,79,93,59,55,0
System-196,92,47,79,16,35,15,41,88,34,8,80,13,65,57,92,15,28,7,92,95,76,21,15,31,75,70,40,49,0
System-197,63,28,87,74,77,11,43,12,29,18,61,71,43,14,7,18,30,6,28,61,53,79,11,73,93,91,56,46,0
System-198,50,63,88,96,91,75,76,17,45,24,55,96,10,97,18,66,79,20,22,60,9,54,50,97,34,18,73,55,0
System-199,26,47,76,41,59,99,6,43,61,48,56,55,59,30,67,25,35,61,57,40,7,50,80,80,84,11,46,50,0
System-200,64,1,96,35,29,55,76,19,43,54,84,99,43,56,50,47,72,1,11,47,41,64,3,11,75,42,88,48,0
System-201,82,92,93,92,91,92,93,90,92,95,80,93,91,84,82,99,81,82,97,94,93,89,93,97,89,80,84,90,1
System-202,10,56,10,42,47,29,86,49,73,44,37,16,80,58,6,31,20,39,58,57,88,62,43,97,34,60,57,48,0
System-203,49,87,52,39,52,8,72,63,20,50,75,84,11,8,24,98,49,53,27,91,57,88,2,79,65,86,84,55,0
System-204,24,61,70,62,54,97,97,84,43,36,95,45,24,65,86,82,23,48,18,34,87,10,29,39,67,4,13,52,0
System-205,27,61,45,26,31,96,11,70,83,76,53,89,13,49,45,88,2,96,80,95,98,78,75,83,82,77,76,63,0
System-206,73,47,74,98,86,57,20,17,7,49,29,14,28,26,89,64,21,41,10,82,5,19,38,43,68,21,47,43,0
System-207,18,14,64,1,34,21,58,75,14,73,93,73,58,30,82,79,47,18,61,20,18,64,35,9,92,47,7,45,0
System-208,50,27,94,3,15,22,96,41,27,18,71,0,6,16,74,49,93,14,1,90,0,20,21,6,1,51,24,34,0
System-209,18,25,84,1,36,32,23,41,2,32,94,60,25,58,70,86,43,14,5,5,13,88,72,81,70,53,9,42,0
System-210,53,37,49,42,75,22,81,89,91,75,31,72,97,30,17,14,43,98,85,29,82,2,62,33,0,49,74,53,0
System-211,73,35,35,57,17,96,65,27,28,81,76,10,71,49,19,55,53,46,0,66,23,22,67,78,50,86,80,51,0
System-212,75,5,50,9,64,84,63,82,32,36,0,12,20,43,22,53,70,2,92,55,67,83,52,0,13,46,76,45,0
System-213,32,73,83,89,82,38,0,92,21,36,97,95,64,76,89,15,84,70,69,62,86,57,28,85,50,22,1,59,0
System-214,77,42,46,14,35,44,2,20,82,46,36,80,75,48,99,75,48,72,21,48,30,22,1,18,44,82,84,48,0
System-215,65,32,45,73,50,88,49,33,25,43,7,70,2,83,52,14,18,21,40,83,45,20,5,17,94,14,10,41,0
System-216,91,0,22,56,74,75,32,6,88,61,61,98,32,69,21,60,12,70,99,49,54,8,89,11,38,34,4,49,0
System-217,89,22,40,50,55,56,69,20,19,77,19,16,84,39,16,42,0,53,34,74,53,64,12,83,78,75,9,46,0
System-218,13,58,10,23,84,51,44,91,46,13,46,97,37,74,85,15,9,54,70,25,79,32,93,79,59,73,96,54,0
System-219,9,94,79,24,27,28,57,59,78,60,65,39,83,44,13,39,26,83,34,83,96,36,19,6,83,64,1,49,0
System-220,42,91,3,85,20,25,29,62,4,27,42,6,32,34,51,44,99,83,49,61,18,29,18,88,28,21,30,42,0
System-221,46,67,38,23,55,80,96,6,65,88,8,37,51,60,3,5,45,92,16,84,1,51,33,69,64,83,38,48,0
System-222,72,2,39,18,6,6,76,57,96,89,1,19,80,58,76,50,61,67,56,53,15,11,15,70,96,76,77,50,0
System-223,25,77,92,65,90,65,9,0,93,77,11,5,59,15,63,4,87,20,51,53,51,89,96,6,15,15,16,46,0
System-224,24,18,90,56,40,81,70,24,37,76,0,91,29,37,13,76,68,4,35,69,42,50,7,53,43,36,94,47,0
System-225,45,18,91,43,30,24,52,4,94,80,89,81,9,20,52,18,76,8,99,40,2,89,28,4,97,69,92,50,0
System-226,97,15,76,91,64,77,84,0,24,93,49,12,16,22,7,19,66,31,40,1,49,49,64,7,99,34,22,45,0
System-227,66,24,66,92,4,49,47,5,1,24,82,1,31,89,11,27,1,76,60,78,54,17,80,2,20,38,76,42,0
System-228,59,40,29,45,68,98,14,31,60,47,0,47,27,71,29,72,95,5,53,89,77,91,89,7,75,28,74,53,0
System-229,71,43,13,96,34,81,49,29,32,81,98,59,13,31,74,96,28,28,32,51,12,1,56,71,59,34,35,48,0
System-230,7,64,52,57,39,96,93,84,40,21,33,88,55,19,32,60,26,67,46,54,0,68,4,18,24,74,47,47,0
System-231,12,38,91,44,43,68,62,20,95,12,0,83,78,98,21,15,77,43,62,77,91,49,46,21,93,41,72,54,0
System-232,59,70,42,58,62,31,31,86,59,80,20,82,77,43,21,13,22,59,89,10,10,71,58,93,53,65,66,53,0
System-233,39,11,83,5,88,41,38,13,9,32,90,73,68,40,27,49,92,94,32,75,35,49,9,96,25,43,0,47,0
System-234,15,26,20,38,27,1,31,4,20,75,37,69,29,50,98,57,49,63,22,25,1,33,82,76,4,65,43,39,0
System-235,65,64,68,37,98,52,89,76,46,50,29,14,38,36,33,31,62,59,2,42,15,13,72,22,47,45,50,46,0
System-236,85,88,87,98,93,98,83,86,94,82,83,99,93,81,90,95,85,95,91,86,84,82,95,99,85,91,84,89,1
System-237,7,3,63,87,45,44,5,88,23,97,80,62,35,51,26,97,57,29,91,98,81,42,85,95,81,6,21,56,0
System-238,94,89,9,78,29,27,47,69,5,59,81,20,48,44,2,99,59,71,12,40,66,99,97,77,2,15,96,53,0
System-239,35,90,38,61,33,58,15,18,68,37,88,81,29,4,21,85,79,81,32,97,74,33,6,72,20,93,96,53,0
System-240,5,64,65,0,86,82,65,24,80,7,94,17,74,1,3,18,5,95,43,33,64,94,90,1,32,83,16,46,0
System-241,43,45,67,62,86,24,66,55,62,17,47,23,40,77,33,17,38,95,37,33,84,26,76,39,15,78,87,51,0
System-242,67,50,10,89,51,19,46,2,2,80,47,37,47,16,83,0,9,53,42,48,55,71,55,13,73,57,11,42,0
System-243,68,53,10,4,56,79,26,72,95,86,49,21,7,25,54,10,1,28,65,59,65,77,4,31,89,16,91,46,0
System-244,51,49,29,42,60,23,78,7,91,49,61,11,98,12,57,28,24,15,34,87,7,23,92,21,5,59,43,43,0
System-245,44,80,87,0,63,81,40,59,67,98,80,10,13,14,47,16,50,11,35,79,16,22,55,18,55,28,53,45,0
System-246,55,61,2,22,34,98,55,71,2,99,46,58,11,14,22,66,72,71,25,91,23,72,59,1,81,55,95,50,0
System-247,94,39,10,53,31,28,95,92,38,83,56,37,16,16,45,23,76,22,14,79,67,29,18,22,8,64,92,46,0
System-248,96,30,72,57,62,89,22,28,77,72,97,13,23,96,65,46,91,53,7,33,28,73,83,44,78,11,29,55,0
System-249,20,25,34,65,50,38,61,12,47,96,71,10,65,20,68,41,57,88,34,21,52,4,9,27,87,81,80,47,0
System-250,29,49,55,85,93,69,72,0,91,97,72,46,87,37,86,29,65,45,20,64,52,9,45,68,94,98,14,58,0
System-251,62,76,9,56,21,4,65,88,0,10,33,39,47,78,53,69,70,6,87,21,52,50,63,72,3,25,6,43,0
System-252,42,43,14,36,36,23,24,65,77,50,28,38,65,9,90,70,33,4,68,53,26,42,54,60,20,81,77,45,0
System-253,81,82,91,94,91,87,89,90,91,98,80,81,89,80,96,84,86,88,95,84,96,90,95,99,95,95,90,90,1
System-254,9,99,49,13,65,42,14,51,31,53,26,88,90,98,49,12,0,81,68,73,65,2,39,4,30,74,78,48,0
System-255,30,45,69,25,45,0,34,71,7,82,99,3,34,54,21,77,24,86,43,92,60,61,29,13,55,98,74,49,0
System-256,95,53,31,92,91,94,29,77,10,94,38,48,58,57,95,13,95,86,86,35,9,53,8,11,97,52,3,56,0
System-257,96,36,40,77,49,4,38,90,78,36,30,93,21,33,6,38,42,54,53,82,35,87,19,74,26,19,29,48,0
System-258,2,42,33,99,10,3,13,69,0,99,2,18,56,31,34,88,13,46,26,68,67,23,22,49,85,75,18,40,0
System-259,11,97,65,39,1,62,5,57,8,83,24,79,23,61,33,7,74,94,31,3,32,61,59,14,82,91,70,47,0
System-260,16,11,42,68,8,5,50,22,61,15,59,24,56,7,32,21,46,77,11,2,13,51,45,0,64,34,59,33,0
System-261,63,22,84,23,56,66,8,93,47,24,38,1,74,59,30,48,48,4,2,12,25,71,78,96,91,45,43,46,0
System-262,21,29,67,7,45,77,68,17,67,37,29,22,60,99,73,20,92,26,2,25,31,53,56,59,90,92,21,48,0
System-263,55,53,10,94,96,43,49,63,68,95,70,40,24,99,20,9,59,98,36,35,81,74,75,10,59,60,21,55,0
System-264,94,99,99,91,97,97,95,94,88,94,96,85,86,99,92,94,99,99,83,87,88,96,95,87,92,98,80,93,1
System-265,97,87,27,66,66,15,27,80,75,0,60,43,35,89,9,66,51,65,97,41,27,61,57,10,49,19,53,51,0
System-266,90,25,3,43,80,81,17,24,56,38,62,13,32,2,26,34,83,57,34,97,85,63,93,80,98,60,87,54,0
System-267,49,29,56,72,18,28,20,96,61,63,43,51,1,97,92,32,90,64,78,40,70,79,22,34,4,82,74,54,0
System-268,62,25,50,59,74,71,23,53,67,15,22,43,42,47,84,90,44,21,12,44,27,35,46,42,67,89,38,48,0
System-269,91,86,13,41,98,63,91,67,1,95,26,2,99,73,7,73,81,58,75,36,42,7,68,59,56,73,83,58,0
System-270,26,29,30,12,18,60,28,1,89,87,16,72,78,48,22,35,8,91,68,75,40,31,86,49,30,20,96,46,0
System-271,84,73,10,6,31,47,19,9,8,72,8,24,33,64,36,84,95,32,3,5,30,1,44,8,71,89,61,39,0
System-272,56,13,79,63,93,63,49,76,55,45,70,15,3,96,66,91,26,33,49,12,80,55,93,14,34,29,18,51,0
System-273,91,82,87,93,88,91,86,97,83,85,98,88,90,83,82,82,98,89,83,94,80,93,98,81,84,83,88,88,1
System-274,78,32,62,92,70,48,53,45,27,96,6,63,97,38,88,92,42,32,12,74,11,61,49,25,22,61,35,52,0
System-275,43,85,93,82,40,70,49,4,33,20,92,85,29,57,10,69,71,82,34,44,62,68,80,36,4,98,87,57,0
System-276,98,43,47,49,33,41,56,95,72,83,26,61,89,48,94,69,29,11,21,59,46,99,66,10,94,64,46,57,0
System-277,80,82,24,29,55,71,57,99,51,21,93,37,76,3,46,19,82,10,7,34,67,65,3,10,74,94,46,49,0
System-278,67,22,36,62,84,56,15,82,51,97,34,94,66,23,72,80,94,70,79,14,50,76,39,93,10,81,67,60,0
System-279,83,94,94,97,90,92,82,90,97,82,80,87,80,87,87,81,88,94,87,92,96,87,88,84,82,88,90,88,1
System-280,75,55,51,36,27,1,86,92,23,77,36,23,50,29,68,62,8,40,44,88,32,8,31,91,37,21,69,47,0
System-281,17,58,42,82,72,33,75,49,98,99,34,77,30,28,53,4,30,87,43,80,84,54,99,38,85,84,16,57,0
System-282,44,67,8,94,75,98,12,55,41,18,79,40,96,65,16,20,23,68,77,5,14,61,92,25,37,78,81,51,0
System-283,90,56,96,92,95,77,66,53,47,52,48,91,51,20,79,7,80,80,56,79,17,81,47,66,39,30,42,61,0
System-284,26,66,34,70,62,46,9,4,10,43,60,84,48,13,61,35,57,4,84,15,72,35,23,70,96,44,0,43,0
System-285,89,86,64,83,61,57,76,22,92,64,64,12,47,86,96,62,72,56,0,6,69,48,47,12,87,40,69,58,0
System-286,56,57,70,63,43,84,40,86,64,30,45,48,84,70,31,65,5,92,17,24,40,49,14,70,6,43,95,52,0
System-287,94,39,7,59,15,81,85,13,23,80,3,48,51,58,84,82,73,88,90,34,74,72,31,96,93,97,61,60,0
System-288,38,24,52,40,50,70,73,8,81,35,42,59,99,62,66,38,99,75,53,16,47,52,1,94,71,15,0,50,0
System-289,24,67,9,49,55,10,78,83,10,28,48,15,85,14,66,13,37,81,33,2,5,34,58,3,99,71,66,42,0
System-290,1,6,40,4,54,11,17,57,48,55,77,48,61,58,38,19,8,14,39,32,55,81,85,30,15,14,79,39,0
System-291,58,0,31,3,36,0,74,79,80,90,45,29,81,45,21,2,10,80,35,91,27,47,94,15,32,97,59,47,0
System-292,45,46,75,44,94,76,22,48,57,30,19,20,99,3,52,11,88,44,57,75,83,99,27,2,92,26,29,50,0
System-293,12,76,91,39,93,43,36,55,10,87,82,46,12,88,12,13,2,69,58,61,93,37,26,30,20,59,69,49,0
System-294,26,26,12,67,94,46,62,62,41,90,36,31,41,60,12,7,99,54,87,2,21,8,72,39,28,48,6,44,0
System-295,33,70,59,65,69,77,90,69,16,48,47,60,17,35,9,15,71,26,39,23,16,41,88,96,39,2,14,46,0
System-296,71,98,76,29,34,18,47,0,61,84,55,13,46,82,6,68,16,61,42,88,62,32,15,73,32,33,68,49,0
System-297,94,83,16,0,12,9,35,31,1,60,80,61,97,41,73,77,12,83,70,37,69,69,13,79,55,4,50,49,0
System-298,68,78,98,79,22,70,75,46,97,44,25,76,68,8,38,54,97,84,96,57,91,3,75,87,65,96,18,64,0
System-299,65,29,27,46,90,65,86,30,11,96,45,58,82,74,13,64,92,28,23,76,83,99,10,39,93,73,24,56,0
System-300,45,31,67,33,11,62,15,59,5,13,12,26,48,29,79,32,3,24,35,36,69,98,4,98,3,41,47,38,0
System-301,14,95,88,56,18,68,14,56,37,33,2,10,77,3,64,91,2,72,95,67,17,5,58,20,30,3,43,42,0
System-302,89,93,91,89,99,93,93,89,95,88,98,81,83,86,88,95,97,90,89,90,98,92,99,87,89,83,87,91,1
System-303,5,82,5,22,42,54,37,44,37,69,64,29,8,5,97,9,92,57,0,67,5,10,55,36,72,1,4,37,0
System-304,76,80,45,59,4,36,29,72,51,7,27,61,51,21,81,33,40,28,4,35,25,33,56,57,43,18,37,41,0
System-305,10,72,91,68,98,87,8,42,45,49,53,80,34,14,83,18,44,94,42,91,51,61,58,54,46,47,29,54,0
System-306,90,6,41,64,28,45,87,41,86,79,10,62,20,69,49,84,55,48,75,4,39,7,69,29,62,51,51,50,0
System-307,48,56,83,43,7,74,40,66,22,22,63,34,87,75,95,70,48,34,42,19,65,85,85,45,64,76,5,54,0
System-308,96,92,91,84,97,95,94,88,95,83,80,90,93,97,97,87,92,91,81,95,83,92,84,96,96,96,88,91,1
System-309,7,65,9,6,62,18,29,90,49,71,31,6,20,78,66,47,38,62,26,20,51,77,14,95,18,72,68,44,0
System-310,8,22,9,59,30,3,61,95,5,54,52,7,37,41,80,15,11,57,67,86,3,15,67,19,39,56,81,40,0
System-311,75,57,37,77,6,39,46,1,59,28,91,86,96,39,60,86,13,76,21,46,2,10,68,52,0,2,49,45,0
System-312,39,49,8,3,22,45,34,16,44,39,12,35,30,51,11,77,25,7,43,54,70,71,70,89,7,53,11,38,0
System-313,2,78,19,2,71,57,40,91,36,54,6,41,69,25,89,77,1,27,52,25,27,87,96,81,3,69,17,46,0
System-314,77,93,30,28,69,85,17,70,63,88,24,71,77,78,88,89,20,21,16,53,47,35,40,49,99,12,20,54,0
System-315,72,55,3,96,75,40,57,58,61,66,41,1,54,36,71,20,99,82,64,36,6,30,75,66,13,10,71,50,0
System-316,22,21,84,38,95,25,17,92,95,22,1,91,75,99,46,77,25,76,73,22,8,51,14,14,46,74,36,50,0
System-317,10,52,71,62,75,68,11,94,57,38,1,97,62,29,84,35,30,83,14,36,66,53,22,62,15,28,32,48,0
System-318,24,67,29,57,98,22,60,61,91,28,20,56,32,74,41,43,66,36,7,5,49,3,14,85,1,14,80,43,0
System-319,49,21,96,23,44,54,5,77,89,71,13,94,2,33,43,91,8,19,54,89,74,44,59,92,53,23,44,51,0
System-320,63,4,82,12,52,22,21,13,54,71,66,0,81,51,31,0,86,16,33,85,19,51,10,87,3,18,29,39,0
System-321,49,52,34,15,44,54,38,10,69,89,98,90,78,74,72,64,91,99,59,83,94,42,49,9,11,55,4,57,0
System-322,28,87,2,40,59,81,74,82,91,3,82,69,45,34,43,55,68,63,91,34,65,48,14,98,7,14,61,53,0
System-323,14,17,20,15,82,39,3,52,74,52,61,60,87,45,10,95,5,77,0,35,73,22,19,8,71,51,37,42,0
System-324,95,85,98,95,85,90,81,99,93,95,85,99,96,85,93,98,85,87,91,83,90,86,95,94,93,93,97,91,1
System-325,46,9,75,74,79,30,29,59,49,73,54,35,55,41,6,53,50,83,47,40,94,99,80,13,36,59,49,52,0
System-326,64,99,43,16,76,90,40,96,3,27,35,23,18,25,91,20,34,81,27,87,56,11,52,30,86,43,9,47,0
System-327,3,7,22,10,30,96,30,18,19,97,49,15,7,99,60,8,86,52,39,80,38,81,82,82,70,1,83,47,0
System-328,50,98,47,82,92,59,82,94,91,99,41,27,49,16,20,49,83,65,88,76,35,39,87,26,33,44,74,61,0
System-329,73,14,36,23,53,63,43,20,29,39,28,42,69,99,95,39,43,3,21,85,13,48,82,57,47,11,59,46,0
System-330,67,69,96,90,24,41,50,0,91,50,97,48,6,4,80,40,64,11,2,42,4,3,45,20,53,64,44,45,0
System-331,24,84,39,26,0,24,44,64,11,35,80,84,80,68,20,16,11,86,62,35,9,97,32,2,12,7,94,42,0
System-332,33,82,76,51,28,73,88,84,73,51,13,25,40,29,23,33,44,85,59,36,78,60,79,93,36,33,51,54,0
System-333,62,27,49,92,81,5,28,36,55,79,35,62,33,83,92,80,95,42,55,96,21,37,97,65,69,86,41,59,0
System-334,61,52,28,93,51,75,41,45,40,74,27,84,13,0,23,51,9,29,74,40,29,27,72,41,27,2,46,43,0
System-335,26,98,67,6,51,49,30,88,52,32,50,5,26,32,58,68,91,32,77,66,65,66,79,37,80,50,56,53,0
System-336,80,61,7,82,4,36,12,8,26,45,83,77,91,58,76,36,59,33,13,1,18,61,42,95,80,21,90,48,0
System-337,7,17,69,9,38,86,59,81,97,36,79,57,22,69,23,62,37,52,73,70,96,87,41,47,5,44,29,52,0
System-338,53,38,10,37,44,3,60,49,73,96,77,23,76,6,5,34,36,82,8,37,76,18,71,7,58,99,37,45,0
System-339,69,46,82,85,78,8,67,46,69,50,88,10,56,42,65,73,90,30,2,49,20,31,59,39,79,68,99,56,0
System-340,80,86,80,81,88,80,86,95,82,87,80,94,84,88,84,80,87,85,96,95,88,99,80,81,80,86,82,86,1
System-341,64,27,80,6,71,1,14,48,74,47,62,34,84,15,92,0,85,79,50,87,61,61,93,64,21,15,84,53,0
System-342,84,95,91,93,91,85,87,80,80,89,93,82,95,97,86,89,89,80,85,82,80,80,90,82,87,83,94,87,1
System-343,69,57,99,96,19,14,11,65,89,9,6,31,13,10,40,87,76,88,23,18,25,71,1,12,88,87,92,48,0
System-344,99,86,90,80,98,97,92,85,88,89,88,80,91,81,96,80,98,83,90,96,91,80,98,92,95,82,96,90,1
System-345,9,59,49,34,67,97,80,42,40,35,60,94,33,3,6,23,88,90,14,26,41,70,84,78,46,96,3,51,0
System-346,97,6,63,47,44,79,19,75,28,60,47,91,1,66,96,28,64,66,25,72,30,12,4,36,87,80,29,50,0
System-347,49,97,65,77,72,4,62,79,34,48,31,33,19,56,76,53,32,66,72,3,90,82,60,76,58,44,67,56,0
System-348,48,52,25,27,95,12,29,82,96,5,25,54,47,11,1,11,46,77,23,15,46,4,28,29,78,2,24,37,0
System-349,82,25,63,11,83,90,64,2,1,10,73,64,20,78,36,12,7,67,26,64,42,92,65,94,74,36,20,48,0
System-350,28,90,56,26,58,3,42,80,4,0,56,87,92,39,54,12,74,45,80,80,49,59,78,81,56,90,86,56,0
System-351,72,72,49,87,68,86,80,43,10,22,85,93,27,2,21,96,39,66,12,38,46,91,27,3,66,97,27,53,0
System-352,47,11,2,18,56,55,6,45,3,80,98,5,62,84,46,84,90,10,13,47,19,94,94,74,51,5,97,48,0
System-353,58,57,9,33,29,82,43,90,39,62,67,12,17,42,33,54,12,76,13,30,96,22,55,76,32,4,95,46,0
System-354,6,50,44,39,57,98,89,90,13,5,97,77,95,66,94,15,95,96,77,11,36,89,99,98,15,24,2,58,0
System-355,50,70,43,87,90,89,70,79,83,73,25,37,50,42,52,29,53,49,6,17,50,88,62,25,72,60,50,56,0
System-356,88,92,7,36,28,62,51,52,59,50,99,46,29,27,16,43,68,55,69,41,60,59,53,78,23,52,78,53,0
System-357,14,94,38,4,12,61,58,11,82,73,12,86,93,30,47,70,16,19,80,68,53,13,52,36,11,96,45,47,0
System-358,94,4,28,1,95,60,73,24,18,5,58,94,56,79,2,26,0,92,20,2,61,46,9,55,23,32,68,42,0
System-359,8,28,18,78,8,94,18,17,83,70,85,72,32,8,0,27,25,39,87,39,29,21,16,77,80,41,9,41,0
System-360,75,81,51,10,72,99,39,67,35,81,36,57,32,41,4,92,92,91,22,21,74,15,56,39,27,25,13,50,0
System-361,30,56,43,68,0,96,63,21,40,15,68,35,72,52,33,18,78,42,57,79,37,56,85,21,91,14,44,49,0
System-362,46,58,80,64,78,20,96,60,78,63,60,80,9,67,15,93,2,38,9,76,18,0,15,57,36,21,92,49,0
System-363,73,51,86,54,72,28,71,64,17,20,11,66,1,37,60,71,17,69,54,13,73,35,71,38,36,65,4,47,0
System-364,83,84,91,93,82,93,80,86,99,97,93,98,93,83,88,96,87,84,84,91,93,99,80,93,86,90,88,89,1
System-365,46,79,12,15,20,0,70,35,23,45,87,44,65,32,18,14,61,35,58,68,53,52,55,78,36,50,17,43,0
System-366,36,3,27,36,79,11,90,65,30,27,29,14,7,46,26,57,29,56,47,28,76,8,55,71,17,62,30,39,0
System-367,59,11,2,80,59,41,74,91,60,88,14,85,6,91,59,70,3,33,42,84,26,8,58,10,90,31,13,48,0
System-368,57,66,60,53,83,38,43,46,71,9,36,21,27,67,10,0,28,84,56,97,34,80,74,87,53,76,63,53,0
System-369,32,16,15,48,75,90,62,56,76,99,32,16,78,39,25,87,95,56,5,6,22,51,26,43,5,26,8,44,0
System-370,47,55,4,15,90,3,24,41,72,72,41,93,78,45,85,34,95,37,35,29,61,5,25,96,11,33,86,49,0
System-371,11,37,18,26,98,55,89,59,89,71,95,30,60,95,38,72,62,6,70,58,31,81,65,29,29,25,32,53,0
System-372,39,68,50,92,95,68,42,88,52,50,34,74,10,32,83,67,8,42,55,58,30,4,23,93,23,25,63,51,0
System-373,1,52,66,22,38,42,14,19,41,34,47,64,35,45,39,73,16,60,30,6,79,87,83,70,21,74,46,45,0
System-374,36,34,68,66,10,20,71,73,12,68,95,33,45,9,63,4,80,78,24,36,50,55,45,6,70,77,32,47,0
System-375,40,44,18,94,56,65,74,76,95,75,75,38,1,11,78,8,63,3,38,56,32,22,3,53,53,99,43,49,0
System-376,12,27,49,50,4,3,32,5,1,9,29,12,31,78,76,1,2,91,67,96,92,45,51,93,25,44,75,41,0
System-377,97,55,53,28,66,65,2,9,19,23,69,56,20,62,68,44,0,38,38,50,87,47,34,30,7,32,22,42,0
System-378,4,11,52,94,76,10,11,73,47,24,23,86,7,45,28,42,99,64,6,41,86,98,0,60,20,73,99,47,0
System-379,9,99,18,12,61,17,57,28,77,71,17,96,22,51,69,86,76,85,18,24,57,86,9,50,27,36,6,47,0
System-380,15,76,23,20,89,31,4,82,28,88,49,57,63,43,99,25,65,22,99,3,94,6,95,9,41,76,43,50,0
System-381,92,68,75,61,37,16,66,2,34,93,3,42,44,25,33,93,65,77,49,8,45,76,35,73,6,56,79,50,0
System-382,25,9,55,65,82,59,4,31,2,97,75,27,67,85,66,33,2,31,55,91,46,17,5,5,25,25,57,42,0
System-383,89,85,99,84,81,89,81,91,98,95,90,86,99,82,97,84,91,95,82,91,94,90,94,97,94,94,83,90,1
System-384,7,3,53,33,99,91,41,93,11,14,32,47,15,83,55,14,77,84,16,49,56,64,53,36,64,25,95,49,0
System-385,19,41,63,87,99,44,93,50,83,83,70,94,96,24,66,90,91,83,32,97,74,14,64,59,79,69,49,67,0
System-386,89,15,65,68,43,2,69,10,71,70,3,81,39,6,25,70,87,47,9,13,79,67,81,71,38,43,97,50,0
System-387,3,64,33,34,36,48,76,58,75,69,36,86,20,87,25,33,6,97,45,19,76,25,86,52,1,6,99,48,0
System-388,74,69,89,33,98,71,34,64,72,65,81,59,3,18,10,23,6,41,41,30,2,13,63,16,95,29,43,46,0
System-389,38,9,18,9,21,86,36,83,77,49,32,39,50,1,32,50,57,31,96,51,36,63,92,84,67,47,53,48,0
System-390,96,85,63,88,42,48,74,47,64,13,5,92,7,87,29,55,50,24,46,55,39,79,64,44,71,78,75,56,0
System-391,71,70,47,95,41,98,64,52,79,51,76,51,43,71,74,7,22,57,61,29,63,97,58,70,6,71,33,58,0
System-392,42,70,12,29,51,85,94,34,45,58,15,33,18,21,91,20,94,32,94,46,67,67,49,21,90,78,13,51,0
System-393,46,38,94,41,67,93,18,37,26,69,78,20,40,93,10,57,17,96,44,39,29,22,86,3,31,62,83,50,0
System-394,12,50,19,81,42,15,24,75,84,28,35,48,69,74,99,52,17,62,37,72,35,41,8,43,98,36,55,49,0
System-395,80,25,49,7,21,53,77,54,42,19,38,63,38,33,93,23,81,44,74,40,22,95,57,86,15,86,69,51,0
System-396,47,47,48,23,64,7,22,27,45,36,90,7,85,62,92,75,83,46,37,59,66,84,22,73,81,4,77,52,0
System-397,56,49,81,92,97,79,75,68,29,99,66,44,14,39,94,89,72,97,74,68,1,44,23,18,94,40,14,60,0
System-398,72,17,8,47,47,0,88,68,56,82,52,53,3,55,68,50,97,42,93,51,12,44,19,39,33,41,93,49,0
System-399,30,94,55,13,62,2,87,57,68,92,38,60,30,24,43,34,69,89,82,94,92,22,65,21,21,29,14,51,0
System-400,99,36,23,15,34,42,12,40,50,39,77,16,75,88,35,49,74,58,30,28,3,5,56,50,78,11,90,45,0
System-401,80,95,93,94,80,84,97,94,85,82,99,85,99,80,88,80,87,96,92,83,98,88,80,98,99,94,82,89,1
System-402,45,1,24,4,20,68,22,19,65,79,66,88,9,1,39,27,81,15,42,53,86,87,22,52,69,91,64,46,0
System-403,98,21,55,76,55,80,93,11,4,95,47,19,52,97,8,28,19,1,61,60,95,2,5,84,73,39,39,49,0
System-404,82,93,97,85,83,87,82,94,87,82,82,84,87,87,93,82,94,99,83,88,89,94,81,85,83,80,88,87,1
System-405,36,44,44,8,30,4,47,49,19,12,49,68,92,84,49,79,76,16,98,31,46,91,62,91,92,59,71,54,0
System-406,66,85,92,91,29,12,39,5,89,43,81,14,29,12,87,20,76,17,96,70,84,83,25,99,31,29,39,53,0
System-407,22,1,10,67,63,96,63,48,83,24,26,22,98,82,85,46,43,60,3,66,50,36,83,36,24,66,84,51,0
System-408,16,24,8,32,48,13,0,69,83,51,34,75,42,42,68,69,95,26,18,79,49,70,18,20,65,23,49,44,0
System-409,81,71,87,17,13,72,18,85,90,55,78,52,32,70,80,5,76,76,57,20,83,10,48,98,97,56,43,58,0
System-410,59,55,16,34,48,35,46,99,42,29,32,84,94,21,3,77,38,41,89,6,89,69,21,90,9,57,98,51,0
System-411,97,32,92,53,56,75,78,84,53,80,93,26,32,32,70,99,74,71,77,82,44,29,18,96,26,92,63,64,0
System-412,17,89,79,38,17,65,5,67,36,32,2,24,33,2,86,92,7,49,7,43,27,94,48,76,72,38,18,43,0
System-413,92,81,84,91,84,82,83,89,80,84,93,83,83,93,84,95,80,92,99,80,90,92,82,93,95,90,93,88,1
System-414,26,33,33,66,47,94,93,67,21,82,68,97,0,90,33,99,89,95,78,68,16,92,47,52,70,77,47,62,0
System-415,21,84,30,73,1,20,77,29,17,98,57,71,75,27,28,55,9,37,57,35,61,11,64,17,84,42,26,45,0
System-416,69,14,95,71,76,48,88,73,87,52,83,86,7,17,52,43,16,48,25,78,38,61,5,1,37,87,78,53,0
System-417,83,48,63,4,84,87,9,88,28,17,15,82,97,61,15,86,94,67,26,98,41,20,38,26,69,42,40,53,0
System-418,56,82,9,5,96,2,7,49,78,33,91,4,17,49,54,85,32,4,27,28,90,90,27,13,97,26,14,43,0
System-419,42,48,79,43,48,68,60,15,82,55,23,58,11,20,95,59,15,36,45,17,36,48,22,42,82,91,28,47,0
System-420,99,97,84,91,89,85,88,83,94,92,95,82,85,90,90,90,82,88,94,81,93,84,83,96,83,93,97,89,1
System-421,34,22,1,69,96,36,31,36,5,18,15,46,9,43,51,67,98,34,71,12,98,62,69,87,63,8,2,44,0
System-422,98,88,89,98,83,97,94,95,94,99,83,84,87,82,90,80,94,98,92,86,88,95,93,98,89,89,94,91,1
System-423,77,89,85,50,90,6,90,48,4,72,16,17,67,37,50,2,54,7,44,13,63,10,61,78,99,44,21,48,0
System-424,85,87,83,82,92,96,93,82,91,84,94,93,84,94,80,93,99,95,90,91,82,83,93,98,84,93,81,89,1
System-425,83,57,41,48,62,0,39,5,7,82,41,28,39,82,58,43,28,78,56,85,0,59,42,35,66,87,30,47,0
System-426,49,84,7,99,1,50,70,87,19,83,90,54,72,34,59,90,49,31,93,18,26,6,34,32,96,96,73,56,0
System-427,77,96,86,17,51,7,34,36,56,56,36,84,52,26,26,98,89,35,11,14,77,28,91,27,71,46,2,49,0
System-428,51,49,32,70,65,62,62,83,19,56,10,51,36,26,86,80,54,22,50,36,97,89,15,16,80,74,1,51,0
System-429,91,92,81,84,92,96,93,99,86,94,98,94,86,84,87,82,87,97,80,96,99,85,87,86,84,81,91,89,1
System-430,41,64,76,92,36,45,19,13,64,47,30,76,33,43,32,2,75,72,24,5,78,89,42,70,11,70,63,49,0
System-431,50,25,21,34,40,53,39,68,99,44,25,50,93,23,87,94,56,44,89,25,81,59,35,11,99,85,80,56,0
System-432,16,78,53,5,62,84,42,67,64,82,52,89,83,30,8,89,42,72,9,47,46,15,60,16,0,88,46,50,0
System-433,9,52,0,12,64,33,40,27,9,96,87,10,62,76,36,36,97,15,93,47,1,75,60,24,46,89,81,47,0
System-434,21,30,9,90,28,94,47,33,37,69,50,67,21,48,23,43,59,53,0,3,80,97,33,50,53,58,73,47,0
System-435,81,93,95,95,82,81,92,94,90,91,92,95,84,96,84,94,92,95,94,82,98,93,91,98,96,92,95,91,1
System-436,52,44,75,30,70,86,49,31,54,9,7,31,81,2,21,85,11,34,86,16,39,55,56,0,34,9,4,40,0
System-437,20,86,93,83,82,14,97,47,9,84,33,63,41,33,23,4,79,22,98,95,36,27,22,10,32,50,70,50,0
System-438,74,63,83,63,78,16,14,0,84,94,97,8,2,22,78,33,28,37,29,25,78,72,71,74,11,90,93,52,0
System-439,44,61,21,84,74,61,90,2,91,76,95,16,58,65,97,43,10,81,78,94,28,27,40,94,47,25,55,58,0
System-440,68,6,86,12,1,1,48,10,45,60,97,29,91,30,93,27,84,59,98,11,30,50,79,47,55,30,11,47,0
System-441,80,74,14,12,10,99,46,92,17,44,25,53,88,75,73,31,28,96,93,79,41,30,90,98,6,9,39,53,0
System-442,58,72,19,69,40,80,20,23,72,64,88,16,48,69,55,55,36,89,65,18,68,53,3,17,20,48,40,48,0
System-443,38,3,8,70,7,15,88,0,29,10,98,86,3,56,75,12,54,30,32,18,81,54,97,42,7,92,80,44,0
System-444,58,54,7,39,10,0,23,72,20,16,29,22,79,99,72,3,21,25,62,43,89,54,0,73,31,85,1,40,0
System-445,85,81,83,81,99,89,95,90,81,80,92,80,97,95,81,85,93,88,81,87,90,94,93,86,89,81,92,88,1
System-446,20,12,95,27,60,47,46,58,47,32,45,98,80,3,60,33,67,92,53,62,68,90,20,92,52,37,58,54,0
System-447,35,10,57,67,21,80,62,98,39,94,83,93,99,47,77,77,80,81,9,98,77,6,40,40,73,73,85,63,0
System-448,92,63,32,68,69,14,42,41,84,65,17,44,91,95,57,85,80,22,82,43,84,31,15,9,26,79,44,55,0
System-449,75,78,99,28,71,79,84,24,76,77,46,27,8,86,31,37,87,88,13,26,75,67,31,26,71,7,5,53,0
System-450,24,58,28,7,57,35,97,50,35,44,43,92,78,52,85,67,56,48,72,83,24,44,19,68,7,60,43,51,0
System-451,97,7,39,80,25,12,43,97,77,39,66,27,6,2,69,21,18,34,36,98,70,54,10,68,89,75,1,47,0
System-452,95,96,90,91,86,92,86,97,96,87,95,95,91,92,89,94,90,90,93,83,86,85,90,92,81,92,95,91,1
System-453,10,56,89,96,85,87,99,90,97,91,12,33,93,48,82,45,7,45,0,39,41,64,27,99,83,10,47,58,0
System-454,57,97,90,1,18,73,50,32,69,40,5,82,90,2,93,53,35,8,52,26,20,81,20,24,43,6,99,47,0
System-455,59,6,37,46,24,68,14,55,32,64,2,62,32,62,35,88,25,33,52,4,41,31,45,29,22,66,11,39,0
System-456,0,19,79,97,75,59,15,56,4,40,82,60,76,32,74,3,69,24,42,32,82,63,55,96,52,92,23,52,0
System-457,93,91,87,84,88,86,93,92,98,85,92,94,88,82,88,90,80,95,89,95,96,93,82,93,81,84,82,89,1
System-458,44,68,65,61,33,99,90,75,87,42,2,68,26,81,72,0,33,65,11,78,38,15,70,29,64,68,78,54,0
System-459,54,2,95,76,26,96,47,16,40,87,51,11,4,5,34,26,64,34,24,28,62,34,58,63,97,28,45,45,0
System-460,73,70,52,48,45,30,72,52,5,29,8,61,63,16,6,69,83,73,64,2,32,66,13,41,37,69,49,45,0
System-461,20,67,0,64,96,74,97,20,72,39,7,40,17,80,66,49,81,33,9,72,87,26,63,72,94,85,9,53,0
System-462,0,62,73,12,62,0,67,1,25,88,37,10,80,1,41,83,34,32,59,61,96,3,39,53,39,59,86,45,0
System-463,38,63,48,41,58,89,69,27,73,79,28,89,53,96,86,86,45,93,21,6,27,55,0,46,59,39,89,56,0
System-464,90,69,34,27,90,69,61,18,64,45,11,92,85,55,81,88,86,20,52,50,94,36,62,73,80,60,34,60,0
System-465,56,26,4,31,40,48,24,42,26,84,84,32,19,71,2,32,85,73,14,40,6,98,29,5,66,89,76,45,0
System-466,80,91,17,3,56,20,71,41,5,26,13,5,4,84,68,20,2,34,78,21,36,52,45,31,38,1,43,36,0
System-467,58,65,57,78,83,59,9,77,83,77,2,59,68,11,83,86,45,70,99,58,66,84,64,51,44,89,73,63,0
System-468,85,81,95,98,94,84,80,92,92,88,83,97,90,82,88,86,86,80,92,90,99,85,85,95,95,84,96,89,1
System-469,2,69,66,4,18,49,64,19,87,33,44,64,66,13,17,32,71,24,55,3,19,58,21,49,55,44,36,40,0
System-470,72,1,84,52,30,79,35,33,14,9,53,31,54,80,90,87,62,89,84,66,44,27,19,60,6,4,23,48,0
System-471,62,30,29,33,68,88,55,19,88,19,25,98,99,60,2,11,25,60,39,4,60,40,33,22,68,70,22,46,0
System-472,6,18,25,28,99,76,9,43,22,61,43,70,64,50,76,79,15,69,65,41,54,7,52,69,68,74,47,49,0
System-473,29,93,18,4,57,43,33,88,49,39,50,70,20,66,76,85,1,94,72,46,77,87,16,44,27,23,54,50,0
System-474,7,69,11,42,86,71,42,31,67,39,72,52,57,73,47,92,17,73,50,18,46,97,62,12,49,65,88,53,0
System-475,17,73,3,16,94,69,45,76,59,29,58,60,84,76,75,47,23,70,48,36,53,72,36,19,4,89,80,52,0
System-476,0,66,78,97,62,94,49,42,43,98,6,62,38,3,23,31,96,3,86,32,98,27,42,1,80,76,11,50,0
System-477,99,85,96,98,87,83,89,96,87,99,94,92,91,96,83,86,95,97,96,99,95,82,85,81,99,93,90,92,1
System-478,69,45,52,94,7,18,97,72,34,65,92,1,5,7,10,71,70,7,87,0,96,51,35,72,10,85,96,50,0
System-479,18,54,64,98,19,50,9,24,28,89,17,50,74,26,60,5,98,51,99,73,77,1,73,36,61,90,72,52,0
System-480,6,6,13,84,21,1,11,6,42,83,18,28,46,47,67,67,96,37,66,61,73,89,96,2,66,42,74,46,0
System-481,93,85,97,94,88,83,97,93,87,80,93,90,80,87,87,87,83,87,88,98,94,83,80,84,87,81,81,88,1
System-482,84,95,90,90,89,82,86,92,81,89,93,88,96,95,89,93,81,81,93,81,81,97,80,88,86,91,90,88,1
System-483,39,58,26,10,74,80,79,67,3,56,49,74,29,94,41,24,18,83,11,96,46,12,37,59,17,57,2,46,0
System-484,39,74,32,31,46,24,65,57,5,12,88,67,7,38,82,75,31,66,7,14,61,42,75,64,36,29,58,45,0
System-485,84,89,52,86,23,43,49,55,23,66,4,20,81,19,51,39,63,35,63,18,38,52,38,51,54,2,58,47,0
System-486,17,14,26,30,82,18,35,25,38,23,13,70,70,17,89,10,31,34,14,5,9,61,57,77,18,93,44,38,0
System-487,98,57,57,79,68,84,23,66,73,19,67,97,29,10,41,42,11,46,76,70,27,18,9,18,30,96,10,49,0
System-488,68,17,51,30,46,67,41,95,98,75,66,51,8,74,36,29,60,10,30,24,41,9,21,51,43,78,41,47,0
System-489,73,93,4,60,46,84,47,28,44,81,63,58,8,12,93,75,61,39,40,73,21,33,32,50,52,18,94,51,0
System-490,15,7,25,72,97,3,40,84,14,90,55,95,49,3,2,77,15,66,48,69,99,79,20,25,46,38,81,49,0
System-491,89,63,54,30,73,41,6,91,20,29,19,5,13,8,4,42,4,66,78,66,73,80,4,36,74,24,99,44,0
System-492,39,30,1,15,50,26,62,5,7,63,62,26,1,4,64,65,62,36,47,52,37,24,33,57,63,94,83,41,0
System-493,76,5,15,75,59,17,34,83,32,35,96,15,21,5,5,76,42,92,65,21,70,79,15,10,38,43,53,44,0
System-494,0,87,42,37,61,61,4,72,4,77,68,40,0,95,38,50,78,82,50,3,29,41,76,33,85,62,16,48,0
System-495,60,23,42,2,54,71,92,5,66,28,99,32,75,63,10,65,89,96,6,84,36,49,77,20,91,99,35,54,0
System-496,43,2,52,17,42,1,16,22,81,65,2,62,86,36,58,77,58,33,78,20,26,26,19,34,63,42,20,40,0
System-497,87,99,59,1,78,63,51,16,27,9,4,12,80,65,94,22,62,9,49,67,20,3,98,90,83,73,47,51,0
System-498,35,46,14,89,5,48,78,30,12,10,83,41,56,58,94,81,32,87,30,30,69,36,30,6,29,31,31,44,0
System-499,37,9,0,34,52,96,46,35,92,89,78,96,94,15,8,60,80,77,36,10,6,52,76,56,68,51,70,53,0
System-500,60,7,14,85,56,50,81,17,76,99,29,62,17,3,38,58,81,35,81,54,8,93,56,49,57,10,40,49,0
System-501,67,16,99,57,32,84,80,33,81,70,27,37,81,43,9,37,89,95,5,38,22,99,92,88,15,93,44,57,0
System-502,80,24,52,74,89,98,64,94,42,32,63,44,76,44,56,76,48,13,73,92,63,64,5,76,30,38,16,57,0
System-503,95,15,56,96,28,65,21,49,53,1,56,72,15,73,77,52,59,3,96,45,83,88,75,94,48,61,10,55,0
System-504,46,61,90,84,3,98,28,30,8,80,77,42,83,55,74,36,56,25,13,96,59,32,63,12,44,10,89,52,0
System-505,3,57,38,39,44,83,17,37,63,94,70,84,94,31,60,7,98,4,79,49,98,29,99,32,25,83,32,54,0
System-506,81,77,67,30,90,14,0,78,22,69,54,11,23,63,63,7,61,90,67,48,0,91,87,11,7,74,52,50,0
System-507,90,80,84,88,83,84,91,82,94,83,87,83,82,90,96,80,97,95,97,81,89,81,80,89,87,98,94,88,1
System-508,35,31,53,84,80,12,99,73,11,44,12,23,20,55,41,89,83,63,12,8,42,30,22,49,54,6,93,45,0
System-509,31,2,38,84,9,4,71,65,0,24,97,24,23,36,12,32,17,59,8,81,39,19,89,83,73,24,62,41,0
System-510,70,6,67,1,75,25,56,52,51,21,58,77,5,0,6,66,15,90,48,38,21,88,12,21,67,63,14,41,0
System-511,21,10,16,9,32,53,19,17,9,73,94,28,23,33,18,28,1,47,99,41,63,50,32,30,74,42,31,37,0
System-512,97,44,68,45,31,9,86,89,68,25,58,90,74,76,51,98,5,1,67,91,3,73,33,75,18,73,11,54,0
System-513,33,64,99,87,91,26,9,75,3,44,40,84,99,22,33,83,28,37,43,24,98,75,41,68,99,53,78,57,0
System-514,82,16,7,48,88,60,92,81,72,29,14,94,60,9,81,49,49,26,76,8,34,8,48,33,1,93,68,49,0
System-515,28,89,34,56,73,8,76,54,54,73,83,60,51,69,60,19,17,20,58,16,55,93,50,2,68,47,37,50,0
System-516,75,61,20,50,72,52,81,55,21,71,39,58,52,34,12,44,55,71,96,10,99,34,74,24,3,80,63,52,0
System-517,85,87,96,90,91,81,90,89,93,87,81,94,82,94,98,99,83,92,93,91,82,93,81,97,87,84,92,89,1
System-518,89,10,35,87,37,59,0,93,51,87,15,95,3,34,0,2,61,77,61,8,34,52,92,92,21,58,66,49,0
System-519,28,36,7,35,32,86,55,18,10,9,65,5,70,54,74,52,42,26,93,6,97,27,1,87,54,94,42,45,0
System-520,93,80,1,12,13,42,78,49,90,76,30,25,65,16,10,81,58,13,64,76,13,48,19,63,55,78,94,50,0
System-521,29,42,9,59,59,25,45,3,86,40,36,84,91,39,53,36,85,31,33,77,63,39,49,80,42,36,62,49,0
System-522,69,68,30,52,30,27,86,19,47,57,41,74,34,34,48,57,84,38,50,24,28,14,12,50,59,26,31,44,0
System-523,72,84,51,53,24,52,88,38,54,52,85,71,97,65,2,59,3,92,78,72,38,25,0,2,0,67,26,50,0
System-524,60,85,70,43,41,71,97,97,15,36,28,82,42,4,12,75,57,18,18,25,36,46,91,18,64,31,57,49,0
System-525,49,68,28,37,94,2,78,95,72,64,80,73,15,74,47,96,47,32,89,1,4,91,3,21,2,17,10,48,0
System-526,46,63,16,38,87,87,32,28,98,58,1,61,61,43,60,7,72,1,69,43,93,99,56,60,21,52,10,50,0
System-527,41,55,62,98,76,54,60,60,98,86,29,25,16,9,56,76,16,10,34,86,93,43,42,64,76,75,89,57,0
System-528,76,38,93,88,77,53,60,48,16,60,84,58,1,43,24,86,10,83,31,7,46,64,23,43,13,84,89,52,0
System-529,18,75,13,13,32,21,30,65,72,82,59,76,56,71,59,40,97,45,54,99,22,17,66,49,97,38,0,51,0
System-530,41,86,12,56,7,85,28,9,54,11,73,35,95,97,73,79,54,58,32,69,39,81,51,18,15,50,56,51,0
System-531,24,82,45,15,55,46,98,94,82,24,0,55,29,13,77,80,75,83,32,30,68,79,37,45,19,89,15,52,0
System-532,65,42,13,50,19,1,90,32,71,29,3,47,92,17,85,33,26,71,12,93,79,21,34,80,23,49,7,44,0
System-533,22,49,89,74,34,8,64,76,71,47,99,98,55,18,51,94,21,70,69,83,17,62,85,83,30,23,27,56,0
System-534,15,70,58,40,95,96,58,92,95,47,70,86,6,62,6,5,80,42,82,92,24,43,9,54,36,55,21,53,0
System-535,75,81,20,95,16,60,66,49,37,13,86,69,0,71,21,58,56,21,56,28,4,48,81,42,55,83,91,51,0
System-536,82,3,3,53,97,33,33,32,16,29,82,8,74,79,74,72,53,65,91,44,96,71,86,10,88,11,57,53,0
System-537,50,79,92,27,44,6,1,57,11,75,21,83,40,96,31,69,13,5,99,62,3,52,34,75,86,97,34,50,0
System-538,93,43,34,33,74,54,39,29,8,69,17,13,56,26,53,12,65,66,95,9,34,18,52,97,20,10,55,43,0
System-539,78,92,25,83,80,78,10,1,76,34,23,41,3,99,81,33,69,16,38,7,13,99,95,37,15,65,73,51,0
System-540,84,52,34,54,61,2,6,39,81,57,46,19,5,41,92,42,40,98,50,53,56,55,17,26,75,38,95,49,0
System-541,23,74,54,53,7,42,74,76,60,61,54,13,20,91,68,87,14,95,36,50,61,19,61,68,2,54,26,50,0
System-542,85,95,54,48,43,41,73,77,63,56,49,37,62,31,71,0,73,63,56,40,63,26,74,99,23,41,18,54,0
System-543,69,67,15,90,91,66,94,60,25,76,74,43,29,53,37,39,63,66,71,41,85,12,16,50,0,0,90,53,0
System-544,50,37,77,46,9,68,10,92,22,72,13,19,5,74,28,25,53,63,1,66,63,8,50,71,90,29,10,43,0
System-545,13,62,40,57,51,40,65,31,39,43,25,31,27,59,38,27,68,17,41,82,56,76,66,33,34,77,5,45,0
System-546,68,16,11,82,58,25,0,9,82,24,78,64,16,35,63,86,87,58,46,49,14,28,64,71,95,32,7,47,0
System-547,49,48,69,79,62,1,90,31,73,41,13,65,24,47,83,22,23,46,28,9,66,17,49,50,81,44,44,46,0
System-548,58,23,20,37,78,72,4,61,10,93,63,77,77,96,17,1,60,16,66,5,89,24,84,37,85,42,6,48,0
System-549,98,8,36,39,46,80,65,61,84,62,67,48,62,82,20,6,79,14,94,27,93,27,58,68,31,34,2,52,0
System-550,75,11,21,92,65,16,36,41,57,49,39,68,57,0,62,8,47,61,91,14,22,98,32,12,73,36,8,44,0
System-551,69,44,31,27,7,34,58,66,3,69,18,34,17,24,12,29,26,53,23,72,11,95,36,91,75,65,60,43,0
System-552,16,8,1,67,16,47,56,79,84,83,57,78,82,90,24,78,69,73,25,21,43,3,17,17,4,0,64,45,0
System-553,18,82,82,68,89,67,92,59,89,80,8,58,43,86,49,4,98,60,8,64,74,4,36,21,81,90,62,58,0
System-554,65,12,57,50,66,85,6,45,11,28,23,57,90,4,64,21,36,71,53,59,2,99,61,4,4,87,3,43,0
System-555,87,99,70,67,17,8,46,62,21,49,77,12,73,12,96,17,33,53,11,64,71,62,11,73,46,9,36,47,0
System-556,24,83,76,48,59,0,92,34,55,10,13,36,5,47,55,43,32,67,62,73,4,10,13,14,11,77,41,40,0
System-557,15,70,93,41,36,52,75,37,19,61,71,20,13,9,75,55,78,4,0,51,86,8,70,89,82,33,26,47,0
System-558,6,13,98,16,75,0,79,61,68,21,5,81,42,25,4,95,69,11,77,49,75,69,99,7,7,61,11,45,0
System-559,64,26,27,57,28,45,80,79,53,52,78,39,61,87,31,97,8,26,11,36,14,74,9,13,71,47,21,46,0
System-560,13,96,33,76,63,16,46,93,75,92,67,87,17,23,50,12,90,26,36,86,98,8,84,26,60,34,65,55,0
System-561,18,11,33,25,99,43,25,42,22,6,47,32,43,29,21,8,51,18,7,72,90,33,95,69,18,88,34,40,0
System-562,63,34,18,62,80,0,94,57,99,60,44,73,51,8,93,50,58,93,77,2,35,26,88,29,75,52,63,55,0
System-563,80,36,81,99,13,7,49,43,49,49,16,40,24,73,20,32,1,85,2,65,80,55,20,11,26,66,6,42,0
System-564,30,73,35,58,94,87,4,17,89,2,20,51,99,38,85,50,95,55,27,93,15,51,41,13,37,96,71,53,0
System-565,54,66,99,16,68,19,17,93,30,75,98,11,58,44,4,70,76,40,14,91,11,64,44,75,31,94,85,54,0
System-566,96,78,5,43,73,67,45,76,95,16,93,88,11,74,90,46,63,15,54,87,79,35,15,65,75,32,11,57,0
System-567,10,93,57,79,2,77,55,51,85,90,54,77,54,70,56,98,46,13,17,58,87,48,3,59,90,23,80,57,0
System-568,95,88,91,96,91,90,99,82,84,90,81,81,95,81,82,97,81,98,84,95,80,90,91,94,94,88,94,89,1
System-569,81,45,2,92,55,44,77,74,12,0,77,12,47,60,53,16,45,8,56,31,72,85,83,20,2,49,85,48,0
System-570,80,53,30,65,71,73,49,61,99,9,29,32,62,0,72,27,62,42,24,51,9,56,3,93,53,75,34,49,0
System-571,39,53,21,6,63,76,30,2,71,59,91,61,38,1,82,74,28,30,98,27,17,12,22,32,40,70,13,43,0
System-572,88,99,84,84,84,80,94,96,83,95,98,93,86,83,82,92,87,83,96,95,91,90,86,87,91,80,95,89,1
System-573,0,1,89,74,39,84,46,1,71,82,79,30,62,70,89,39,97,95,69,77,34,14,73,76,93,16,6,56,0
System-574,60,45,87,19,64,44,39,15,52,69,93,77,41,88,36,35,66,1,14,65,67,56,8,92,59,58,12,50,0
System-575,80,41,57,3,98,83,25,51,49,71,33,52,77,77,72,94,63,57,88,88,8,87,63,5,46,2,30,56,0
System-576,50,66,39,32,67,15,35,84,43,52,46,36,43,76,29,96,58,49,34,8,21,80,13,40,44,60,13,46,0
System-577,66,67,87,31,86,94,52,71,40,46,11,2,31,31,7,92,34,77,36,9,49,29,59,54,56,40,75,49,0
System-578,99,87,44,77,7,5,65,84,39,77,6,7,69,76,73,87,65,56,49,93,20,1,31,92,36,18,54,52,0
System-579,82,83,85,86,97,84,89,86,86,92,98,96,83,86,92,99,82,95,84,90,91,90,81,91,93,92,85,89,1
System-580,40,33,37,62,30,7,57,54,87,85,11,21,64,30,80,72,24,16,38,49,49,31,31,88,54,8,64,45,0
System-581,8,27,91,68,23,92,25,31,48,58,38,73,77,50,14,67,84,10,28,59,92,95,75,63,65,61,51,55,0
System-582,46,55,4,23,45,27,90,55,98,3,31,86,92,25,3,75,88,96,54,35,66,56,72,95,45,17,77,54,0
System-583,30,49,4,80,56,25,11,37,60,51,98,79,87,63,40,4,43,42,33,91,41,97,43,60,23,13,61,49,0
System-584,90,30,53,56,71,21,72,91,9,23,33,44,70,81,74,74,62,70,34,0,17,12,83,62,61,88,6,51,0
System-585,57,91,34,67,98,21,64,4,90,3,67,59,51,7,0,15,14,79,65,88,67,81,29,74,51,80,9,51,0
System-586,86,30,76,49,79,54,8,94,68,89,6,72,52,94,34,59,17,4,34,11,41,16,83,89,31,15,79,51,0
System-587,31,34,27,80,30,90,71,64,50,15,30,34,31,72,65,62,72,19,23,27,1,90,4,66,91,33,77,48,0
System-588,82,78,80,65,63,9,3,72,73,77,85,44,24,83,72,43,17,36,22,76,84,78,86,32,10,98,13,56,0
System-589,79,81,86,18,73,1,21,62,55,36,56,91,82,69,51,29,22,67,90,20,97,63,1,60,22,2,54,51,0
System-590,23,88,47,69,2,37,34,32,18,36,92,16,72,24,2,9,35,27,53,2,32,68,9,23,51,71,47,38,0
System-591,88,65,60,99,1,42,19,22,83,79,41,84,20,75,23,11,9,39,5,6,86,60,32,20,2,17,75,43,0
System-592,58,81,29,48,73,2,28,22,22,95,73,38,78,45,10,43,46,15,81,24,40,90,75,22,3,46,53,46,0
System-593,23,37,23,37,47,40,1,80,36,1,0,55,11,19,51,78,57,9,45,91,79,64,0,98,64,59,98,45,0
System-594,46,4,62,43,84,38,32,14,95,45,59,25,47,50,84,7,42,54,49,87,11,94,2,7,44,47,40,45,0
System-595,62,45,59,58,99,41,57,74,11,56,22,84,7,25,57,49,65,22,42,42,95,5,96,71,89,46,31,52,0
System-596,64,39,31,89,21,70,8,62,10,88,6,92,86,17,22,11,58,57,15,98,81,70,99,46,4,32,71,50,0
System-597,96,71,53,44,41,87,71,97,74,13,84,99,93,60,89,92,78,15,12,3,82,75,21,39,10,38,39,58,0
System-598,53,89,87,32,1,96,22,20,38,90,44,34,56,57,35,54,10,77,93,69,58,10,22,37,92,13,35,49,0
System-599,97,88,83,99,91,97,91,96,98,97,97,97,99,81,89,86,96,84,85,83,88,81,82,95,81,96,98,91,1
System-600,16,8,85,42,58,19,96,62,52,75,15,33,93,18,86,16,59,27,43,29,29,29,26,28,69,41,37,44,0
System-601,55,47,98,14,79,93,50,26,7,37,15,46,94,38,91,61,62,75,78,53,41,31,92,2,26,35,12,50,0
System-602,5,11,41,74,40,66,4,81,60,94,18,87,9,61,60,91,88,86,58,85,82,48,11,76,90,36,25,55,0
System-603,86,30,83,79,80,10,29,37,39,55,91,54,26,80,42,29,30,22,55,66,88,27,82,37,89,35,34,52,0
System-604,61,62,41,48,77,45,99,69,83,23,17,81,37,20,49,6,41,51,30,42,50,7,12,4,43,55,61,45,0
System-605,83,42,52,47,79,95,80,89,55,79,61,14,8,43,10,23,26,69,50,97,39,36,60,0,74,63,9,51,0
System-606,70,97,45,37,47,3,69,65,72,61,84,53,92,6,1,34,51,39,89,83,60,8,94,0,12,98,8,51,0
System-607,55,11,95,93,0,49,11,34,96,71,44,19,98,15,5,89,99,46,74,43,56,37,18,47,49,18,88,50,0
System-608,97,4,14,23,46,39,89,74,0,74,48,67,45,42,15,46,45,3,88,52,36,37,84,76,61,6,91,48,0
System-609,97,52,87,48,78,28,58,98,9,55,8,96,88,69,67,7,28,11,61,49,63,90,34,59,37,83,87,57,0
System-610,97,82,83,97,98,88,90,85,93,80,92,82,98,84,84,98,87,91,93,87,86,98,89,90,97,83,98,90,1
System-611,85,91,82,23,40,84,66,95,87,22,14,89,78,49,57,13,88,11,55,95,57,24,81,32,2,45,61,57,0
System-612,4,3,26,69,64,47,76,45,36,25,37,23,32,74,42,16,15,53,70,45,92,38,5,48,78,90,57,45,0
System-613,11,71,96,14,3,70,22,49,63,39,6,44,25,49,90,59,20,86,68,90,16,53,86,80,32,73,57,51,0
System-614,67,12,27,88,58,2,62,42,24,54,29,15,10,2,34,75,51,62,83,77,28,2,35,90,63,21,62,44,0
System-615,26,35,19,59,27,96,51,52,47,24,87,24,31,21,48,97,72,1,81,33,23,93,52,57,15,1,20,44,0
System-616,84,54,60,61,2,83,75,92,16,17,91,7,13,46,79,38,39,88,37,58,97,47,47,29,9,73,31,51,0
System-617,48,56,85,56,24,8,7,77,12,16,7,86,53,35,75,35,54,7,19,79,72,52,38,50,55,17,14,42,0
System-618,93,91,16,96,81,12,96,79,79,33,94,56,70,31,38,79,87,9,66,78,26,1,51,72,51,80,1,58,0
System-619,76,49,84,48,27,98,55,32,69,61,40,41,37,65,69,38,31,2,19,98,97,76,28,18,38,19,65,51,0
System-620,99,95,82,96,90,82,95,80,88,96,90,84,86,89,86,91,87,97,91,83,89,91,85,88,99,86,93,90,1
System-621,49,35,88,54,70,51,99,9,95,28,55,70,29,65,25,88,17,17,53,97,25,81,0,40,95,9,69,52,0
System-622,67,6,86,56,3,91,30,38,1,44,93,73,47,57,7,43,47,28,14,62,25,95,9,2,65,77,86,46,0
System-623,96,71,21,70,10,91,76,78,95,90,21,30,14,11,99,25,35,70,87,28,99,69,13,30,9,1,57,52,0
System-624,32,80,37,4,54,10,47,0,12,4,24,69,20,19,7,28,97,69,62,46,15,7,41,7,83,98,12,36,0
System-625,21,69,95,90,27,87,35,50,67,44,34,36,14,95,26,73,50,55,97,90,80,8,19,99,34,52,60,56,0
System-626,92,23,32,4,54,31,75,24,79,66,81,79,38,39,14,42,54,14,62,59,58,47,69,50,65,27,79,50,0
System-627,26,32,93,97,92,86,60,37,16,63,67,47,30,91,91,81,92,95,75,74,39,12,50,78,46,30,4,59,0
System-628,60,65,88,56,44,24,36,86,23,2,63,74,14,5,62,44,60,85,35,99,87,47,43,13,88,64,11,51,0
System-629,91,86,84,94,91,95,90,82,96,92,82,89,88,94,96,97,93,90,95,83,94,94,96,87,94,80,94,91,1
System-630,82,10,41,54,13,82,36,69,32,63,47,53,84,72,95,40,50,32,2,92,96,99,26,75,51,84,43,56,0
System-631,95,81,82,96,85,99,82,92,87,93,95,94,86,97,82,83,92,81,94,82,97,95,93,95,98,96,96,91,1
System-632,52,97,10,96,14,75,74,4,37,77,68,32,97,57,36,31,65,68,46,77,25,36,69,90,40,71,40,55,0
System-633,74,28,41,25,85,30,76,94,29,89,40,21,42,66,72,38,75,84,48,5,22,44,1,97,88,26,12,50,0
System-634,96,93,90,91,85,81,89,98,98,99,88,92,98,98,93,99,82,83,81,86,83,97,97,89,82,96,91,91,1
System-635,65,62,24,80,54,20,4,38,79,64,81,79,58,60,96,35,46,46,96,36,94,74,93,91,64,2,59,59,0
System-636,7,51,2,57,21,73,50,58,21,21,4,65,6,51,64,8,64,56,99,42,92,16,85,82,51,56,40,46,0
System-637,35,50,41,52,94,27,78,83,53,25,34,27,24,45,81,84,65,17,41,21,34,44,50,7,92,35,83,49,0
System-638,61,86,3,46,42,80,25,19,93,56,68,5,33,78,11,97,82,20,81,94,29,88,22,8,76,72,97,55,0
System-639,81,86,81,94,98,93,82,81,90,90,99,84,90,82,94,99,98,89,99,81,90,98,90,85,82,82,87,89,1
System-640,3,77,85,49,51,4,85,48,68,53,59,18,1,65,72,51,23,97,24,7,1,90,18,87,28,50,19,46,0
System-641,93,17,15,48,8,85,79,67,63,4,38,17,18,26,65,23,64,99,8,78,72,19,53,88,5,53,1,45,0
System-642,9,26,93,61,39,9,69,8,82,58,22,14,9,32,47,64,99,79,81,85,66,8,29,65,24,32,12,45,0
System-643,89,31,27,1,22,34,57,13,79,24,74,30,63,45,4,66,1,55,86,50,96,83,82,57,94,82,71,52,0
System-644,98,25,5,53,35,35,61,36,58,47,25,24,60,34,3,98,29,70,66,66,86,70,69,73,79,75,1,51,0
System-645,39,89,42,22,4,67,82,81,20,58,87,7,39,29,45,89,36,98,32,40,28,9,93,97,90,99,34,54,0
System-646,20,93,83,77,9,67,80,66,92,61,88,62,63,62,39,51,31,30,78,49,0,52,95,85,90,30,79,60,0
System-647,90,34,64,51,7,56,20,63,1,99,22,23,11,39,41,48,34,82,64,83,4,78,8,53,54,38,39,45,0
System-648,68,33,91,90,87,61,34,73,90,20,6,12,74,32,39,76,70,79,44,51,82,36,64,42,43,4,11,52,0
System-649,76,67,38,54,43,30,22,91,98,58,22,36,65,49,7,70,11,86,87,64,42,24,1,67,8,75,67,50,0
System-650,52,85,37,45,28,89,75,78,25,55,36,51,95,62,17,4,26,85,4,77,68,45,80,64,26,51,51,52,0
System-651,28,0,44,32,17,65,57,9,71,34,88,38,52,80,72,80,6,93,84,38,73,6,10,49,55,45,31,47,0
System-652,15,49,96,12,19,90,48,31,54,71,9,42,34,39,74,83,84,44,6,36,11,66,99,44,83,38,11,48,0
System-653,20,80,96,65,83,52,60,29,28,57,6,96,2,29,79,23,61,10,95,9,47,66,42,92,70,71,82,54,0
System-654,89,94,98,90,91,96,97,98,88,94,80,84,81,88,89,95,99,82,88,85,87,85,88,83,99,93,81,90,1
System-655,99,99,10,55,20,58,68,54,19,58,19,34,50,67,24,90,73,44,91,86,52,14,33,61,12,52,53,52,0
System-656,27,94,72,12,91,37,59,93,29,88,89,41,16,87,6,9,14,34,80,37,86,74,5,60,91,50,57,53,0
System-657,78,71,36,85,32,98,6,29,74,68,58,13,53,38,78,46,0,59,25,10,81,54,55,13,55,88,99,52,0
System-658,18,46,19,23,41,10,22,32,22,84,13,4,6,8,63,88,91,24,1,21,52,82,56,6,82,62,16,37,0
System-659,49,75,6,56,55,79,29,72,33,59,81,46,87,96,74,30,86,61,61,5,18,22,19,73,72,47,1,52,0
System-660,95,85,88,82,83,99,88,99,99,88,88,81,97,92,83,93,84,80,80,90,81,80,84,96,90,99,91,89,1
System-661,99,82,41,67,94,49,99,19,49,63,76,3,84,32,22,84,76,11,59,32,84,52,42,44,25,37,77,56,0
System-662,7,49,19,99,32,45,90,5,68,69,40,71,48,40,50,50,52,51,79,23,46,37,2,6,70,7,95,46,0
System-663,10,71,53,42,26,19,91,91,75,10,94,77,33,18,45,69,40,25,42,86,43,85,36,25,28,63,83,51,0
System-664,33,85,27,76,43,25,15,45,40,26,91,17,54,47,11,9,98,58,84,28,30,64,56,58,21,83,27,46,0
System-665,16,56,3,12,39,39,30,34,38,61,97,99,61,75,47,97,82,6,98,7,36,2,59,23,44,11,9,44,0
System-666,30,27,90,81,21,62,80,80,69,73,51,8,74,70,93,28,91,65,27,81,17,43,22,81,49,16,51,55,0
System-667,78,22,36,16,63,79,33,12,33,55,11,77,70,24,26,7,23,19,66,2,66,65,13,8,94,22,81,41,0
System-668,9,55,38,88,76,98,33,99,38,82,77,82,92,79,60,14,62,77,92,59,56,43,1,52,0,45,19,57,0
System-669,67,24,97,5,95,33,7,72,78,70,27,13,21,32,80,16,7,88,48,69,64,34,48,37,15,22,12,44,0
System-670,63,95,14,89,36,82,78,75,45,1,76,10,63,35,12,25,30,12,54,23,61,83,93,88,69,56,24,52,0
System-671,26,87,4,28,74,22,87,15,65,63,98,80,82,13,79,45,55,88,80,4,72,4,3,19,4,79,46,49,0
System-672,86,11,19,32,29,64,19,94,21,4,39,0,49,41,12,80,62,3,24,23,39,82,4,9,83,64,43,38,0
System-673,84,92,87,92,96,90,90,90,84,94,85,94,91,87,97,80,80,82,98,85,91,99,81,91,80,99,86,89,1
System-674,53,64,26,37,90,68,96,81,74,64,93,45,81,61,44,26,10,10,18,4,97,52,93,50,6,99,95,57,0
System-675,90,82,84,97,96,85,99,81,84,86,86,88,99,99,96,94,91,82,86,82,89,81,97,87,99,88,99,90,1
System-676,55,46,62,40,41,12,53,46,74,9,2,57,5,84,47,44,91,43,32,66,80,89,60,98,33,16,4,48,0
System-677,82,89,72,4,19,44,39,46,87,97,34,93,81,51,33,69,82,70,94,78,49,87,22,77,52,41,29,60,0
System-678,31,3,4,83,67,57,11,66,67,58,6,56,4,44,48,72,62,90,56,92,20,29,37,9,0,71,88,46,0
System-679,7,41,18,87,97,72,62,3,29,43,85,97,38,92,44,29,47,28,77,92,82,75,10,47,62,48,78,55,0
System-680,93,98,91,99,13,7,72,14,81,12,62,44,65,1,84,75,45,10,42,20,25,56,14,83,14,48,41,48,0
System-681,46,93,15,75,81,99,16,66,77,44,2,26,13,20,65,48,61,26,28,99,45,70,89,40,76,48,43,52,0
System-682,14,75,47,79,4,32,30,74,41,94,10,52,49,31,13,72,63,49,27,9,75,65,83,36,89,45,49,48,0
System-683,42,1,25,30,47,7,38,29,6,89,5,3,5,91,14,73,75,71,31,70,63,10,18,3,21,8,8,33,0
System-684,95,83,73,38,99,86,48,81,55,10,16,7,26,53,94,41,50,17,31,26,54,75,96,70,74,76,92,58,0
System-685,45,79,61,69,99,73,57,12,72,92,2,31,61,98,35,1,21,12,83,83,76,13,69,73,5,9,85,52,0
System-686,20,93,65,91,23,98,7,6,36,35,26,10,39,93,43,84,21,22,96,34,6,72,56,36,27,14,85,46,0
System-687,97,84,98,98,90,89,84,82,87,80,89,93,85,88,84,82,83,86,86,96,82,91,83,84,88,83,88,87,1
System-688,95,58,18,89,15,31,72,47,29,18,64,75,6,28,25,75,12,35,28,67,13,3,34,50,36,35,54,41,0
System-689,94,94,93,90,95,83,91,97,82,91,93,80,90,93,94,82,93,99,96,80,99,90,84,80,88,91,90,90,1
System-690,82,55,3,40,88,70,57,57,25,40,36,3,18,99,48,14,17,63,27,89,73,93,92,22,4,15,14,46,0
System-691,70,62,51,34,73,42,97,22,62,2,50,61,52,24,13,54,64,93,43,91,0,93,3,59,71,46,95,53,0
System-692,66,11,61,35,8,5,29,36,93,3,0,35,86,64,95,90,64,87,85,19,68,82,15,24,72,94,20,50,0
System-693,47,36,43,43,2,42,6,25,12,21,31,67,6,18,90,37,12,85,87,98,74,38,28,33,50,0,68,41,0
System-694,0,68,4,78,72,77,38,26,41,70,46,51,19,57,19,43,23,59,21,83,54,36,44,57,54,43,98,47,0
System-695,86,25,45,79,28,8,2,93,68,35,44,21,39,96,75,87,87,43,46,68,81,47,9,32,69,28,15,50,0
System-696,99,91,86,83,92,88,91,85,91,90,85,80,86,92,99,89,89,93,86,92,83,93,95,81,91,82,92,89,1
System-697,94,93,88,95,92,99,85,81,95,99,89,81,88,84,96,88,80,90,93,99,96,87,87,97,84,86,92,90,1
System-698,90,36,52,7,56,24,12,7,22,69,50,61,91,6,40,86,88,1,79,7,75,32,98,15,25,92,55,47,0
System-699,56,19,98,83,33,10,49,9,77,15,64,32,18,45,64,21,31,7,11,70,20,96,77,33,61,39,30,43,0
System-700,2,48,65,91,21,35,11,70,96,47,52,42,1,74,17,57,49,19,55,17,25,1,26,40,62,11,35,40,0
System-701,48,84,14,35,82,50,34,28,30,20,17,64,59,95,80,35,23,84,22,3,91,69,25,18,57,3,89,47,0
System-702,74,95,18,21,90,75,64,43,88,58,8,5,87,10,47,31,70,71,77,63,49,0,2,92,91,17,20,51,0
System-703,81,60,12,53,36,50,33,95,65,94,43,36,60,92,21,26,67,49,18,25,72,58,59,94,20,25,38,51,0
System-704,38,67,44,90,42,18,95,83,95,98,49,77,48,72,96,25,25,34,80,39,94,64,16,82,74,60,66,62,0
System-705,0,51,7,6,84,9,26,66,47,72,48,37,78,61,38,99,28,20,51,45,20,4,43,62,30,39,98,43,0
System-706,80,8,95,14,54,81,80,26,43,38,2,35,57,24,66,6,54,57,48,70,88,34,52,23,32,12,26,45,0
System-707,17,97,24,92,91,18,39,82,43,69,3,14,99,93,8,67,72,61,87,97,9,95,53,94,60,32,43,58,0
System-708,2,18,22,47,63,82,67,86,2,80,98,77,19,28,45,24,86,38,16,58,20,9,59,34,63,66,89,48,0
System-709,93,90,80,99,98,92,92,88,91,84,95,94,97,80,93,83,90,86,99,92,80,92,88,94,96,98,99,91,1
System-710,84,36,24,76,73,87,83,7,84,73,23,49,18,79,99,14,32,58,62,58,31,89,49,30,99,8,53,55,0
System-711,72,53,52,71,8,64,39,93,61,47,75,13,87,87,85,91,53,80,28,97,39,9,56,75,31,59,36,58,0
System-712,84,94,43,76,81,59,16,26,74,79,31,60,49,69,36,10,96,21,91,35,57,19,25,78,18,97,54,55,0
System-713,49,82,57,92,27,62,99,61,7,3,61,85,45,30,91,28,82,14,38,82,32,89,96,13,59,84,13,55,0
System-714,17,95,29,43,76,25,93,98,72,84,96,89,41,50,93,27,16,51,13,46,21,75,75,29,87,80,16,57,0
System-715,58,67,41,63,52,20,67,89,75,69,10,70,9,40,71,77,39,28,31,52,85,24,24,37,24,51,89,50,0
System-716,66,74,54,56,41,15,92,15,95,54,81,29,23,73,59,78,1,62,5,31,14,88,51,10,69,55,85,51,0
System-717,76,34,17,68,76,12,5,97,98,51,82,80,84,63,23,10,90,71,31,52,37,59,74,87,2,45,5,53,0
System-718,5,88,67,57,15,66,22,89,76,14,2,73,16,44,80,0,94,7,76,48,74,4,56,49,24,72,42,47,0
System-719,36,30,82,60,84,46,88,5,96,15,65,46,61,48,61,38,24,11,92,68,60,31,86,3,55,90,41,53,0
System-720,67,5,39,2,42,68,76,48,79,63,18,43,4,79,73,85,53,91,90,42,24,60,89,49,13,94,24,53,0
System-721,69,21,62,23,13,49,42,57,89,82,67,48,65,29,90,86,1,63,51,12,3,74,90,72,1,72,55,51,0
System-722,1,58,48,8,89,0,18,23,63,70,98,57,79,41,41,85,55,91,63,27,74,60,67,52,9,83,6,51,0
System-723,38,97,25,54,23,57,27,87,23,49,77,61,31,79,24,83,2,23,52,47,56,16,61,24,78,72,46,49,0
System-724,36,12,66,65,12,81,22,65,85,97,13,28,68,29,92,68,46,88,57,26,87,27,9,22,22,5,70,48,0
System-725,48,42,45,70,58,68,55,22,55,82,66,34,58,44,10,81,8,52,90,69,28,51,11,73,1,43,21,48,0
System-726,5,25,77,35,30,99,78,65,13,99,18,57,15,24,83,97,97,44,41,44,64,64,27,83,39,14,39,51,0
System-727,16,35,38,81,63,72,82,60,55,80,52,95,47,7,76,81,20,70,23,77,19,11,24,11,69,68,48,51,0
System-728,90,97,89,89,88,85,98,91,81,97,96,87,95,85,92,94,97,92,90,97,98,93,90,83,82,81,80,90,1
System-729,72,88,54,78,47,18,0,62,81,50,60,13,91,39,42,13,33,50,54,37,43,50,77,76,97,40,85,54,0
System-730,68,71,6,93,92,79,72,56,50,70,50,29,71,27,98,88,36,71,82,31,18,59,63,15,15,40,58,56,0
System-731,16,1,6,43,48,55,78,59,20,19,22,81,9,89,18,91,97,46,71,79,9,53,27,49,57,1,15,43,0
System-732,31,2,59,7,48,92,71,56,2,96,46,70,1,99,18,32,83,4,93,81,33,7,68,80,64,3,60,48,0
System-733,41,5,67,79,73,49,33,93,81,5,15,6,86,59,19,99,71,78,2,5,41,54,79,1,21,80,51,48,0
System-734,30,65,50,38,42,7,87,10,52,85,87,84,43,61,76,60,1,41,55,15,3,18,37,43,46,86,31,46,0
System-735,20,92,98,24,19,38,3,80,69,14,76,67,20,7,83,76,41,86,41,17,23,84,35,13,23,2,9,43,0
System-736,60,18,93,7,14,53,94,50,1,9,18,68,35,27,27,44,18,16,26,80,10,71,30,62,57,19,4,37,0
System-737,22,40,63,43,65,52,95,10,46,11,72,87,31,59,43,16,92,25,86,39,31,59,40,48,92,76,68,52,0
System-738,34,90,73,74,51,29,35,50,55,98,29,10,41,88,49,41,94,44,97,94,34,17,83,9,46,53,21,53,0
System-739,9,86,67,78,43,60,93,61,66,46,28,81,53,16,71,23,83,15,31,51,25,37,43,80,21,66,51,51,0
System-740,45,34,27,36,91,39,89,64,69,96,11,51,52,77,83,60,25,56,64,13,73,91,65,11,80,36,88,57,0
System-741,91,78,43,35,38,25,75,69,31,33,57,24,53,50,56,30,54,0,17,1,61,42,39,20,70,49,66,45,0
System-742,39,5,48,57,25,76,21,76,0,9,48,18,20,51,3,35,11,29,77,33,45,41,96,11,24,6,16,34,0
System-743,31,4,21,63,16,88,92,83,78,30,39,91,94,48,56,95,8,35,73,22,5,70,71,73,45,84,45,54,0
System-744,81,41,83,73,2,98,69,75,65,12,11,90,2,61,27,84,50,7,30,51,6,90,81,16,37,81,25,50,0
System-745,0,70,90,74,62,67,66,45,36,6,14,74,91,31,21,57,98,20,38,73,43,25,26,19,3,73,36,47,0
System-746,89,86,85,82,80,91,93,89,84,88,98,90,89,85,89,88,91,84,80,92,83,86,80,98,82,81,98,87,1
System-747,70,52,95,16,91,61,82,8,27,20,55,65,64,82,71,7,51,77,40,70,14,51,47,2,70,71,66,53,0
System-748,76,98,75,32,41,0,41,75,29,14,60,85,84,56,80,61,41,80,44,89,90,4,70,2,9,75,70,55,0
System-749,15,71,17,22,37,27,65,63,33,70,31,96,71,68,96,5,81,26,52,40,95,31,65,79,58,90,67,54,0
System-750,61,11,91,47,84,21,37,2,46,3,82,15,66,94,42,40,29,74,41,36,59,26,1,69,79,12,60,45,0
System-751,85,51,3,50,24,84,61,39,2,65,93,20,31,49,23,74,54,53,88,23,46,36,21,59,69,63,57,49,0
System-752,17,22,96,41,97,31,60,12,63,55,15,35,51,26,3,63,97,67,57,34,66,72,73,66,10,30,31,48,0
System-753,65,53,63,20,65,64,82,33,77,98,45,13,35,9,7,86,32,74,14,2,7,20,52,91,47,46,66,47,0
System-754,61,11,92,33,10,65,1,55,25,94,36,53,86,72,76,0,41,83,3,92,44,43,24,71,26,95,22,49,0
System-755,11,82,78,60,71,41,15,59,76,88,95,10,36,3,7,75,20,97,83,66,6,43,36,99,39,53,53,52,0
System-756,81,59,4,25,5,37,94,76,50,16,4,25,90,67,58,62,82,61,75,75,29,14,49,59,72,22,30,49,0
System-757,3,45,84,85,8,99,31,24,74,81,19,10,23,26,91,59,49,58,14,15,10,71,54,4,44,86,88,46,0
System-758,95,92,94,91,89,91,83,99,82,84,84,87,86,85,95,87,92,88,92,97,88,85,90,84,91,94,83,89,1
System-759,32,53,79,27,18,86,11,16,69,86,73,53,74,16,9,34,88,46,64,32,95,91,20,9,32,70,65,50,0
System-760,57,37,14,90,22,94,11,76,36,59,44,94,92,20,53,50,3,91,70,64,92,46,34,19,78,78,83,56,0
System-761,4,39,28,69,32,55,2,89,34,92,34,75,41,75,33,11,97,94,71,43,52,63,22,27,31,46,88,50,0
System-762,58,83,33,72,4,66,99,24,61,53,45,90,55,31,27,14,1,92,37,12,5,49,83,97,4,35,40,47,0
System-763,17,56,46,17,53,56,35,42,76,33,33,6,43,36,58,22,26,98,59,59,34,15,54,87,23,87,99,47,0
System-764,87,93,96,88,96,80,83,86,93,97,91,87,80,80,90,81,87,90,88,93,82,95,98,98,83,97,93,89,1
System-765,36,92,92,50,85,20,82,4,78,45,81,30,8,42,88,15,28,32,56,30,65,82,62,89,47,7,64,52,0
System-766,31,60,65,51,81,64,79,85,57,98,68,42,99,50,60,69,99,13,82,11,54,50,19,95,58,24,81,61,0
System-767,92,89,91,96,85,86,84,85,81,80,84,88,96,90,97,99,92,99,93,93,95,95,85,93,81,87,92,90,1
System-768,67,38,21,79,12,96,74,97,95,24,97,28,87,5,81,1,28,81,83,35,55,21,85,70,34,19,83,55,0
System-769,58,31,8,73,73,97,0,26,19,7,10,16,91,35,45,96,96,89,28,40,49,38,32,2,45,65,56,45,0
System-770,99,65,7,83,57,54,81,90,61,10,44,8,52,55,16,23,70,35,12,34,2,66,58,89,40,43,4,47,0
System-771,89,99,22,70,66,61,48,88,47,15,11,38,28,89,7,38,17,56,19,25,26,61,47,53,74,3,83,47,0
System-772,12,26,50,64,72,98,76,82,48,12,68,50,10,78,38,29,89,54,80,94,45,18,25,43,80,20,69,53,0
System-773,5,19,62,37,25,32,59,54,94,48,30,14,81,45,90,53,20,68,19,75,99,88,65,67,1,74,90,52,0
System-774,71,92,7,44,66,37,21,96,4,53,13,86,84,27,65,68,22,9,13,57,2,44,96,97,17,9,54,46,0
System-775,62,65,65,63,90,79,0,24,1,38,77,4,99,10,69,44,96,34,62,39,24,45,83,87,50,40,66,52,0
System-776,6,43,34,99,81,55,41,44,76,26,22,27,53,88,84,8,46,89,59,1,50,62,47,96,1,86,36,50,0
System-777,70,58,82,82,89,4,96,18,83,91,77,76,72,99,13,55,82,61,16,73,33,57,18,90,28,22,26,58,0
System-778,72,24,63,54,47,38,66,66,60,29,4,81,90,81,0,15,70,43,45,98,79,58,10,47,95,0,31,51,0
System-779,18,84,99,92,39,5,48,59,51,15,89,83,2,10,29,78,9,3,6,64,60,72,73,45,4,71,1,45,0
System-780,73,33,31,77,38,68,8,18,2,86,86,39,82,85,87,13,55,42,83,55,77,29,86,41,3,48,49,52,0
System-781,68,98,73,97,89,10,42,53,81,48,66,90,35,63,54,93,11,96,75,95,95,4,53,32,9,86,75,63,0
System-782,0,30,35,64,86,4,75,20,0,83,37,53,74,68,54,78,23,8,59,19,50,49,54,91,26,6,77,45,0
System-783,39,40,85,39,57,1,2,63,3,50,48,64,41,88,44,88,23,18,13,19,27,96,23,2,25,9,17,38,0
System-784,35,94,60,84,41,60,30,14,37,89,81,3,73,88,88,10,14,49,71,21,66,28,1,93,56,1,19,48,0
System-785,90,58,66,98,52,69,84,66,52,32,6,25,38,24,39,96,71,23,6,54,4,58,50,0,47,62,76,50,0
System-786,73,82,63,63,2,74,33,2,13,10,72,72,81,68,41,40,11,88,88,77,92,25,19,66,82,73,4,52,0
System-787,38,25,50,41,40,73,3,16,74,58,75,91,49,22,59,95,34,37,27,47,5,59,68,49,47,60,88,49,0
System-788,67,68,99,15,94,97,96,55,53,35,85,19,59,60,50,9,70,2,21,78,78,85,83,26,6,29,78,56,0
System-789,40,61,25,62,89,91,67,37,46,37,64,61,41,16,80,68,70,60,56,77,30,44,62,55,67,91,4,56,0
System-790,56,79,65,29,29,87,14,91,0,78,33,38,93,66,21,17,57,40,10,24,74,79,14,53,66,94,80,51,0
System-791,57,50,70,16,97,56,21,66,73,70,56,9,46,26,80,10,78,31,47,56,37,86,6,26,79,34,53,49,0
System-792,82,66,4,24,78,60,65,94,59,37,45,53,15,39,7,50,87,32,2,4,12,56,30,86,79,11,91,47,0
System-793,1,83,27,42,75,97,80,22,57,57,14,30,99,95,72,73,61,98,57,69,91,33,49,64,32,6,94,58,0
System-794,33,41,7,41,2,97,87,37,98,18,70,62,84,47,10,48,95,15,53,32,95,64,53,86,6,34,12,49,0
System-795,87,7,35,75,86,5,53,1,68,47,30,91,50,75,99,37,68,70,28,23,15,11,19,4,78,79,12,46,0
System-796,33,17,55,24,71,92,17,33,72,37,56,89,31,7,84,7,5,82,34,31,9,51,93,17,41,61,19,43,0
System-797,10,17,51,95,52,20,32,25,10,24,9,91,57,17,88,46,23,19,14,89,80,35,9,94,26,22,54,41,0
System-798,59,24,70,11,56,57,55,36,3,13,32,39,25,74,38,63,39,90,91,87,1,51,61,94,80,6,49,48,0
System-799,97,94,31,36,64,96,23,18,37,4,99,79,46,73,87,70,72,63,96,73,97,23,29,2,66,75,75,60,0
System-800,26,92,79,26,23,82,99,90,14,55,15,67,57,30,55,55,74,96,34,38,36,55,43,88,63,93,67,57,0
System-801,51,30,59,34,1,14,73,32,74,73,66,56,43,37,8,38,31,0,89,52,11,59,84,44,60,11,37,43,0
System-802,65,85,32,36,76,57,36,19,62,16,56,98,53,77,94,66,62,4,28,98,25,72,91,58,8,83,58,56,0
System-803,3,10,54,32,16,8,13,77,13,4,71,94,12,56,76,58,88,92,25,18,10,86,90,77,79,1,51,45,0
System-804,34,26,11,98,19,19,87,17,66,76,46,65,79,3,19,45,92,33,27,16,94,90,9,93,17,22,99,48,0
System-805,51,18,0,1,45,13,67,13,80,58,93,58,5,43,0,51,19,63,82,9,37,19,59,82,98,9,64,42,0
System-806,9,82,85,76,45,51,65,81,72,53,45,95,76,34,4,62,7,17,20,87,51,74,23,42,31,61,49,52,0
System-807,60,63,11,15,7,76,44,73,63,72,50,81,27,85,0,49,57,8,60,25,17,33,69,66,6,48,21,44,0
System-808,51,7,82,83,1,12,53,82,95,14,76,89,11,27,92,97,20,3,94,77,5,35,73,84,27,82,86,54,0
System-809,65,85,72,85,97,49,47,26,62,79,27,67,88,91,85,8,31,75,19,41,67,48,99,80,10,71,40,60,0
System-810,24,77,28,35,37,50,60,30,23,73,4,88,9,25,1,28,7,45,2,10,7,75,81,58,56,73,5,37,0
System-811,1,43,22,29,51,10,65,86,78,8,12,73,87,8,31,53,40,90,52,23,68,90,0,98,61,51,31,47,0
System-812,61,53,46,64,37,68,35,61,30,9,49,59,87,82,38,96,37,95,85,61,7,52,76,71,19,26,73,55,0
System-813,82,92,89,80,81,89,82,91,87,83,86,98,84,94,99,80,81,90,80,99,94,97,87,84,81,86,86,87,1
System-814,65,50,53,15,69,72,31,3,41,33,87,90,7,8,12,12,50,14,93,96,11,14,37,7,12,82,77,42,0
System-815,7,96,59,82,33,96,84,58,64,23,6,87,25,64,27,98,62,85,96,55,76,88,8,40,55,48,76,59,0
System-816,87,88,81,98,87,91,84,85,84,93,85,83,96,99,90,96,94,83,98,87,94,93,97,86,84,93,81,90,1
System-817,29,23,76,80,68,89,69,14,82,90,37,67,51,6,71,45,62,69,37,58,60,47,34,75,53,42,29,54,0
System-818,9,0,19,36,51,38,19,3,7,76,71,47,56,98,15,90,43,69,10,94,21,13,20,60,9,87,2,39,0
System-819,94,90,93,91,80,84,85,91,87,94,89,99,87,87,94,80,84,87,90,93,92,93,82,93,96,86,91,89,1
System-820,87,98,81,94,85,92,92,80,97,94,95,87,81,92,96,94,96,98,99,98,87,91,87,97,92,84,81,91,1
System-821,24,3,10,67,6,22,3,4,74,55,58,59,11,85,25,25,22,75,64,95,25,66,6,33,38,19,36,37,0
System-822,94,54,72,43,21,80,89,33,18,30,9,13,61,52,59,52,21,83,13,25,51,19,29,73,14,68,90,47,0
System-823,90,97,92,90,80,89,97,98,82,96,95,82,88,90,94,91,82,91,81,83,83,86,84,81,89,93,87,89,1
System-824,98,94,90,84,97,81,80,88,80,98,83,81,80,89,86,95,90,85,89,84,99,85,88,97,97,95,89,89,1
System-825,42,50,45,17,37,60,46,16,56,15,77,51,39,68,64,67,58,1,7,74,89,22,52,1,17,95,56,45,0
System-826,76,75,36,59,71,21,19,85,27,24,63,47,24,46,47,41,63,15,20,15,58,59,37,27,24,6,42,42,0
System-827,72,35,33,28,24,92,55,14,43,29,33,79,94,80,56,95,16,94,30,10,28,36,27,85,86,80,48,52,0
System-828,46,48,55,54,57,20,83,43,45,41,45,17,62,2,22,85,11,23,4,4,95,79,86,31,7,76,13,43,0
System-829,75,65,18,46,32,75,90,64,27,42,56,3,99,34,44,18,10,17,33,32,13,46,62,52,41,46,64,45,0
System-830,0,66,83,31,56,39,44,78,41,23,54,8,28,32,71,84,92,94,86,55,69,75,96,26,23,78,8,53,0
System-831,64,8,95,27,89,3,52,94,87,75,5,75,0,47,28,69,83,57,7,97,3,66,10,75,85,68,74,53,0
System-832,27,12,10,23,38,9,69,72,30,3,42,96,12,18,64,52,45,59,10,42,16,93,82,0,68,23,81,41,0
System-833,83,33,37,14,13,38,52,99,95,19,21,8,99,81,79,98,41,91,65,94,70,78,90,13,49,97,89,61,0
System-834,1,20,25,96,38,30,77,16,5,48,60,85,7,27,47,36,97,82,40,36,5,83,49,2,72,85,77,46,0
System-835,15,22,78,0,80,38,30,53,55,94,35,58,66,93,8,43,84,55,59,8,72,57,69,55,62,93,12,52,0
System-836,62,26,81,58,98,81,0,83,93,86,25,16,96,80,19,98,92,21,93,0,27,97,46,84,79,18,79,61,0
System-837,60,18,50,84,38,99,95,76,96,54,27,31,36,64,41,91,90,85,60,71,51,47,97,92,49,98,19,64,0
System-838,57,87,91,24,95,4,82,8,60,92,6,28,88,42,78,43,74,28,84,65,46,81,16,78,82,4,34,55,0
System-839,14,73,6,37,65,21,50,53,30,61,54,96,46,65,60,27,34,75,47,44,71,51,50,54,46,12,69,49,0
System-840,54,69,56,7,76,50,89,59,84,74,62,82,10,11,91,32,66,44,80,96,74,28,95,5,71,40,86,59,0
System-841,51,56,80,75,29,21,23,81,13,68,26,63,16,90,56,87,83,22,77,89,13,97,99,92,83,83,4,58,0
System-842,14,12,64,34,6,26,14,88,85,71,37,14,80,69,14,86,71,50,36,95,13,6,14,28,14,21,11,40,0
System-843,99,87,87,89,86,93,98,81,92,83,98,84,88,93,81,94,88,88,87,96,80,97,87,83,98,99,92,90,1
System-844,29,54,90,16,73,23,13,54,77,84,40,68,58,12,47,42,37,98,22,38,39,14,69,11,13,84,94,48,0
System-845,63,15,49,50,34,46,17,65,63,7,49,30,79,22,3,96,75,98,83,40,17,43,90,58,95,97,62,54,0
System-846,66,5,31,70,88,67,2,33,32,48,55,48,28,40,15,61,11,27,40,30,91,65,97,46,94,40,67,48,0
System-847,20,75,99,58,59,71,93,6,88,35,75,85,16,49,46,3,37,80,91,92,91,9,53,77,62,59,14,57,0
System-848,80,90,83,98,83,85,80,85,89,98,95,99,91,98,91,85,88,95,85,91,88,89,92,84,92,90,96,90,1
System-849,60,19,78,8,80,40,30,83,94,16,75,82,98,16,8,25,28,26,61,50,81,48,85,12,9,13,57,47,0
System-850,76,0,26,25,27,82,82,18,22,44,82,58,80,71,92,12,65,41,31,79,58,62,95,5,43,52,33,50,0
System-851,89,15,43,51,94,81,66,90,70,31,24,34,75,5,84,36,47,7,20,64,94,64,91,16,52,7,38,51,0
System-852,46,79,88,82,23,64,66,67,95,15,81,47,94,56,8,90,6,18,14,84,3,12,80,74,77,95,32,55,0
System-853,84,95,84,95,91,80,83,91,90,81,81,99,89,88,80,89,97,93,82,86,87,84,81,93,85,81,85,87,1
System-854,12,19,94,1,52,21,85,26,99,53,51,26,17,62,39,28,94,65,40,20,0,60,29,46,2,55,4,41,0
System-855,88,96,86,81,83,87,89,94,93,82,98,81,80,89,84,94,96,92,99,87,83,95,80,87,99,90,98,89,1
System-856,22,76,64,14,88,76,37,74,85,72,39,19,78,86,12,51,0,24,84,24,59,91,80,43,57,60,72,55,0
System-857,2,53,10,93,4,61,50,81,86,17,99,69,41,60,70,54,82,0,26,81,91,26,27,74,85,12,26,51,0
System-858,64,60,15,0,95,48,66,45,52,9,52,54,68,16,96,58,20,39,96,35,9,33,30,26,73,40,93,48,0
System-859,99,15,94,79,10,84,43,58,48,98,72,52,44,49,34,95,83,72,8,29,79,39,59,65,57,25,44,57,0
System-860,55,56,65,69,96,73,68,33,77,80,25,18,27,99,4,6,48,78,5,33,87,54,78,23,42,88,92,55,0
System-861,65,0,24,9,2,50,31,9,81,99,69,94,18,73,53,6,42,70,8,53,13,95,52,5,38,49,70,44,0
System-862,53,32,43,71,77,23,0,80,18,1,47,73,15,20,54,13,45,10,41,38,48,46,29,52,55,30,55,40,0
System-863,85,83,93,99,85,97,89,86,87,81,82,87,88,92,97,89,88,91,83,88,82,89,97,82,92,82,87,88,1
System-864,42,7,41,87,31,49,31,16,18,93,99,39,90,97,53,96,76,12,90,5,82,99,72,5,40,7,21,52,0
System-865,93,51,32,68,95,66,89,89,53,44,69,58,43,15,23,84,42,30,57,45,87,62,94,28,8,88,44,58,0
System-866,61,75,12,51,24,5,17,77,90,22,62,84,1,26,6,81,65,69,0,5,85,14,86,25,85,65,85,47,0
System-867,50,59,47,67,75,53,94,76,43,36,77,0,20,98,35,94,94,61,61,13,50,5,91,86,43,8,4,53,0
System-868,62,78,14,49,67,14,67,98,0,15,1,83,49,38,61,12,82,29,20,47,2,5,59,39,61,95,80,45,0
System-869,33,12,83,82,45,45,87,85,48,39,90,78,4,88,88,75,99,87,35,73,91,57,63,62,26,57,73,63,0
System-870,29,42,26,68,70,49,18,4,46,51,91,18,95,69,73,56,4,77,90,53,96,51,66,57,22,45,44,52,0
System-871,34,87,10,0,9,93,60,38,15,92,80,20,17,53,11,36,25,13,25,14,27,92,15,61,52,77,97,43,0
System-872,29,40,35,80,96,79,86,48,52,93,28,81,76,72,45,47,34,56,45,64,31,38,76,38,80,83,30,58,0
System-873,7,72,31,8,26,78,44,32,87,57,72,93,61,75,37,86,74,71,2,56,69,98,48,26,95,35,73,56,0
System-874,36,68,81,68,1,94,76,32,9,45,86,85,44,45,91,6,80,76,64,17,67,0,0,81,79,57,55,53,0
System-875,72,12,82,91,91,27,97,38,40,47,95,93,68,55,1,43,0,38,12,68,32,18,60,14,22,55,73,50,0
System-876,53,54,39,69,35,64,9,44,41,28,96,16,69,92,87,33,68,6,26,87,61,54,36,34,5,93,98,52,0
System-877,84,82,93,91,94,92,93,96,81,99,85,85,85,92,92,82,96,88,95,99,85,95,93,88,89,83,98,90,1
System-878,13,7,2,67,9,54,53,56,27,70,81,45,56,16,50,83,2,10,64,23,39,17,57,40,89,42,67,42,0
System-879,17,82,64,36,87,4,93,97,59,14,8,41,74,96,53,86,45,65,18,67,61,37,39,84,7,0,86,53,0
System-880,90,96,92,81,85,81,80,82,81,91,82,98,96,96,81,99,94,88,82,88,93,89,97,96,97,95,89,90,1
System-881,97,78,24,65,78,37,98,78,53,18,63,63,32,64,30,34,89,66,53,83,64,33,18,29,34,69,75,56,0
System-882,29,89,8,10,90,95,24,31,92,10,47,44,91,82,49,87,17,62,17,17,33,77,30,24,61,23,64,48,0
System-883,52,47,53,23,80,80,22,26,60,10,85,4,70,74,67,77,11,84,8,31,3,93,47,27,87,86,62,51,0
System-884,16,32,25,35,83,28,0,98,19,98,73,28,60,59,88,15,27,79,66,73,17,10,79,47,31,35,75,48,0
System-885,87,85,86,88,93,86,82,80,83,82,82,99,84,93,92,83,99,92,88,95,96,81,94,95,88,98,82,89,1
System-886,36,49,81,93,31,98,52,21,36,83,86,51,80,90,29,58,1,90,86,24,87,15,17,42,19,88,18,54,0
System-887,74,94,27,38,38,79,66,24,72,96,48,42,23,7,11,77,78,17,95,11,24,83,69,3,53,30,80,50,0
System-888,57,88,58,55,69,1,36,64,55,32,0,7,10,99,27,67,36,18,27,31,7,61,51,13,61,63,36,42,0
System-889,83,30,36,84,66,83,48,94,21,20,72,51,22,81,81,7,33,78,20,70,11,90,24,98,47,28,99,55,0
System-890,10,2,75,77,27,26,81,95,86,2,99,18,55,93,99,87,46,29,53,39,62,6,7,41,90,52,21,51,0
System-891,4,38,70,3,60,19,76,30,21,43,69,96,75,22,49,89,79,63,32,68,35,7,65,92,48,5,74,49,0
System-892,41,23,37,62,42,15,14,78,66,69,8,55,98,18,46,93,84,76,69,83,7,66,77,16,70,9,8,49,0
System-893,87,33,64,90,47,97,87,21,44,71,45,46,78,83,63,10,96,86,67,61,86,19,78,24,37,5,56,59,0
System-894,95,77,67,4,35,89,33,99,9,75,60,45,98,68,56,37,3,98,62,41,32,38,7,41,46,55,79,54,0
System-895,65,17,44,83,35,73,47,24,65,17,78,47,25,15,51,58,2,39,30,84,95,64,29,20,32,27,54,45,0
System-896,89,97,90,95,96,82,83,87,85,96,91,93,98,99,97,90,80,82,88,93,90,93,89,80,80,88,85,89,1
System-897,14,99,82,53,80,34,95,59,70,86,63,22,61,49,17,42,84,47,47,82,18,91,62,54,24,65,71,58,0
System-898,61,32,31,26,56,12,72,48,57,98,74,52,92,94,14,9,71,31,86,33,81,60,92,91,78,84,36,58,0
System-899,48,0,8,71,14,90,95,51,23,27,67,65,23,24,37,21,36,68,32,75,14,55,67,18,49,82,73,46,0
System-900,91,14,82,92,67,21,79,11,36,0,41,70,64,68,62,1,27,42,91,15,74,34,82,14,33,93,67,51,0
System-901,33,90,6,4,34,94,98,48,32,93,51,37,64,23,37,89,68,95,45,38,39,5,58,8,61,43,76,51,0
System-902,11,44,71,38,23,94,98,14,83,10,18,21,53,63,25,27,18,93,10,97,24,29,4,82,31,60,31,43,0
System-903,81,26,11,80,21,37,39,3,78,4,30,59,25,63,55,8,89,29,57,90,45,95,54,96,70,29,38,49,0
System-904,71,23,7,21,40,94,21,33,48,75,47,50,75,78,49,87,10,43,88,41,11,77,69,15,72,81,10,49,0
System-905,27,11,63,35,17,4,85,34,82,31,17,54,22,39,43,50,36,54,99,61,82,25,77,2,45,61,9,43,0
System-906,7,43,48,65,23,14,19,10,52,30,1,78,13,48,95,68,72,93,40,48,33,15,34,12,83,29,59,42,0
System-907,4,4,40,20,62,0,31,76,10,58,53,98,56,90,38,74,49,19,18,41,73,7,26,15,38,11,76,40,0
System-908,51,51,68,96,8,2,40,88,40,65,32,7,28,78,41,43,83,13,89,84,33,65,57,96,37,22,20,50,0
System-909,20,89,81,74,32,55,6,91,72,5,77,62,51,34,22,41,2,76,20,29,2,85,20,47,1,22,55,43,0
System-910,35,19,31,25,99,12,90,22,5,78,73,86,70,19,36,91,87,41,66,0,56,71,55,97,35,62,79,53,0
System-911,81,96,82,80,93,95,86,82,82,80,85,90,85,96,90,98,96,86,89,94,92,87,99,80,90,87,96,89,1
System-912,80,52,5,16,40,23,64,20,61,40,8,74,91,0,4,61,38,29,20,60,31,52,2,54,88,9,95,41,0
System-913,45,71,57,81,7,54,98,89,11,99,52,51,94,9,6,90,26,1,11,39,79,36,12,23,63,51,13,47,0
System-914,79,79,68,29,76,78,85,64,60,92,46,2,43,77,72,95,5,76,27,96,7,24,5,63,46,89,16,56,0
System-915,4,48,65,1,73,9,96,54,2,29,6,85,81,94,1,50,16,64,69,98,21,21,33,87,61,28,1,44,0
System-916,91,30,0,69,93,4,66,64,46,34,4,7,64,5,38,99,59,5,90,95,52,0,19,54,89,86,5,47,0
System-917,53,21,45,55,0,90,50,42,3,67,15,65,32,89,14,90,87,25,70,32,39,30,57,73,35,0,36,45,0
System-918,33,27,14,50,67,60,79,19,33,75,21,97,64,59,41,28,1,27,8,31,98,81,22,33,6,64,26,43,0
System-919,46,84,79,61,38,55,8,88,71,0,39,36,37,89,2,77,32,99,22,39,40,43,94,52,31,75,26,50,0
System-920,36,37,43,86,92,84,27,99,79,89,50,62,21,23,4,71,80,28,74,6,72,69,80,83,11,83,21,56,0
System-921,90,86,80,93,95,89,87,89,95,84,87,98,90,89,91,91,85,80,83,99,99,96,83,81,88,87,96,89,1
System-922,97,55,95,56,49,22,58,61,58,46,45,12,2,72,51,82,11,81,84,47,1,11,89,80,85,51,18,53,0
System-923,83,35,11,0,36,39,48,74,13,51,53,7,52,94,38,78,77,51,72,17,10,16,58,42,64,49,18,44,0
System-924,20,75,72,47,2,60,41,15,81,85,49,36,14,26,47,25,13,99,4,66,42,39,42,43,39,91,46,45,0
System-925,50,39,84,6,65,31,5,80,26,19,58,14,82,67,67,33,60,58,18,92,21,73,46,35,18,72,93,49,0
System-926,16,16,85,37,18,84,53,15,55,62,42,76,96,89,79,33,47,98,61,83,58,83,42,50,60,96,27,58,0
System-927,40,25,25,28,33,1,46,25,87,47,49,72,2,34,47,17,33,36,68,19,93,60,79,55,60,39,40,43,0
System-928,66,66,62,85,42,58,10,96,3,11,85,12,84,19,31,81,3,60,11,1,36,36,2,33,76,82,20,43,0
System-929,78,97,47,99,38,36,8,23,40,33,66,23,85,40,14,1,62,83,57,10,82,87,13,36,33,76,79,50,0
System-930,67,71,43,21,46,5,46,96,56,19,65,0,94,89,91,8,98,82,75,35,3,92,84,31,82,38,67,56,0
System-931,98,88,69,36,15,26,11,77,56,27,12,81,73,94,37,77,94,31,17,83,57,0,86,99,18,97,15,55,0
System-932,45,81,86,50,14,79,84,42,34,96,34,77,21,7,62,33,35,32,48,54,11,53,94,59,99,42,94,54,0
System-933,87,90,84,93,88,99,91,80,86,92,92,97,85,85,82,91,96,89,95,98,94,84,98,88,84,84,84,89,1
System-934,10,87,49,62,1,60,6,77,89,17,53,24,30,68,53,99,90,91,97,90,26,1,87,54,65,61,93,57,0
System-935,7,8,45,16,78,79,21,10,71,73,47,0,2,67,46,92,36,75,66,71,58,85,27,47,81,92,82,51,0
System-936,36,12,40,71,16,89,34,31,41,59,91,24,52,22,11,71,73,26,17,37,3,35,73,21,78,20,61,42,0
System-937,7,10,16,79,68,78,72,55,92,12,66,35,73,91,8,62,64,25,3,0,72,4,57,58,35,71,81,48,0
System-938,99,88,85,89,81,83,88,88,92,87,89,85,86,89,86,84,97,92,83,97,84,92,98,97,94,91,87,89,1
System-939,39,84,61,42,27,35,10,11,7,8,10,29,51,62,69,91,57,33,11,38,24,1,85,77,80,96,49,44,0
System-940,26,55,69,64,18,11,8,59,82,93,57,39,59,35,94,58,51,44,74,40,48,51,81,2,59,44,34,50,0
System-941,21,75,58,28,8,66,74,87,63,30,3,4,57,68,71,65,74,25,57,98,66,96,45,19,1,76,74,52,0
System-942,59,4,24,16,88,27,22,81,12,81,54,95,34,48,67,58,82,99,14,93,73,20,67,20,42,24,42,50,0
System-943,94,48,51,15,1,25,90,96,17,87,24,13,43,54,51,8,56,50,78,91,6,30,31,63,3,72,90,48,0
System-944,93,82,82,43,37,72,35,25,45,60,33,43,37,28,36,76,49,8,34,24,73,97,63,40,25,42,78,50,0
System-945,57,33,10,80,39,60,2,1,33,93,67,79,16,56,92,59,33,8,47,48,21,70,16,70,64,85,76,49,0
System-946,93,89,97,98,86,85,86,88,80,86,84,93,81,82,85,93,84,96,93,84,89,99,80,94,82,92,84,88,1
System-947,80,55,56,40,60,74,37,40,60,19,57,63,17,42,35,34,93,19,65,74,32,59,73,61,49,87,72,54,0
System-948,20,52,0,88,48,2,79,36,87,80,24,48,82,57,65,50,44,27,4,64,7,52,24,73,70,17,2,45,0
System-949,51,25,63,41,11,51,74,48,67,89,31,68,75,32,18,92,73,7,12,81,14,68,63,16,25,47,64,48,0
System-950,73,21,40,29,72,79,44,15,67,18,64,12,3,18,37,80,30,94,48,32,39,77,59,42,46,94,40,47,0
System-951,63,13,48,28,86,59,55,11,74,55,55,65,50,71,16,41,73,71,29,12,97,80,86,40,47,10,2,50,0
System-952,79,25,27,41,94,36,18,34,85,10,58,39,31,49,8,26,76,89,5,27,76,63,11,1,62,0,42,41,0
System-953,24,39,78,89,68,65,79,58,46,32,30,27,38,45,78,47,22,6,36,99,49,22,5,74,80,42,87,51,0
System-954,90,80,89,96,95,84,95,84,89,90,85,90,84,99,86,80,88,80,96,80,85,83,89,80,84,88,93,87,1
System-955,95,86,80,89,83,92,85,84,82,80,99,87,85,82,82,82,88,93,91,99,83,81,84,92,95,94,87,87,1
System-956,74,47,79,56,31,11,84,16,17,57,63,21,33,43,41,1,35,84,97,8,88,98,4,26,55,50,50,47,0
System-957,56,1,88,15,27,54,8,54,22,75,47,62,9,71,81,2,62,44,18,95,18,27,66,9,80,30,54,44,0
System-958,25,71,69,61,68,76,11,36,35,62,96,35,62,86,19,85,89,79,74,2,46,73,62,62,75,58,0,56,0
System-959,7,0,77,11,81,7,95,96,8,70,31,31,9,36,70,13,14,50,46,44,0,56,63,97,70,11,76,43,0
System-960,19,92,60,82,21,29,33,67,11,94,32,52,8,74,75,92,55,66,47,28,83,41,93,10,6,2,23,48,0
System-961,55,99,47,13,96,1,91,1,72,86,86,17,90,8,6,0,18,85,29,15,81,71,75,90,43,75,93,53,0
System-962,46,79,29,15,94,35,96,64,69,12,15,99,52,21,75,59,25,92,5,41,90,99,11,28,24,38,42,50,0
System-963,61,66,57,82,67,27,10,47,25,61,3,81,38,41,4,31,61,10,94,82,71,2,79,74,94,94,53,52,0
System-964,62,7,84,30,44,49,62,65,85,90,54,54,71,86,46,29,25,79,77,91,47,44,42,16,35,59,85,56,0
System-965,6,73,25,52,96,18,79,29,35,43,28,23,35,43,21,63,0,41,63,96,74,22,83,39,57,23,93,47,0
System-966,4,51,63,31,6,13,14,88,23,54,68,43,20,53,30,58,6,30,38,9,13,57,93,13,74,67,88,41,0
System-967,93,86,80,88,96,85,81,99,90,94,92,80,89,97,98,92,99,81,96,89,85,92,95,94,90,94,98,91,1
System-968,86,83,82,80,90,87,83,90,87,80,98,86,87,80,87,96,86,99,84,98,84,97,92,86,87,97,98,89,1
System-969,84,19,98,87,87,20,62,56,35,95,49,56,95,28,46,1,49,92,96,13,11,69,24,81,34,97,53,57,0
System-970,18,55,0,46,47,15,29,23,1,56,73,30,15,22,1,8,92,74,6,55,22,81,70,61,5,20,15,35,0
System-971,0,96,78,16,2,12,27,91,67,69,51,13,89,54,37,7,11,45,21,48,77,26,83,40,99,52,74,48,0
System-972,3,34,91,16,47,98,50,53,12,23,39,24,57,26,60,5,12,53,73,26,28,87,43,56,31,63,96,45,0
System-973,21,20,47,88,90,62,66,72,86,27,84,31,77,2,36,63,41,68,55,82,70,40,25,27,69,69,53,54,0
System-974,11,63,11,48,44,98,77,62,58,26,62,72,65,24,20,40,14,43,46,5,19,73,47,69,21,87,70,47,0
System-975,97,53,81,15,2,21,33,66,25,36,54,49,52,78,64,73,44,50,90,56,82,14,55,90,19,45,98,53,0
System-976,85,90,14,94,41,30,99,62,18,56,95,25,13,69,46,10,95,31,12,89,34,49,7,95,55,84,6,52,0
System-977,50,47,38,19,10,43,65,55,43,25,5,85,24,42,97,69,8,11,39,90,86,81,68,14,6,92,31,46,0
System-978,74,25,99,45,86,92,70,90,6,66,94,79,71,9,8,73,79,90,69,39,81,71,18,87,40,27,74,62,0
System-979,40,42,90,57,97,19,64,10,20,6,70,67,56,62,39,16,57,59,84,20,39,2,28,39,13,11,56,43,0
System-980,93,86,90,84,82,85,83,95,83,87,88,80,91,85,98,82,88,86,94,83,80,91,81,80,93,85,97,87,1
System-981,91,80,97,88,93,88,89,88,83,82,82,96,91,89,96,95,84,82,89,81,93,95,84,87,89,99,88,89,1
System-982,86,64,79,98,49,91,30,31,50,43,76,21,14,63,20,67,30,23,80,51,3,21,56,75,19,30,58,49,0
System-983,92,86,89,83,96,97,82,80,83,88,91,93,82,90,92,98,91,90,83,88,83,98,93,92,97,89,82,89,1
System-984,39,9,76,5,53,81,82,47,56,45,86,71,26,92,83,14,85,4,57,91,6,3,10,11,72,19,88,49,0
System-985,70,13,37,28,47,55,0,12,1,82,48,70,69,71,15,32,11,90,70,51,65,16,27,54,31,34,11,41,0
System-986,71,13,50,61,89,18,68,81,57,38,86,9,31,84,25,3,20,38,42,14,78,81,72,19,79,40,40,48,0
System-987,38,19,43,28,90,62,60,36,84,34,40,98,84,5,53,30,45,39,29,96,67,2,14,89,4,32,24,46,0
System-988,67,69,41,68,84,16,80,62,99,28,51,97,61,51,44,15,77,99,94,15,41,45,26,47,66,3,18,54,0
System-989,21,90,6,64,57,37,43,67,65,69,23,33,22,24,44,22,45,12,1,18,82,62,13,66,15,39,14,39,0
System-990,96,81,80,90,90,97,91,88,86,91,88,88,98,91,80,98,83,80,97,85,96,80,98,95,95,94,89,90,1
System-991,76,36,39,85,86,96,4,59,85,87,49,22,46,15,71,45,35,25,17,78,15,42,22,63,85,81,48,52,0
System-992,2,24,77,10,58,88,3,18,20,81,12,62,50,47,55,8,78,70,93,38,31,39,36,48,57,68,82,46,0
System-993,39,56,93,64,88,69,54,93,54,83,1,69,39,33,61,77,17,10,60,38,7,69,16,6,28,51,68,50,0
System-994,14,0,99,84,1,66,4,35,62,27,50,18,9,53,60,19,13,30,16,25,44,53,41,6,76,7,3,34,0
System-995,90,97,94,81,95,97,95,84,88,88,91,94,81,99,88,97,85,92,88,96,84,89,84,81,92,96,86,90,1
System-996,85,87,88,91,99,88,96,95,83,83,91,82,85,96,89,92,98,86,96,91,97,82,82,96,80,81,94,89,1
System-997,95,87,99,94,85,98,94,97,98,88,89,98,86,90,97,95,96,87,97,83,85,82,96,81,90,85,82,91,1
System-998,18,99,41,83,91,17,48,40,49,22,21,16,57,63,0,33,73,52,55,56,7,35,87,44,87,44,69,48,0
System-999,87,53,77,45,6,44,96,35,16,6,26,66,11,72,90,78,62,87,57,2,4,89,73,26,87,11,92,52,0